company_id,company_name,news_title,news_text,news_url,posted_at
12772,코스콤넷,"자본시장 안정성 첨병 ‘코스콤스탁넷’, 32년간 무사고 기록","자본시장 안정성 첨병 ‘코스콤스탁넷’, 32년간 무사고 기록코스콤이 서비스 중인 금융투자업무 전용 통신망 스탁넷(Stock-NET)이 가동 이후 32년간 단 한 번도 중단된 사례 없이 지금까지 완벽하게 서비스 가동중이다. 26일코스콤에 따르면 스탁넷은 지난 2000년 여의도 공동구 화재, 2018년 모 통신사 국사...",https://www.viva100.com/main/view.php?key=20221226010007885,
12772,코스콤넷,코스콤'스탁넷' 32년 무사고 운영 주목…자본시장 인프라 역할,"국가 기간 통신망과 플랫폼의 중요성이 갈수록 커지는 가운데코스콤의 금융투자업무 전용 통신망인 스탁넷(Stock-NET)의 무사고 서비스가 주목받고 있다. 21일 금융투자업계에 따르면코스콤이 서비스 중인 스탁넷은 2000년 여의도 공동구 화재, 2018년 모 통신사 국사 화재 시에도 중단되지 않고 32년 간...",http://news.mt.co.kr/mtview.php?no=2022122115530491332,
12772,코스콤넷,코스콤'스탁넷' 인프라 확충…거래 안정성 높인다,"코스콤의 금융투자업무 전용 통신망 스탁넷이 32년 ‘무사고’ 기록을 달성했다. 22일코스콤에 따르면 스탁넷은 1991년 10월 처음 가동에 들어간 이후 한 차례의 중단 사고 없이 32년간 서비스를 유지했다. 스탁넷은 한국거래소와 금융투자협회, 증권회사, 선물회사, 기관투자가 등을 연결해주는 초고속...",https://www.hankyung.com/finance/article/2022122248361,
12772,코스콤넷,"코스콤‘스탁넷’, 31년째 멈춤 없이 정상 운영","코스콤이 서비스 중인 스탁넷(Stock-NET)이 ‘무중단 운영’, ‘고객서비스 강화’ 등을 앞세우며 자본시장 네트워크 인프라 허브(HUB) 자리를 지키고...코스콤은 고객 요구사항제공과 24시간, 365일 무중단 서비스로 성능과 안정성을 보장하고 있다.코스콤은 스탁넷 운영의 최우선 원칙으로 ‘무중단’을...",https://biz.chosun.com/stock/stock_general/2022/09/30/GES4W75YYNHPDIJ57ZVI3N6XHU/?utm_source=naver&utm_medium=original&utm_campaign=biz,
12772,코스콤넷,"코스콤자본시장 네트워크 허브 '스탁넷', 천재지변에도 끄떡없다",아주경제=이재빈 기자 fuego@ajunews.com코스콤이 서비스 중인 금융투자업무 전용 통신망 스톡넷(Stock-NET)이 무중단 운영'과 '고객서비스 강화 등을 앞세우며 자본시장 네트워크 인프라 허브(HUB) 자리를 굳건히 지키고 있다. 29일코스콤에 따르면 최근코스콤은 스톡넷 서비스를 강화하고 자본시장 네트워크...,https://www.ajunews.com/view/20220929130802736,
12772,코스콤넷,"코스콤""서비스질 향상""…네크워크개발팀 신설",코스콤(사장 홍우선)이 네트워크 서비스 품질 개선을 위해 조직 개편을 단행했다. 29일코스콤에 따르면코스콤IT인프라사업본부가 네트워크서비스부 내 네트워크개발팀을 신설하는 등 조직 개편을 진행했다. 이로써 기존 2개 팀(네트워크운용팀·네트워크지원팀)으로 구성됐던 네트워크서비스부는 3개...,https://www.sedaily.com/NewsView/268PL6FNKS,
12772,코스콤넷,"아이지넷,코스콤-미래에셋 핀테크 펀드 2호 기업 선정",사진=코스콤. [넥스트데일리 이상원기자] 국내 최초 보험비교 O2O(Online-to-Offline)서비스인 ‘마이리얼플랜’을 출시한 아이지넷이코스콤과 미래에셋이 결성한 핀테크 펀드의 2호 기업으로 선정됐다.코스콤(구 한국증권전산)과 미래에셋은 8일 응용SW 개발 및 공급업체인 아이지넷을 핀테크 펀드 2호...,http://www.nextdaily.co.kr/news/article.html?id=20160711800071,
12772,코스콤넷,코스콤사장 최종후보에 정연태 前 한국멀티넷 사장(상보),"정연태 전 한국멀티넷 사장이코스콤차기 사장 최종후보로 선정됐다.코스콤사장추천위원회는 19일 후보면접을 실시해 정연태 전 한국멀티넷 사장을차기 사장 후보로 추천했다고 밝혔다. 정연태 전 한국멀티넷 사장은 경북 울진(1956년생) 출신으로 휘문고와 한양대 금속공학과, 미국 스티븐스 공대...",https://n.news.naver.com/mnews/article/013/0001952389?sid=101,
12772,코스콤넷,“펀드사무 수기 작성 관행 바꾸자” 간접투자시장도 디지털화 시동,자본시장 백오피스를 지원하는 한국예탁결제원과코스콤역시 관련 사무의 디지털화에 공을 들이고 있다. 예결원에서는 지난해말 '펀드넷' 도입 20주년을 맞아 발전 방안 모색에 한창이다. 2021년에는 벤처넷을 만들어 비상장 자산 투자지원 플랫폼 등으로 영역을 확장했다.코스콤역시 2020년에야 펀드서비스를...,https://www.etnews.com/20240424000262,
12772,코스콤넷,"[제3회 스마트금융 대상]코스콤사장상-카스투게더, '자동차를 이용한 토큰증권...",모빌리티 토큰증권발행(STO) 기업 카스투게더(대표 하재준)의 '자동차를 이용한 토큰증권 발행'이 제3회 스마트금융대상에서코스콤사장상을 수상했다. 기존에 시장에 없던 차량장기렌트 투자시장을 새롭게 마련해 투자자들에게 다양한 투자 선택권을 부여하고 수익을 창출할 기회를 늘렸다는 혁신성을...,https://www.etnews.com/20231115000082,
