company_id,company_name,news_title,news_text,news_url,posted_at
8244,디지탈와이드칼라,제60회 무역의날 수출의탑 수상기업 명단,(주)베스트디지탈대 표 최병진 82 (주)본코스메틱 대 표 신인호 83 (주)비바웨이브 대 표 허재석 84 (주)삼영비앤에프 대 표 이선용 85 (주)서원양행 대... 피엑스지어패럴월드와이드(유) 대 표 신재호 52 하나금속(주) 대 표 김덕규 53 한미전선 주식회사 대 표 성병경 54 한일너클프레스(주) 대 표 서영대...,https://www.smarttoday.co.kr/news/articleView.html?idxno=39219,
8244,디지탈와이드칼라,"[소식]경기중소기업청, 수출유망중소기업 선정","김성찬), ㈜에스티와이드(대표 이강우), 아이에스테크놀로지㈜(대표 유갑상), ㈜제이앤엘(대표 임수진), 주식회사 지비티코리아(대표 류선용)... 엘리온디지탈㈜(대표 박호성), 다담마이크로㈜(대표 전익수), 풍광기계㈜(대표 장익순), ㈜유니테크(대표 이상용), 세원시스템벤트㈜(대표 안정헌), 동성식품(대표...",https://n.news.naver.com/mnews/article/003/0003569831?sid=102,
8244,디지탈와이드칼라,[신설법인현황] 신설법인현황 1월27일 ~ 2월2일,월드와이드비젼이십일ㆍ이명숙ㆍ각종스포츠대회 및 포럼 주최 대행업ㆍ50ㆍ서대문구 미근동 320 오진빌딩 501호... 4층디지탈아이티에스ㆍ정종율ㆍ교통정보 표지판 제조 및 설치업ㆍ100ㆍ구로구 천왕동 9-11 마이크로21ㆍ백영기ㆍ각종문구용지 및 필기구제조 판매업ㆍ650ㆍ용산구 신계동 40-6...,https://n.news.naver.com/mnews/article/011/0000021279?sid=101,
8244,디지탈와이드칼라,[신설법인현황] 신설법인현황 12월2일 ~ 8일,"806호와이드종합물류ㆍ이상열ㆍ복합운송 주선업ㆍ300ㆍ중구 북창동 35 우성빌딩 501호 우성마리타임ㆍ""홍용찬, 차수웅... 514호디지탈모션ㆍ""정일용, 이형석""ㆍ컴퓨터 주변기기 도소매업ㆍ100ㆍ영등포구 당산동 171-25 계명오피스텔 501호 매크로액세스ㆍ이소학ㆍ인터넷 쇼핑몰ㆍ100ㆍ강서구...",https://n.news.naver.com/mnews/article/011/0000012606?sid=101,
8244,디지탈와이드칼라,[표] 신설법인 (8월22~30일)...서울(유통),"302호와이드위성 이종호 300 통신판매 / 문정동 81-6 방송 보훈공영 윤주식 300 토ㆍ석채취ㆍ판매 / 신길동 65-31 유상시스템 서성인 50... 하나디지탈김명옥 50 컴퓨터 판매 / 서초동 1445-3 국제전자센 타 6층 60호 대광건화 이중원 50 건강보조식품,화장품,세제류 도소매 / 화 곡동 1116-3 유산아이...",https://n.news.naver.com/mnews/article/009/0000146038?sid=101,
8244,디지탈와이드칼라,[ 신설법인 현황 ] (2000년 10월2일 ~ 7일) 서울 <3>,컴퓨터) 서초동 1308의4 실버타운오피스텔806호 *미래디지탈텔레콤(이경묵.50.정보통신기기) 대치동 995의22 *미주텔레콤(천성준.300.인터넷폰)... 조명기구) 연지동 157 연세빌딩 *와이드웨이(김중만.50.전자부품) 성수 2가 1동 302의21 *유원이앤씨(박팔영.50.전기설비) 논현동 67의12 유원빌딩...,https://n.news.naver.com/mnews/article/015/0000288236?sid=101,
