company_id,company_name,news_title,news_text,news_url,posted_at
6482,신명유아이,"[포토]신명유아이·선진종합건설, 나주시에 고향사랑기부 동참",▲ 나주시 산포면 향우신명유아이(주) 남윤채 대표(왼쪽)와 다도면 향우 ㈜선진종합건설 김연식 대표(오른쪽)가 고향사랑기부제 최고 한도 금액인 500만 원을 나주시에 기탁한 뒤 윤병태 나주시장과 기념촬영을 하고 있다. [나주시 제공] KPI뉴스,https://www.kpinews.kr/newsView/1065571605107548,
6482,신명유아이,"고려시멘트, 상근 감사에 이기환신명유아이사장 선임",고려시멘트는 전남개발공사 비상임이사이자신명유아이사장인 이기환씨를 상근 감사로 신규 선임했다고 9일 공시했다. 고려시멘트는 이날 주주총회를 열고 이씨를 감사에 선임하는 안건을 원안대로 승인했다.,http://www.newsis.com/view/?id=NISX20220509_0001864154&cID=10401&pID=10400,
6482,신명유아이,지역 SW 융합 R&D 우수성과기업에신명유아이등 5곳 선정,미래창조과학부는 18일 대전정보문화산업진흥원에서 개최한 ‘2015년도 지역 소프트웨어(SW) 융합 R&D 성과보고회’를 통해신명유아이등 5곳이 우수성과 기업으로 선정했다고 밝혔다.신명유아이는 세계 최초로 지하시설물 관로 지상 자동화 추적·탐사 로봇을 개발한 업체다. 또한 국내 최초 해양오염...,http://www.ddaily.co.kr/news/article.html?no=138385,
6482,신명유아이,[12일 낙찰/계약 동향] 2019학년도 퇴계원중 별관 화장실 환경개선공사 건설폐...,"2019년 파주시 공간정보(상수도) 변동자료 구축용역(2차분) 계약을 제한경쟁 방식으로신명유아이주식회사 - 경기도 파주시 환경수도사업단간 계약금액 325,546,000(원)으로 계약을 체결했다. 경로당 물품(안마의자) 렌탈 계약을 수의계약 방식으로 멘토 (주) - 강원도 정선군간 계약금액 9,345,000(원)으로...",http://www.fintechpost.co.kr/news/articleView.html?idxno=98761,
6482,신명유아이,"보성군, 지적재조사 측량수행자 선정","보성군은 ""올해 지적재조사 사업지구(복내 반석2지구, 복내 용전지구, 회천 회령 1․2지구)에 대해 지적재조사 측량 및 토지현황 조사 대행을 한국국토정보공사와신명유아이(주)로 선정했다""고 18일 밝혔다.(사진_송상교기자) 보성군(군수 김철우)은 ""올해 지적재조사 사업지구(복내 반석2지구, 복내 용전지구...",http://www.sisamagazine.co.kr/news/articleView.html?idxno=350226,
6482,신명유아이,"보성군, 지적 재조사사업지구 측량 수행자 선정","한국국토정보공사·신명유아이(주) 전남 보성군은 올해 지적 재조사 사업지구(복내 반석2지구, 복내 용전지구, 회천 회령 1․2지구) 측량 및 토지 현황 측량 수행자를 한국국토정보공사와신명유아이(주)로 선정했다고 18일 밝혔다. 지적 재조사 사업은 2030년까지 지적 공부 경계와 토지 현황 경계가 불일치한...",http://www.smartfn.co.kr/view.php?ud=20210318101113447602c37af707_46,
6482,신명유아이,"나주시 산포·다도면 향우, 고향사랑기부 최고 한도 금액 쾌척",전남 나주시(시장 윤병태)는 산포면 향우신명유아이㈜ 남윤채 대표와 다도면 향우 ㈜선진종합건설 김연식 대표가 고향사랑기부제 최고 한도 금액인 500만 원을 각각 기탁했다고 20일 밝혔다. 고향사랑기부에 동참한 향우들은 “고향 나주의 발전을 위해 조금이라도 도움이 되고 싶었다.”라며...,http://www.g-enews.com/ko-kr/news/article/news_all/20231221102525304977ccf60337_1/article.html,
6482,신명유아이,"보성군, 지적재조사 측량수행자 선정","전남 보성군은 올해 지적재조사 사업지구(복내 반석2지구, 복내 용전지구, 회천 회령 1․2지구)에 대해 지적재조사 측량 및 토지현황 조사 대행을 한국국토정보공사와신명유아이(주)로 선정했다고 밝혔다. 측량수행자는 지적측량 기술자, 측량장비, 재정상태, 수행계획서 등을 종합적으로 평가하여 선정했다....",http://www.thebigdata.co.kr/view.php?ud=20210320155949766748287effd3_23,
6482,신명유아이,"[16일 낙찰/계약 동향] 원덕(옥원정수장), 근덕(동막정수장) 상수도시설 정밀...","▲ 낙찰업체 :신명유아이주식회사, 계약금액 : 15,740,000(원), 계약명 : 선교 도시개발사업 부지조성공사 하수도 공공측량용역. 계약기관 : 광주광역시 동구, 계약일자 : 2020-05-15, 계약방법 : 수의계약, 발주처(수요기관) : 광주광역시 동구, 계약 :신명유아이주식회사 - 광주광역시 동구 (선교...",http://www.fintechpost.co.kr/news/articleView.html?idxno=114000,
6482,신명유아이,"[22일 낙찰/계약 동향] 2020년도 CS품질 측정 및 CS 코칭 용역, 군문유치원 엘...","▲ 낙찰업체 :신명유아이주식회사, 계약금액 : 20,653,000(원), 계약명 : 송광 덕동 지방상수도 시설공사 GIS DB구축 용역. 계약기관 : 전라남도 순천시 맑은물관리센터, 계약일자 : 2020-04-20, 계약방법 : 수의계약, 발주처(수요기관) : 전라남도 순천시 맑은물관리센터, 계약 :신명유아이주식회사 - 전라남도...",http://www.fintechpost.co.kr/news/articleView.html?idxno=110319,
