company_id,company_name,news_title,news_text,news_url,posted_at
4452,피벗크리에이티브,"대한상의-중기부, ‘제2회 중소기업 복지대상’ 개최…피벗크리에이티브·오...","이날 시상식에서 중기부 장관상에 ‘피벗크리에이티브’와 ‘오직’이 수상했고 ‘아라’, ‘스타스테크’, ‘씨케이스택’, ‘이노테스’, ‘비즈그라다’, ‘더블다운게임즈’, ‘지로보틱스’, ‘헥사베일’ 등 8개사는 대한상의 회장상을 받았다. 중소기업 복지대상은 근로자 복지수준 향상에 앞장선...",https://biz.newdaily.co.kr/site/data/html/2023/12/15/2023121500006.html,
4452,피벗크리에이티브,"""문화다양성은 한류콘텐츠의 미래 방향""","무엇보다 영상콘텐츠의 현지화 과정에서 언어, 문화적 차이와 장애가 콘텐츠를 즐기는 것에 방해가 되지 않도록 해야 한다면서 '쇼 가이드와크리에이티브레터', '피벗랭귀지와 주석'의 중요성을 강조했다. 전자는 원작의 갈등 요소와 이를 풀어내는 문화적 장치, 인물의 성격, 특징에 대한 별도의 해설을...",https://www.mhns.co.kr/news/articleView.html?idxno=583814,
4452,피벗크리에이티브,"대한상의-중기부, '제2회 중소기업 복지대상' 시상식 개최","대한상의에 따르면 올해는 중기부 장관상에 ㈜피벗크리에이티브와 오직㈜를 선정했다. 또 ㈜아라, ㈜스타스테크, 씨케이스택㈜, ㈜이노테스, 비즈그리다(주), ㈜더블다운게임즈, ㈜지로보틱스, ㈜헥사베일 등 8개사에게는 대한상의 회장상을 전달했다. 중소기업 복지대상은 근로자 복지수준 향상에 앞장선...",http://www.econonews.co.kr/news/articleView.html?idxno=317843,
4452,피벗크리에이티브,"[재계는 지금] 삼성전자, 한국통신학회와 논문 DB 업무 협약 체결 外","이날 시상식에서피벗크리에이티브와 오직이 중기부 장관상을, 아라, 스타스테크, 씨케이스택, 이노테스, 비즈그라다, 더블다운게임즈, 지로보틱스, 헥사베일 등 8개사가 대한상의 회장상을 받았다. 심사위원장인 최명길 중앙대 교수는 ""올해 수상 기업은 정성평가와 정량평가를 종합해 선정했다...",https://dealsite.co.kr/articles/114838,
4452,피벗크리에이티브,"이노레드, 부산국제마케팅광고제서 은상 등 3관왕 수상","소셜&인플루언서,피벗, 지속가능발전목표 부문 등 총 11개 부문에서 파이널리스트로 이름을 올렸다. '바비톡 가상 성형 시뮬레이션 캠페인'은 가상... 무대에서크리에이티브를 인정 받아오고 있다. 또한 글로벌 광고제에서 첫 본상 수상을 하게 된 '버거킹 치킨킹 패션위크 캠페인'은 통 닭다리살 치킨...",https://www.dt.co.kr/contents.html?article_no=2023082802109923065002&ref=naver,
4452,피벗크리에이티브,"불확실한 미래, 그래도 건재한 '틱톡'","크리에이티브마케팅 에이전시인 크리스핀 포터(Crispin Porter) 및 보구스키(Bogusky)의 그룹 미디어 디렉터인 다나 부식(Dana Busick)은 ""우리는 과거에도... 움직임을 계속 면밀히 모니터링하고 있으며, 금지 조치가 임박한 것으로 보이면 항상 고객에게 예산 전환 및피벗방법에 대한 계획을 제공것이다""고 말했다.",https://seoultimes.news/%eb%b6%88%ed%99%95%ec%8b%a4%ed%95%9c-%eb%af%b8%eb%9e%98-%ea%b7%b8%eb%9e%98%eb%8f%84-%ea%b1%b4%ec%9e%ac%ed%95%9c-%ed%8b%b1%ed%86%a1/,
4452,피벗크리에이티브,"[토큰포스트 브리핑] 연준 부의장 ""당분간 통화정책 충분히 제한할 필요"" 外","미국 인플레이션이 완화됨에 따라 연준의피벗가능성이 대두되지만 2020년부터 양적완화로 인해 BTC가 사상 최고가를 기록한 것처럼 이번에도... [문페이, 웹3 스튜디오 나이트시프트 인수] 더블록에 따르면 암호화폐 결제 스타트업 문페이(MoonPay)가 웹3크리에이티브스튜디오 나이트시프트...",https://www.tokenpost.kr/article-120073,
4452,피벗크리에이티브,[오전 주요 국제금융뉴스] (16일),"https://news.einfomax.co.kr/news/articleView.html?idxno=4189093 ▲로블록스, 11월 실적 둔화에 주가 9% 추락 - 소셜 게임과크리에이티브플랫폼인... https://news.einfomax.co.kr/news/articleView.html?idxno=4189091 ▲NYT가 바라본 '파월피벗' 이유는 - 12월 연방공개시장위원회(FOMC)가 강한 매파 성향을...",http://news.einfomax.co.kr/news/articleView.html?idxno=4189196,
4452,피벗크리에이티브,"부산국제광고제, 본선 진출작 1651편 발표","부문별로는 지난해와 마찬가지로 필름(Film) 부문이 246편으로 가장 많았으며, 코로나19 스페셜로 신설된피벗(Pivot) 부문에도 53편이 올랐다. 올해... 광고산업과크리에이티브변화상을 전망할 수 있는 좋은 기회가 될 것""이라고 전했다. 한편, 부산국제광고제는 올해 예상보다 많은 작품이 출품되면서 당초...",http://www.fnnews.com/news/202008040916503622,
4452,피벗크리에이티브,"[데일리 IT 단신] SKT, UAM 기반 '넷 제로 엑스포' 개최 추진 外","각각 데이터 퍼포먼스와크리에이티브정상에 위치한 플레이디와 오리콤이 또 다른 정상에 도전하는 마케팅 파트너사에게 전문 안내자 역할을... 특히, 3면 베젤리스 디자인으로 깔끔하고 세련된 외관은 물론피벗, 엘리베이션, 스위블, 틸트 등 다양한 기능을 사용할 수 있는 멀티스탠드를 제공해...",https://biz.newdaily.co.kr/site/data/html/2023/02/06/2023020600077.html,
