company_id,company_name,news_title,news_text,news_url,posted_at
2209,바른번역,"부평구, 초등학생 대상 ‘건강한 미래 위한바른먹거리 교육’ 실시",부평구가 오는 10일부터 다음 달 21일까지 지역 내 초등학생들을 대상으로 ‘건강한 미래를 위한바른먹거리 교육’... *아래는 위 기사를 '구글번역'으로번역한 영문기사의 [전문]입니다.‘구글번역’은 이해도 높이기를 노력하고...,http://www.breaknews.com/1030859,
2209,바른번역,"바오밥성형외과, 씀씀이가바른병원 캠페인 동참",예천군 호명면에 위치한 바오밥성형외과(원장 김기호)가최근 대한적십자사의‘씀씀이가바른병원’캠페인에... <구글번역으로번역한 영문 기사의 전문 입니다.번역에 오류가 있을 수 있음을 밝힙니다.> Baobab Plastic Surgery participates in the...,http://www.breaknews.com/1026951,
2209,바른번역,"[르포]""젊은 외국인 몰린다""…K뷰티 필수 코스된 '이곳'","장원영이바른촉촉한 립이 예뻐서 관심갖게 됐다""고 말했다. 또 외국인 방문객들은 다양한 향수제품이 진열된 '프래그런스바'에서 시향하는가 하면... 지난달엔 16개 언어 통역이 가능한 휴대용번역기를 전국 올리브영 매장에 도입했다. 올리브영 관계자는 ""문화, 예술, 쇼핑 콘텐츠가 조화롭게 어우러진...",http://news.bizwatch.co.kr/article/consumer/2024/05/08/0044,
2209,바른번역,"시흥도시공사, ‘시니어모델워킹 무료 특강’ 행사 개최","'시니어모델워킹' 강좌를 통해 바르게 걷는 방법뿐만 아니라 실생활에 필요한 체형관리와바른자세 교정, 이미지... 아래는 위 기사를 '구글번역'으로번역한 영문 기사의 [전문]입니다. '구글번역'은 이해도를 높이기를 위해 노력하고...",http://www.breaknews.com/1031657,
2209,바른번역,"하이텍건설㈜, 적십자 ‘씀씀이가바른기업’ 캠페인 참여","경산시 백천동에 위치한 하이텍건설㈜(대표이사이종화)가대한적십자사의‘씀씀이가바른기업’캠페인에 참여했다.... <구글번역으로번역한 영문 기사의 전문 입니다.번역에 오류가 있을 수 있음을 밝힙니다.> Hitec Construction Co., Ltd....",http://www.breaknews.com/1024614,
2209,바른번역,"단양군농업기술센터, ‘24년 특산물 활용 농업가치 기반바른식문화 교육 수...",기반바른식문화 교육’ 수료식을 마쳤다고 밝혔다. 이번 교육은 쌀로 만든 디저트에 관심있는 향토음식연구회원... (아래는 위 기사를 '구글번역'으로번역한 영문 기사의 [전문]입니다. '구글번역'은 이해도 높이기를 위해 노력하고...,http://www.breaknews.com/1024374,
2209,바른번역,"㈜주영산업, 적십자 씀씀이가바른기업 캠페인 참여","경산시 와촌면에 위치한 ㈜주영산업(대표이사박정구)에서 최근 대한적십자사의 씀씀이가바른기업 캠페인에... <구글번역으로번역한 영문 기사의 전문 입니다.번역에 오류가 있을 수 있음을 밝힙니다.> Jooyoung Industrial Co., Ltd....",http://www.breaknews.com/1020316,
2209,바른번역,"단양군농업기술센터, ‘24년 농업가치 기반바른식문화 교육 진행",단양군농업기술센터는 3월 5일부터 27일까지 ‘2024년 농업가치 기반바른식문화 교육’을 실시한다. 이번 교육은... (아래는 위 기사를 '구글번역'으로번역한 영문 기사의 [전문]입니다. '구글번역'은 이해도 높이기를 위해 노력하고...,http://www.breaknews.com/1019931,
2209,바른번역,정본화된 이순신의 《난중일기》 참된 의미는바른길잡이,이순신대중화에바른길잡이가 되고자 하는 것이다. skku1001@naver.com *필자/노승석 고전학자. 문화재 전적 전문가. 전 유네스코 세계기록유산 자문위원(난중일기). *아래는 위 기사를 '구글번역'으로번역한 영문 기사의 [전문]입니다....,http://www.breaknews.com/1018036,
2209,바른번역,"보성엔지니어링, 대한적십자 '씀씀이가바른기업' 캠페인에 동참","대한적십자사 대구지사는 보성엔지니어링(대표 김상환, 북구 노원동3가 소재)이 ‘씀씀이가바른기업’ 캠페인에... <구글번역으로번역한 영문 기사의 전문 입니다.번역에 오류가 있을 수 있음을 밝힙니다.> The Daegu branch of the Korean Red Cross...",http://www.breaknews.com/1016289,
