company_id,company_name,news_title,news_text,news_url,posted_at
9230,인스토어앤글로벌컨설팅,경쟁사 이직 후 前직장 정보 빼낸 일당 유죄,함께 기소된 비아코리아 직원 정모씨(36)와인스토어앤글로벌컨설팅직원 민모씨(37)는 각각 벌금 500만원을 선고받았다. 국내 대형 유통할인점을 상대로 할인쿠폰 영업을 하는 씨엠에스의 직원이던 이들은 2011~2012년 경쟁업체인 비아코리아와인스토어앤글로벌컨설팅으로 이직했다. 이후 전 직장의 직원...,http://www.mt.co.kr/view/mtview.php?type=1&no=2013082317230354297&outlink=1,
9230,인스토어앤글로벌컨설팅,경쟁사 이직 후 정보 빼낸 직원 유죄,또 함께 기소된 비아코리아 직원 정모씨(36)와인스토어앤글로벌컨설팅직원 민모씨(37)는 각각 벌금 500만원을 선고했다. 비아코리아와 인스토어글로벌은 지난해 2월에 있었던 `대형 마트의 쿠폰 서비스 선정' 입찰을 앞두고 국내 할인쿠폰기업인 씨엠에스의 직원 10명과 4명을 각각 스카우트해 4개월 동안...,http://www.dt.co.kr/contents.html?article_no=2013082302019960786003,
9230,인스토어앤글로벌컨설팅,[책꽂이] 거의 모든 죽음의 역사 外,"△미국 서부산악지역 자동차 여행(정명자)=여행 중 교통사고로 숨진 여행작가이자 교사였던 저자가 자동차로 여행하며 포착한 아이다호, 유타 등 미국 서부 풍광(인스토어앤글로벌컨설팅·1만6000원). △습관부터 바꿔라(전옥표)=연간 600여회 강의를 하는 직장인 멘토에게 듣는 성공을 위한 습관 키우기....",http://news.kukinews.com/article/view.asp?page=1&gCode=kmi&arcid=0005223822&cp=nv,
9230,인스토어앤글로벌컨설팅,[BOOK]7월 다섯째주 신간 소개,인스토어앤글로벌컨설팅. 정명자ㆍ유일상 지음. 1만6000원. ◆대부=영화 '대부'가 개봉한 게 1972년이니 꼬박 40년 만이다. '대부'의 시나리오와 그 제작과정을 낱낱이 담은 책이 나왔다. 마리오 푸조가 이 작품을 쓰지 않으려 했던 사연과 어떤 영화사와 감독도 이 작품을 만들려 하지 않았던 일 등 '대부'에...,http://www.asiae.co.kr/news/view.htm?idxno=2011080108443179539,
9230,인스토어앤글로벌컨설팅,[책꽂이],"●미국 서부산악지역 자동차 여행(정명자·유일상 지음,인스토어앤글로벌컨설팅펴냄) 저자 정명자씨는 미국 오리건주를 여행하는 도중 교통사고로 숨졌다. 남편 유일상 건국대 교수가 아내의 메모를 다듬어 책을 완성했다. 1만 6000원. ●검은 역사 하얀 이론(이경원 지음, 한길사 펴냄) 이경원 연세대...",http://www.seoul.co.kr/news/newsView.php?id=20110730015008,
9230,인스토어앤글로벌컨설팅,<새 책>드라마 인 서울 등,"★미국 서부산악지역 자동차 여행(정명자·유일상 지음/인스토어앤글로벌컨설팅)= 미국 로키산맥을 중심으로 이 지역의 오묘한 자연지리, 서부 개척 원정대와 인디언 원주민 간의 치열한 전쟁사, 교차하는 각 문화에 대해 세심하게 관찰하고 있다. 오지와 협곡, 호수와 댐, 산악과 삼림, 초장과 사막이 번득이는...",http://www.munhwa.com/news/view.html?no=2011062401032630136002,
9230,인스토어앤글로벌컨설팅,[새책 200자 읽기] 미국서부산악지역 자동차 여행 外,"美 네바다·애리조나 등 여행기 ■미국서부산악지역 자동차 여행(정명자ㆍ유일상 지음,인스토어앤글로벌컨설팅펴냄)=태평양 표준시를 사용하는 네바다 주와 애리조나ㆍ유타ㆍ뉴멕시코ㆍ네브라스카 주 등 미국 서부 산악지역을 자동차로 달리며 살펴본 여행기록이다. 로키산맥을 중심으로 한 이 지역의...",https://n.news.naver.com/mnews/article/011/0002160749?sid=103,
