company_id,company_name,news_title,news_text,news_url,posted_at
12346,한국데이타통신,[과학기술이 미래다] 〈122〉'올림픽통신·전산화' 체신부가 주관,"WINS는한국데이타통신이 1984년 말부터 개발을 담담했다. 전자우편과 경기정보서비스, 일반정보서비스, 외부시스템 접속 등으로 구성해 세계 각국 가입자가 실시간으로 경기 결과를 검색할 수 있게 했다. 이 시스템은 1985년 4월 '에밀레'라는 이름으로 개발돼 몇 차례 시험을 거쳐 'INS'라는 명칭으로...",https://www.etnews.com/20240430000167,
12346,한국데이타통신,"데이타솔루션, 주가 급락…MS 데이터센터 소식에 촉각",MS 대변인은 이 보도에 대한 로이터통신의 논평 요청에 “우리는 항상 AI 역량의 한계를 확장하기 위해 필요한 다음 세대의 인프라 혁신을 계획하고...데이타솔루션은 앞서한국마이크로소프트와 ‘클라우드 스케일 애널리틱스(Cloud Scale Analytics) 전략적 업무협약’을 체결한 바 있다.데이타솔루션은...,http://www.thebigdata.co.kr/view.php?ud=202404150736296367cd1e7f0bdf_23,
12346,한국데이타통신,"다산데이타,한국축산데이터에 컨테이너 IDC 구축","다산데이타,한국축산데이터에 컨테이너 IDC 구축 정보통신기술 기업 다산데이타(대표: 김태경)가한국축산데이터의 컨테이너 데이터센터 내부에 '델 테크놀로지스(Dell Technologies)' 장비를 구축하고, 실시간 클러스터 모니터링 솔루션을 제공했다고 밝혔다.한국축산데이터는 가축 상태를 CCTV로 수집한...",https://www.aitimes.kr/news/articleView.html?idxno=30792,
12346,한국데이타통신,"다산데이타,한국축산데이터에 컨테이너 IDC 구축","정보통신기술 기업 다산데이타가한국축산데이터의 컨테이너 데이터센터 내부에 '델 테크놀로지스(Dell Technologies)' 장비를 구축하고, 실시간 클러스터 모니터링 솔루션을 제공했다고 밝혔다.한국축산데이터는 가축 상태를 CCTV로 수집한 데이터와 채혈, 수의사의 검진 소견 등을 종합해 가축 건강을...",https://www.etnews.com/20240328000238,
12346,한국데이타통신,"다산데이타,한국축산데이터에 '컨테이너 IDC' 솔루션 제공","정보통신기술 기업 다산데이타는한국축산데이터의 컨테이너 데이터센터 내부에 ‘델 테크놀로지스(Dell Technologies)’ 장비를 구축하고, 실시간 클러스터 모니터링 솔루션을 제공했다고 28일 밝혔다.한국축산데이터 컨테이너 IDC 외부 사진 (사진=다산데이타)한국축산데이터는 가축 상태를 CCTV로 수집한...",http://www.edaily.co.kr/news/newspath.asp?newsid=03106166638827912,
12346,한국데이타통신,“M7 비싸다고 생각된다면…보안·데이터센터 AI생태계에 투자하라” [투자36...,"▶""M7 그만 사고 다른 기술株 분산투자해야""=미국의 ETF 운용사 앰플리파이의 크리스티안 마군 CEO(최고경영자)는 지난 7일한국거래소에서 가진 기자... 글로벌 ETF에선 ‘페이서데이타&인프라 RE(SRVR)’, 국내 ETF에선 'KoAct 글로벌기후테크인프라액티브 ETF'가 대표 상품으로 꼽힌다. 'KoAct...",https://news.heraldcorp.com/view.php?ud=20240510050748,2024-05-12 07:44
12346,한국데이타통신,마음AI 주가 방긋...글로벌 제품 라인업 확정 호평,아시아나IDT한국정보통신데이타솔루션 한솔인티큐브 삼성에스디에스한국정보인증 다날 소프트센 콤텍시스템 모코엠시스 엠아이큐브솔루션 케이엘넷 웨이버스 나무기술 비츠로시스 에스트래픽 토마토시스템 씨이랩 벨로크 쌍용정보통신SBI핀테크솔루션즈한국전자금융 NHN 티라유텍 소프트센우...,https://www.pinpointnews.co.kr/news/articleView.html?idxno=264439,
12346,한국데이타통신,"KMI, NICE지니데이타손잡고 해양수산 데이터 구축","이동통신데이터와 신용카드 결제 데이터를 활용해 해양·어촌관광 소비 행태를 분석하고 조만간 결과를 내놓을 예정""이라고 강조했다. NICE지니데이타김민수 대표는 ""한국해양수산개발원과 MOU를 통해 NICE지니데이타가 보유하고 있는 데이터 가공, 분석 기술이 해양수산 분야의 정책 수립과 발전에 기여할 수...",https://www.klnews.co.kr/news/articleView.html?idxno=311698,
12346,한국데이타통신,"KMI-NICE지니데이타, 해양수산 데이터 구축 업무협약","한국해양수산개발원(KMI)은 22일 서울 중구 콘퍼런스하우스 달개비에서 NICE지니데이타㈜와 '데이터 기반 해양수산 정책연구 수립'을 위한 업무협약을... 해양수산 정책연구 고도화를 위한 좋은 기회가 될 것""이라며 ""이동통신데이터와 신용카드 결제 데이터를 활용해 해양·어촌관광 소비 행태를 분석하고...",https://www.nocutnews.co.kr/news/6116256?utm_source=naver&utm_medium=article&utm_campaign=20240322033050,
12346,한국데이타통신,"상장 첫날 '접속 폭주' 에스비비테크,한국정보통신·데이타솔루션·더블유에...","/자료=한국거래소 이날한국정보통신(025770)과데이타솔루션(263800), 더블유에스아이(299170), 신한제6호스팩(333050), 유니온머티리얼(047400), 쎄노텍(222420), 인디에프(014990)도 각각 상한가인 1만7350, 5400, 2090, 2195, 3365, 2155, 698원에 장을 마감했다. 다음 달 상륙하는 애플페이 관련주로 나뉘는...",http://www.newswell.co.kr/news/articleView.html?idxno=7394,
