company_id,company_name,news_title,news_text,news_url,posted_at
296,젠피아엔지니어링,21일 청계천 잡페어…일자리 330개 제공,"이날 삼성이엔아이, ㈜긴텍스코리아, 보문효사랑병원, ㈜젠피아, ㈜대신상역엔지니어링등 23여개 기업은 경영지원본부장, 기계기술영업, 간호사, 웹디자인, 고객상담, 주차관리 등의 업무에 72명을 채용할 방침이다. 사회적일자리 참여기관인 (재)한국YMCA전국연맹, 한국소비자평가연대, (사)...",https://n.news.naver.com/mnews/article/003/0002579287?sid=102,
296,젠피아엔지니어링,[제57회 무역의 날] 3백만불탑 수상자 명단,비엠에스엔지니어링(주)▷ (주)와이지리퍼블릭▷ (주)티티엘▷ (주)이립인터내셔널▷ (주)한양씨앤씨▷ (주)동산전자▷ (주)나노텍... (주)젠피아▷ 앰텍▷ 우리테크▷ (주)에스에프인터내셔널▷ 스텝시스템(주)▷ 지디케이화장품(주)▷ 서해안영어조합법인...,http://www.weeklytrade.co.kr/news/view.html?section=1&category=3&item=&no=70056,
296,젠피아엔지니어링,"원우이엔지 등 8개 보안기업, ‘2020년 글로벌 강소기업’ 선정",전산텍스 △제일메디칼코퍼레이션 △젠피아△지오라이트루미안 △베러웨이시스템즈 △케이시시정공 △케이티앤씨 △큐라이트... 비앤지 △시지바이오 △지앤비에스엔지니어링△에이스메디칼 △프로이천 △파트라 △창대핫멜시트 △넥스틴 △신한세라믹 △창성에이스산업 △주식회사고그린라이프...,http://www.boannews.com/media/view.asp?idx=89289&kind=,
296,젠피아엔지니어링,올해 R&D 우대정책 지원받는 '글로벌 강소기업' 200곳은?,전산텍스 ▲제일메디칼코퍼레이션 ▲젠피아▲지오라이트루미안▲베러웨이시스템즈 ▲케이시시정공 ▲케이티앤씨▲큐라이트... 비앤지 ▲시지바이오 ▲지앤비에스엔지니어링▲에이스메디칼 ▲프로이천 ▲파트라 ▲창대핫멜시트 ▲넥스틴▲신한세라믹 ▲창성에이스산업 ▲주식회사고그린라이프...,http://www.newsis.com/view/?id=NISX20200528_0001039964&cID=13001&pID=13000,
296,젠피아엔지니어링,[제53회 무역의 날]1백만불탑 수상업체 명단(3),(주)젠피아정진오 1백만불탑 (주)에이스엔지니어링유인선 1백만불탑 (주)바이오제닉스 손태훈 1백만불탑 주식회사 대일테크 노의경 1백만불탑 비케이이엔지 김병곤 1백만불탑 (주) 글로툴바이오테크 이재건 1백만불탑 쿠쿠토이즈 권혁숙 1백만불탑 (주)오피아이 노일호 1백만불탑 (주)다온코리아 이윤정...,http://weeklytrade.co.kr/news/view.html?section=1&category=3&item=&no=25138,
