company_id,company_name,news_title,news_text,news_url,posted_at
7764,모두파인드,"‘엑스디너리 히어로즈’ 정규 1집 “다채로운 총 10곡,모두엑디즈스러움”",이들은 26일 정오 공식 SNS 채널에 이번 음반 작업 과정에 관해 이야기하는 영상 콘텐츠 ‘파인드트러블 인사이드’를 게재하고 앨범에 대한 남다른 애정과 컴백을 향한 자신감을 드러냈다. 그들은 “앨범명 ‘Troubleshooing’은 ‘문제 해결’이라는 뜻을 지녔다. 가상의 공간 ‘♭form’(플랫폼)...,https://sports.khan.co.kr/news/sk_index.html?art_id=202404261342003&sec_id=540301&pt=nv,
7764,모두파인드,"코치(COACH), 릴 나스 엑스 등과 함께 한 ‘파인드유어 커리지’ 캠페인 영상...","이마는 코치 패밀리들과 함께 자기 표현의 한계를 뛰어넘는 흥미진진한 새로운 세계로 우리를 안내하고 그 과정에서 우리모두에게 영감을 불어넣어 주었다”고 전했다. 한편, 코치는 ‘파인드유어 커리지(Find Your Courage)’ 캠페인에서 영상 공개 외에도 다양한 활동을 펼쳐나갈 예정이다. 퀼팅...",http://www.fashionbiz.co.kr/TN/?cate=2&recom=2&idx=205808,
7764,모두파인드,"소니코리아, 전문가와 사진 비평 토크쇼 ‘파인드알파’ 개최",온·오프라인에서 진행되는 이번 행사는 4명의 비평 참가자 외에도 30명의 현장 참관자를 별도로 모집 예정이며 비평 참가자와 현장 참관자모두에게 '파인드알파'에서만 만날 수 있는 스페셜 굿즈 등 풍성한 혜택을 제공할 예정이다. 첫 번째 이벤트는 오는 7월 6일 오후 7시 30분 성암 아트홀에서 진행되며...,https://www.ddaily.co.kr/page/view/2023051210033408628,
7764,모두파인드,글림 아티스트 콘서트 ‘파인드유 컬러’ 4월 개최…김려원·최수진 등 참여,"전원이모두참여하는 두 번째 콘서트 개최를 확정 지었다. ▲ 사진=글림아티스트 9명의 배우들이 선보이는 이번 콘서트는 다양한 작품들의 뮤지컬... 29일 콘서트에는 9명의 글림아티스트모두가 함께할 예정이다. 한편, ‘글림의 두 번째 콘서트 : Find Your Color’ 는 오는 27일 오후 3시, 7시, 28일 오후...",https://www.sportsw.kr/news/newsview.php?ncode=1065577783926440,
7764,모두파인드,교보생명 디지털마케팅 담당 임원에 남상우 전 하나금융파인드대표 영입…IT...,"교보생명이 디지털마케팅 담당임원으로 남상우 전 하나금융파인드대표를 영입했다. 교보생명이 올해 CM채널을 새로 개시하면서 활성화 중요해진 만큼... 디지털 헬스케어, 마이데이터 등 보험업계 디지털 서비스가 필수가 된 만큼 보험, IT플랫폼을모두경험한 남 상무 영업이 필요했을 것으로 분석된다.",http://www.fntimes.com/html/view.php?ud=2023120814453267658a55064dd1_18,
7764,모두파인드,최초 듀얼 잠망경 카메라 탑재 '오포파인드X7 울트라' 발표,"모두스웨덴 카메라 업체 핫셀블라드의 카메라 튜닝 기술이 적용됐다. 특히, '파인드X7 울트라'는 세계 최초 듀얼 잠망경 카메라를 탑재했다. 1/1.56인치 소니 IMX890이 장착된 65mm 3배 잠망경 카메라는 f/2.6 조리개, OIS 및 25cm에 불과한 최소 초점 거리를 제공한다. 또, 1/2.51인치 소니...",https://kbench.com/?q=node/251499,
7764,모두파인드,"티아이오티, 겨울 시즌송 '파인드더 웨이' 발매…추운 겨울 녹인다","티아이오티의 '파인드더 웨이'는 걱정과 망설임에 지치고 모든 것을 멈추려 고민하는 이들에게모두함께 계속해서 조금씩, 꾸준하게 달려나가면 찾아올 행복에 대한 희망적인 메시지를 곡 안에 담아냈다. 티아이오티 멤버들의 따뜻한 보이스가 힘든 마음에 위로를 전하면서 다시 걸어나갈 용기를 북돋워 준다....",https://www.spotvnews.co.kr/news/articleView.html?idxno=648504,
7764,모두파인드,"세무법인파인드, 'IR의 밤' 세미나 성료","세무법인파인드가 지난 12월 7일 목요일 저녁 'IR의 밤' 세미나를 개최하여 성황리 종료했다고 밝혔다. 이번 세미나는 세무법인파인드청담점에서... 분들모두가 유익한 시간을 보낼 수 있도록 최선을 다했다. 다시 한 번 세미나 참석 의사를 밝혀 주신 분들께 감사의 말씀을 드리고 싶다""고 전했다. [이넷뉴스=]",http://www.enetnews.co.kr/news/articleView.html?idxno=17608,
7764,모두파인드,"오포파인드7 프로, 듀얼 잠망경 망원 카메라 사양 유출","12일 중국 IT 전문가 아이스유니버스는 X(구 트위터) 계정을 통해 ""파인드X7 프로에 탑재되는 듀얼 잠망경 망원 카메라는 6배 줌을 지원하는 50MP Sony IMX 858 1/2.51"" 센서와 3배 줌을 지원하는 50MP Sony IMX 890 1/1.56"" 센서로 구성될 것""이라고 주장했다. 두 센서모두OIS(광학이미지안정화)를...",https://kbench.com/?q=node/250780,
7764,모두파인드,"파인드카푸어, 배우 한지현 엠버서더 발탁... 광고 캠페인 공개","이외에도 컴팩트한 미니 사이즈의 티니백, 소프트 볼륨이 멋스러운 멜로우백 등 다양한 스타일의 새로운 아이템을 선보여 실용성과 트렌드한 감성을모두제안했다.파인드카푸어 관계자는 “한지현이 가지고 있는 MZ세대의 당당한 애티튜드와파인드카푸어의 크리에이티브한 패션 세계가 만나...",https://www.siminilbo.co.kr/news/newsview.php?ncode=1065587509045601,
