company_id,company_name,news_title,news_text,news_url,posted_at
4060,페어컬렉션대부,"[정준모의 미술마을 正舌] 비엔날레, 사치재 산업의 각축장",하지만대부분의 국가관은 자국기업의 후원이나 협찬을 받아 이루어진다. 한국관의 경우 현대자동차가 후원했다. 프랑스 그르노블의 현대미술센터인 마가쟁(Magasin)의 관장 셀린 코프(Céline Kopp)와 런던 웰컴컬렉션(Wellcome Collection)의 큐레이터 신디 시소코(Cindy Sissokho)가 큐레이팅한...,https://www.ajunews.com/view/20240506172350690,
4060,페어컬렉션대부,"아시아 최대 아트페어, 아트바젤 홍콩의 귀환",‘완전체’로 돌아온 ‘아시아 최대 아트페어’를 찾은 본토의 컬렉터들이 지갑을 거침없이 열기 시작했다. 아트바젤 홍콩이 3월 21일 오후 12시 VIP... 우리는 현재 중국 난징의 데지 미술관의 영구컬렉션에 비플의 ‘S.2122’를 판매했다”라고 밝혔다. 이 갤러리는 파블로 피카소의 ‘Fillette au bére’는...,https://www.mk.co.kr/article/10731569,
4060,페어컬렉션대부,"‘경매계의 큰 손’ 이랜드, 문화사업에 힘 쏟는 이유…“제2의 루브르 꿈꾼다...","이랜드는 내부에 전문컬렉션팀을 구성하고, 미국과 영국 등 주요 경매시장을 돌며 문화예술품을 수집해 왔는데, 고고학자들도 구하기 어렵다는... 의상, ‘대부’의 오리지널 대본 등이 전시돼 있다. 이랜드뮤지엄은 상설전시관 1개와 기획전시관 2개로 구성됐으며, 아카데미 수상작의 어워드, 소품들과 배우의...",https://weekly.cnbnews.com/news/article.html?no=149551,
4060,페어컬렉션대부,"[르포] 서울서 열린 亞 최대 미술제…피카소‧호크니‧조지 콘도 작품 즐비, ...",뉴욕 카스텔리갤러리는 팝아티스트 로이 리히텐슈타인(Roy Fox Lichtenstein·1923~1997)이 1980년대부터 제작한 그림과 청동 조각들을 한데 모았다. 갤러리를... 박정호 서울대 고고미술사학과 교수는 “수준 높은 아트페어는 개인컬렉션등에 속해 있어 미술관에서 쉽게 보지 못하는 작품들을 볼 수 있는...,https://biz.chosun.com/culture/culture_general/2022/09/02/4IARXL3MQ5F3JMRK7WMPMPSCXI/?utm_source=naver&utm_medium=original&utm_campaign=biz,
4060,페어컬렉션대부,“한국미술 무섭게 성장중… 미술관 난립 日 같은 실수만 하지말라”,아트페어‘프리즈 서울’ 오늘 개막… 美구겐하임 미술관 관장 인터뷰 “한국·싱가포르·대만 등 아시아 각국이 미술계에서 ‘뉴 홍콩’이 되려... 구겐하임컬렉션으로도 한국 미술품을 구입했다. 전시뿐만 아니라 소장품으로도 우리는 지속적으로 한국에 관심 뒀다”며 한국 사랑을 강조했다. 암스트롱...,https://www.chosun.com/culture-life/art-gallery/2022/09/02/WS5WE6FYJBEHBF73TRYMSOUCDI/?utm_source=naver&utm_medium=referral&utm_campaign=naver-news,
4060,페어컬렉션대부,[오늘의 장바구니] 홈플러스·이마트24·마몽드·현대홈쇼핑·쿠팡 외,행사 제품은 △올레드TV △오브제컬렉션냉장고 △오브제컬렉션워시타워 △오브제컬렉션스타일러 △오브제컬렉션김치냉장고 △오브제컬렉션... ◆쿠팡 '2021 가을 리빙페어' 쿠팡이 가을을 맞아 인기 리빙용품을 한 곳에 모은 '2021 가을 리빙페어'를 진행한다. 다음달 5일까지 진행하는 이번 행사에는...,http://www.newsprime.co.kr/news/article.html?no=551926,
4060,페어컬렉션대부,코펜하겐 컬렉터,“컬렉팅은 사회적으로 칭찬받을 수 있는 유일한 탐욕의 형태다.” 현대 광고계의대부이자 아트 컬렉터 유진 M. 슈와르츠(Eugene M. Schwartz)는 생전 <뉴욕... “나를 매료시키는 작품”이컬렉션의 유일한 기준이라는 스틴 바크만은 몇 년 전부터 한국의 현대미술에 몰두하고 있다. 특별한 계기는 없었다지만...,http://harpersbazaar.co.kr/?p=56865,
4060,페어컬렉션대부,녹색 하이테크 모더니즘의 대가 렌조 피아노(上),"할아버지대부터 건축자재업을 해온 렌조 피아노(Renzo Piano, 1937~)는 이탈리아 제노바에서 태어나 밀라노에서 건축대학(MPU)을 다녔다. 밀라노의 가구... 초기 프로젝트 중 하나인 메닐컬렉션(Menil Collection & Museum, Houston, Texas. 1981~1987)은 미술관 건축의 모델로 꼽힌다. 피터 라이스와 함께 지붕...",http://news.mk.co.kr/newsRead.php?no=375657&year=2020,
4060,페어컬렉션대부,[culture highway] 커플도 싱글도 함께해요~,10월9일부터 4일간 양재aT센터에서 서울 커피&티페어가 열린다. 식음료업계 종사자라면 어워드나 포럼에 참가할 수 있고 일반 관람객이라면 여러... 기쁘다 <대부> 오셨네 <대부> 블루레이컬렉션박스 세트 발매 여부로 영화광들의 애를 태웠던 <대부> 블루레이컬렉션박스 세트가 우여곡절 끝에 국내...,http://www.cine21.com/news/view/mag_id/74475,
4060,페어컬렉션대부,돈 되는 이색 투자 3종 ‘눈길’,"현재 P2P 업체는 금융업법상 ‘대부업’으로 분류돼 있다. 인터넷 플랫폼을 기반으로 하는 사업 특성상 관련 규정이 마련돼 있지 않은 탓이다. 현재 국회... 한 점에 수천, 수억 원을 호가하는 값비싼 그림이 아니더라도 개인의 노력과 발품이 동원된다면 잠재적 시장 가치를 내재한 상품은 양지 ‘컬렉션’이...",http://magazine.hankyung.com/money/apps/news?popup=0&nid=02&c1=2001&nkey=2017092900149000172&mode=sub_view,
