company_id,company_name,news_title,news_text,news_url,posted_at
2681,비앤지시스템,[30일 울진군] 울진 마린 CC 5월 정식 개장 등,"이에 군은 2021년 4월 ㈜비앤지와 울진 마린 CC 관리 운영 위·수탁 계약을 체결하였지만 최근까지 클럽하우스 및 골프텔의 건축 지연(2023년 12월 준공)과... 인터넷 예매는 5월 1일부터 군청 통합예약시스템, 티켓링크, 네이버를 통해 진행되며, 현장 예매는 연호문화센터와 문화예술회관에서 5월1일과 5월2일...",https://www.asiatime.co.kr/article/20240430500269,
2681,비앤지시스템,"[종목이슈] 현대비앤지스틸, 韓 VS 中·러 갈등에 희토류 수혜 볼까?","24일 금융감독원 전자공시시스템에 따르면 현대비앤지스틸은 작년 말 기준 차량용 희토류 자석을 생산하는 성림첨단산업의 최대주주(33.09%)에 오른 것으로 확인됐다. 창업주인 공군승 대표이사가 17.54%로 2대주주다. 성림첨단산업은 지난 1994년 창립 이후 희토류자석을 활용한 공업용 희토류 자석, 전자석...",http://www.inews24.com/view/1588069,
2681,비앤지시스템,"현대비앤지스틸 정일선 대표 ""근본적인 사업체계 변경 추진""","현대비앤지스틸(사장 정일선) 주주총회에서 이사진 신규·재선임 등 주요 안건이 원안대로 의결됐다. 현대비앤지스틸은 최대 생산-최대 판매 전략에서... 특히 안전한 사업장 조성을 위해 안전설비 투자예산 확충과 점검 주기 세분화, 예방 체계 구축, 안전보건시스템강화 등의 다각도 대책을 마련하고 있다....",http://www.snmnews.com/news/articleView.html?idxno=532617,
2681,비앤지시스템,"매출 1조 시대 열었는데…현대비앤지스틸, 재무안정성 경고등","12일 금융감독원 전자공시시스템에 따르면 현대비앤지스틸의 작년 3분기 누적 연결 매출은 9886억원을 기록했다. 전년 동기간(6323억원) 대비 56.4% 증가한 수준으로, 2021년 한 해 성적(8557억원)도 훌쩍 넘겼다. 지난 10년여간 현대비앤지스틸 매출은 6000억~8000억원대를 유지했으나, 작년 2월 현대제철...",https://www.newsway.co.kr/news/view?tp=1&ud=2023011216071539569,
2681,비앤지시스템,"현대비앤지스틸 창원공장, '인재사고' 또…'안전불감증' 여전","지난 5일 창원고용지청을 찾아 현대비앤지스틸 안전보건관리시스템강화를 촉구하고 나선 경남 노조. (사진=민주노총경남본부) 민주노총 경남본부 ""부분작업 중지만으로 사업장 위험 개선할 수 없어"" 이선우 부사장 두달 만에 '안전보건최고책임자' 대표 이사로 승진 [백세경제=김인하 기자] 현대비앤지스틸에서...",http://www.100ssd.co.kr/news/articleView.html?idxno=91847,
2681,비앤지시스템,"[CB대란]⑪우진비앤지, 흑자 전환·자회사 상장에도 풋옵션 행사","24일 금융감독원 전자공시시스템에 따르면 우진비앤지는 최근 3회차 CB 10억원어치를 만기 전 취득해 소각했다. 원금과 함께 이자 1억9600만원도 함께 지급했다. 앞서 우진비앤지는 2019년 10월 국내 기관투자가를 대상으로 3회차 CB를 발행해 운영자금 27억원, 타법인 증권 취득자금 73억원을 조달했다. CB...",https://view.asiae.co.kr/article/2022102411113077158,
2681,비앤지시스템,"중대재해 반복에도 변화 없는 현대비앤지스틸...""사업주 구속하라""",이와 별개로 정일선 현대비앤지스틸 대표이사는 재연임 도전에 나선다. 전자공시시스템에 공시된 자료를 보면 안정적인 수익창출을 견인했다는 이유로 이사회 추천을 받았다. 하지만 현대비앤지스틸을 둘러싼 중대재해 사건이 여전히 매듭지어지지 않았고 반복된 사고에 대한 사과도 없었다는 점에서...,https://www.idomin.com/news/articleView.html?idxno=904883,
2681,비앤지시스템,[박종현의 돌파매매] 오늘의 돌파매매 추천주는? '현대비앤지스틸',"- AI·반도체주, 기술적 반등시 매도 및 비중축소 - 코스피 2,450p 이하 단기 매수 관점 * 1/18 핑거스토리 +37.22% (최고가 기준)* 1/26 선익시스템+5.37% (최고가 기준)▶ 오늘의 돌파매매 추천주 <현대비앤지스틸>- 국내 유일 희토류 영구자석 생산 - 성림첨단산업의 최대주주 - 희토류 영구자석...",https://news.mtn.co.kr/news-detail/2024013014520098115,
2681,비앤지시스템,"HNIX-되고시스템, 중소·중견 중대재해처벌법 부담 최소화","HD현대그룹, HDC현대산업개발, HL만도, HL홀딩스, 현대비앤지스틸, 현대코퍼레이션 등 국내 유수 기업을 대상으로 통합유지보수(ITO) 서비스를 제공하는 한편, 사물인터넷(IoT), AI 관제, 메타버스 등 첨단기술 기반의 신성장 융합사업을 추진 중이다. 김용필 되고시스템대표는 “되고세이퍼는 중소·중견기업이...",https://zdnet.co.kr/view/?no=20240328181132,
2681,비앤지시스템,"현대비앤지스틸, 2Q 영업익 245억원...전년比 438% 퀀텀점프",11일 금융감독원 전자공시시스템에 따르면 현대비앤지스틸의 올해 2·4분기 연결기준 영업이익은 244억800만원으로 전년 동기 대비 438.0%의 성장세를 기록했다. 같은 기간 매출액은 2168억1000만원으로 33.6% 늘었으며 당기순이익은 192억7400만원으로 499.9% 증가했다. 상반기 누적 기준...,http://www.fnnews.com/news/202108110849211362,
