company_id,company_name,news_title,news_text,news_url,posted_at
6799,이트리즈시스템,"해외 IT 취업 특화 코리아교육그룹 코리아IT아카데미, (주)이트리즈시스템과 ...",이런 가운데 해외 IT 취업 특화 코리아교육그룹 '코리아IT아카데미'가 지난 12월 13일 (주)이트리즈시스템과 산학협력(MOU)를 체결했다고 전하며 긍정적 반응을 얻고 있다. 국가기간전략산업 교육 등을 전문으로 하는 이 곳은 이번 협력관계 구축을 통해 다채로운 협업을 전개해 나갈 예정임을 밝혔다. (주)...,http://www.lecturernews.com/news/articleView.html?idxno=12173,
6799,이트리즈시스템,[부고] 장경환(이트리즈 시스템대표)씨 부친상,▲ 고인 : 장남주(전 신상도초 교장)씨 ▲ 별세 : 2021년 11월 25일 오전 4시00분 ▲ 빈소 : 중앙대병원 장례식장 6호실 ▲ 발인 : 2021년 11월 27일 오전 8시00분 ▲ 전화 : 02-860-3506,https://www.tfmedia.co.kr/news/article.html?no=116222,
6799,이트리즈시스템,IT분야 취업도 이제는 지역 맞춤형 시대,"또한 이날 행사에는 4차산업 IT 직종 웹 개발 및 빅데이터 분야에 인력을 구인중인 (주)이트리즈시스템, (주)피디시스템, (주)엔에스텍 외 15개 IT분야 전문 기업들이 참가하였으며 작년 8월부터 진행 되었던 자바기반 빅데이터 전문가 양성과정에 참여한 훈련생들을 대상으로 ▲프로젝트 발표회 ▲참여기업 소개...",https://www.job-post.co.kr/news/articleView.html?idxno=69141,
6799,이트리즈시스템,[부고]구영근 별세 外,"남편상·경환이트리즈시스템대표 동환 중앙일보 편집데스크 현덕 씨 부친상·박경종 알카리온 대표 장인상=25일 서울 중앙대병원, 발인 27일 오전 8시 02-860-3506 ◇정무현 전 현대건설 부사장(한라건설 부회장) 별세=25일 서울아산병원, 발인 27일 오전 8시 20분 02-3010-2000 ◇최영자 씨 별세...",https://www.donga.com/news/article/all/20211126/110465397/1,
6799,이트리즈시스템,11월26일 궂긴소식,"◆ 장남주(전 신상도초 교장)씨 별세: 전창숙(전 노량진초 교사)씨 남편, 경환(이트리즈 시스템대표) 동환(<중앙일보> 편집데스크) 현덕씨 부친, 박경종(알카리온 대표)씨 장인=25일 오전 4시 중앙대병원. 발인 27일 오전 8시. (02)860-3506. ◆ 최영자씨 별세: 강상진(코씰 대표) 금진 호정씨 모친...",https://www.hani.co.kr/arti/society/obituary/1020865.html,
6799,이트리즈시스템,[부고] 김현종(전 청와대 국가안보실 2차장)씨 장모상 외,▲최영자씨 별세·강상진(코씰 대표) 금진 호정씨 모친상·김현종(전 청와대 국가안보실 2차장) 박영서(한국젬스 대표)씨 장모상=25일 오전7시17분 삼성서울병원 발인 27일 오전9시30분 (02)3410-3151 ▲장남주(전 신상도초 교장)씨 별세·전창숙(전 노량진초 교사)씨 남편상·경환(이트리즈 시스템...,https://hankookilbo.com/News/Read/A2021112515440004000?did=NA,
6799,이트리즈시스템,[부고] 장남주씨 별세 外,"▲장남주씨 별세(전 신상도초 교장) 전창숙씨 부군상(전 노량진초 교사), 경환(이트리즈 시스템대표) 동환(중앙일보 편집데스크) 현덕씨 부친상. 박경종씨 (알카리온 대표) 빙부상=25일 중앙대병원, 발인 27일 오전 8시(02-860-3518) ▲최현숙씨 별세, 박경하(MK차이나컨설팅 대표) 영하(KBS울산방송국...",http://news.kmib.co.kr/article/view.asp?arcid=0924219948&code=11111200&cp=nv,
6799,이트리즈시스템,"한국아이티인재개발학원, 자바 웹 개발자 과정(채용예정자 교육) 모집","2019년도 채용예정자 연수 프로그램 채용협약 기업은 너울정보, 내담씨앤씨, 넥스트아이씨티, 엔투엠, 엠디씨티, 우리씨앤씨,이트리즈시스템, 한국이디에스, 케이씨에스 등 SW개발 강소기업 및 중견기업 20여개 기업이 참여한다. 한국아이티인재개발학원은 국내 유수 기업과 공기업 출신의 ICT 전문 교수진과...",http://www.thebigdata.co.kr/view.php?ud=201901080951017726cf2d78c68_23,
6799,이트리즈시스템,"코리아교육그룹 코리아IT아카데미, 수강생 IT 취업 겨냥 ‘기업 참관 프로젝트...","이날 수강생들은 일선솔루션,이트리즈시스템, 스마트SI 기업의 대표, 기술, 인사 담당자들을 대상으로 준비한 프로젝트를 시연하고 발표능력, 인성 등을 뽐냈다. 이와 관련해 코리아IT아카데미 관계자는 “수강생들의 취업을 위해 마련된 이번 발표회에서 수강생들은 잘된 점과 잘못된 점의 피드백을...",http://edu.donga.com/?p=article&ps=view&at_no=20181226142651463638,
6799,이트리즈시스템,[eCEO] ‘오늘의약속’ 김정찬 실장,“소셜다이닝 서비스를 표방하고 있지만 먹는 것 외에도 여행을 가거나 교육도 받을 수 있고 누구든 원하는 콘텐츠를 다양하게 제안할 수 있습니다. ” IT아웃소싱회사인이트리즈시스템의 연구개발실 프로젝트로 개발된 오늘의약속은 지난해 9월 카페24(www.cafe24.com) 단독웹 호스팅을 기반으로 서비스를...,http://www.zdnet.co.kr/ArticleView.asp?artice_id=20150213165503,
