company_id,company_name,news_title,news_text,news_url,posted_at
6262,블루애플,"애플, 18개월만 신형 아이패드 출시 ""AI 대응 M4칩 탑재""","색상은블루, 퍼플, 스타라이트, 스페이스 그레이 등 총 네 가지 색상이 준비됐다. 11인치와 13인치 모두 264ppi의 '리퀴드 레티나 디스플레이'가 탑재되며, 해상도는 11인치에서 2360x1640, 13인치는 2732x2048이다.애플은 13인치 모델이 30% 더 넓은 스크린으로 더욱 다양한 경험을 제공할 수 있다고...",https://it.chosun.com/news/articleView.html?idxno=2023092115165,
6262,블루애플,"재즈 뮤지션 마리아 킴, 7집 정규 앨범 ‘Misty Blue’ (미스티블루) 발매·...","오는 6월 7일 재즈 피아니스트이자 보컬리스트 마리아 킴(Maria Kim) 7집 정규 앨범 “Misty Blue” (미스티블루) 가 전 세계 동시 발매된다. 2023년 제... 선발매되어애플뮤직 뮤직비디오 차트 1위와 멜론 재즈 핫트랙을 석권한 마리아 킴의 싱글 ‘Tight’, ‘Peel Me a Grape’ 등을 포함한 정규 앨범 ‘Misty...",https://sports.khan.co.kr/news/sk_index.html?art_id=202405092043003&sec_id=540301&pt=nv,
6262,블루애플,AI폰 경쟁 가열…애플출사표에 삼성전자·구글 신제품 '맞불',"주요 외신은애플이 오픈AI, 구글과도 AI 협력을 논의 중이라고 보도해 아이폰16에도 '제미나이'나 'GPT4'가 같이 탑재될 가능성이 크다. 아이폰16 프로는 기존블루티타늄 색상이 사라지고 로즈 티타늄 색상이 추가될 예정이다. 로즈 색상은 과거 골드 색상과 유사한 버전이 될 가능성이 높다. 블랙...",https://www.newsworks.co.kr/news/articleView.html?idxno=752313,
6262,블루애플,"애플, M4 품은 가장 얇은애플태블릿 PC '아이패드 프로' 및 M2 탑재 '아이패...","새로운 아이패드 에어는 스타라이트, 스페이스 그레이와 함께 새로운블루, 퍼플 마감으로 출시된다.애플의 제품 마케팅 담당 부사장인 밥 보셔스(Bob Borchers)는 ""학생부터 크리에이터, 소규모 사업체 운영자 등에 이르기까지, 수많은 사용자가 아이패드 에어의 성능, 휴대성, 다재다능한 유용성...",http://www.ilovepc.co.kr/news/articleView.html?idxno=49724,
6262,블루애플,中완전자율차 공략 테슬라 15%…애플도 2.5% 상승[월스트리트in],"中완전자율주행 기대감에 테슬라 15.3%↑…애플도 2.5%↑ 26일(현지시간) 뉴욕증권거래소에서블루칩을 모아놓은 다우존스 30산업평균지수는 전거래일 대비 0.38% 상승한 3만8386.09를 기록했다. 대형주 벤치마크인 S&5P500지수도 0.32% 오른 5116.17을, 기술주 위주의 나스닥지수도 0.35% 상승한 1만5983.08에...",http://www.edaily.co.kr/news/newspath.asp?newsid=01220166638861368,
6262,블루애플,"애플, 'M2' 칩 탑재한 차세대 '아이패드 에어' 공개…11·13형 2종으로 출시","이를 통해 시각 정보 찾아보기, 피사체 분리, 라이브 텍스트 인식 등 AI 기능을 더 강화했다고애플측은 설명했다. 새 아이패드 에어는 1200만 화소 전면 카메라를 가로 상단에 배치했으며, 공간음향을 지원하는 가로형 스테레오 스피커를 탑재했다. 제품 색상은블루, 퍼플, 스타라이트, 스페이스...",https://www.techm.kr/news/articleView.html?idxno=124184,
6262,블루애플,"[N2 모닝 경제 브리핑-5월 10일] 美 증시, 고용둔화·금리인하 기대에 상승…...",반면애플은 1.00% 올랐다. ■ 주요 기업 공시 (9일) - 케이카(381970) : 보통주 1주당 250원 분기 현금배당 결정 - 한온시스템(018880) : 2025년부터... 미스터블루(207760) : 100억원 규모 전환사채(CB) 발행키로 결정 - MIT(038340) : 특수관계인인 광명전기 상대로 60억원 규모 유상증자 결의 - 원익머트리얼즈...,https://www.news2day.co.kr/article/20240510500005,
6262,블루애플,"부산롯데호텔블루헤이븐, 트루동과 함께하는 망고뷔페 출시",7층블루헤이븐(옛 풀 카페 앤 바)에서 'MANGO Delight with TRVDON'(망고 딜라이트 위드 트루동) 망고 뷔페를 선보인다. 1643년 프랑스에서 설립된 트루동은 세계에서 가장 오래된 왁스 브랜드다. 루이 14세와 나폴레옹 1세의 왕실 캔들 공급 업체다. 트루동 콜라보 망고 웰컴 디저트 3종과 제주산애플생망고...,https://www.news1.kr/articles/5403365,
6262,블루애플,[비바100] 레드오션·블루오션 장점만 쏙쏙… 대중성·독창성 다 갖춘 창업 전...,"레드오션·블루오션 장점만 쏙쏙… 대중성·독창성 다 갖춘 창업 전략 퍼플오션 업종이란 레드오션의 장점과블루오션의 장점을 조합한 업종이다.... 베이컨치즈,애플시나몬, 앙설탕, 초코마카다미아, 크림새우, 칠리페퍼로니, 치즈불고기 등 개성 있는 조합의 7가지 호떡 메뉴와 다양한 사이드 메뉴로...",https://www.viva100.com/main/view.php?key=20240428010008963,
6262,블루애플,테슬라·애플상승에 뉴욕증시도 올라…S&P500 0.32%↑[데일리국제금융시장],뉴욕 증권시장의 주요 기업인 테슬라와애플등이 반등하고 국채 수익률이 하락하면서 증시 3대 지수가 상승 마감했다. 29일(현지 시간) 뉴욕...블루칩데일리트렌드리포트의 최고기술전략가 래리 텐터렐리는 “우리는 여전 하락 국면에 있다”며 “흐름이 바뀐 것은 아니고 결국은 여전히 증시가...,https://www.sedaily.com/NewsView/2D84399RTD,
