company_id,company_name,news_title,news_text,news_url,posted_at
10756,페이베이,"네이버, 눈 뜨고 ‘라인’베이나",페이페이·라인페이같은 금융 플랫폼까지 밀접하게 결합해 있다. 모바일 게임부터 쇼핑까지 라인을 기반으로 한 사업들이 이뤄지고 있다. 자연히 개인정보 데이터가 집결될 수밖에 없는 구조다. 안보 프레이밍으로 여론 등에 업어 일본 쪽은 이전부터 꾸준히 라인의 개인정보 데이터를 놓고 불안감을...,https://h21.hani.co.kr/arti/economy/economy_general/55497.html,
10756,페이베이,"""페이충전한도 500만원으로 상향... 법 안고쳐도 되는 규제들 풀어달라""",A사는 싱가포르 마리나베이샌즈와 같이 쇼핑·숙박·휴양 등을 한곳에서 이용할 수 있는 복합시설 투자를 계획했다. 하지만 현행 시설기준에 복합시설에... 민생규제 개선 과제로는 'OO페이' 등 선불전자지급 수단의 1회 충전한도를 500만원으로 상향해야 한다고 건의했다. 한국은행에 따르면 국내 선불전자지급...,http://www.fnnews.com/news/202404221853162253,
10756,페이베이,“한국판 마리나베이샌즈 막는 킬러규제 없애달라”,"부동산 개발 업체 A사는 싱가포르 유명 호텔인 ‘마리나베이샌즈’와 같은 쇼핑·숙박·휴양·엔터테인먼트 복합시설 투자를 계획하다 규제에... 네이버페이, 카카오페이등 선불 전자지급수단의 1회 충전 한도를 기존 200만 원에서 500만 원으로 상향 조정하는 안도 건의됐다. 한국은행에 따르면 국내 선불...",https://www.donga.com/news/Economy/article/all/20240422/124603845/1,
10756,페이베이,"[유통가 레이더] ""지금이 기회""... 컬리멤버스, 신규 고객 3개월 무료에 기존...","교촌에프앤비 관계자는 ""신베이시 핵심상권(1호점), 타이페이101(2호점), 타이페이신콩 미츠코시 백화점(3호점)에 이어 또 한 번 대만의 대표 상업지구를 차지하게 돼 기쁘다""며 ""프리미엄 K-치킨 브랜드의 대표주자로서 대만의 로컬 고객들에게 교촌치킨만의 진심과 정성을 가득 담은 최고의 맛을 확실히...",https://www.greened.kr/news/articleView.html?idxno=313295,
10756,페이베이,"알케미페이-월드페이, 신용·직불 카드 결제 도입",핀테크 기업 알케미페이와 결제 솔루션 월드베이가 손잡고 신용·직불 카드 결제를 도입했다. 19일(현지시간) 코인텔레그래프에 따르면 알케미페이이용자는 앞으로 신용·직불 카드로 가상자산을 매수할 수 있게 된다. 로버트 맥크라켄 알케미 생태계 책임자는 “이번 협업으로 알케미페이가 투자자 거래...,https://www.sedaily.com/NewsView/29YL3RF9MO,
10756,페이베이,[솔로이코노미 소식] 구독서비스 증가·직방 지킴중개·청소연구소 원룸청소 ...,"최근 해외 결제 고객을 위해 결제 수단 유니온페이, 엑심베이를 추가했다. 생필품·식사도 구독..구독 서비스 증가세 생필품과 식품류 가격 인상이 눈앞으로 다가온 요즘. 생필품에 들어가는 고정 비용을 줄일 수 있는 구독 서비스를 잘 활용해보자. 주식회사 해피문데이의 월경구독 서비스는 유기농 순면...",http://www.dailypop.kr/news/articleView.html?idxno=77509,
10756,페이베이,"[Daily New유통] 시몬스, 파리바게뜨, 다이소 外","베이직한 디자인의 폴로 셔츠지만 원단과 컬러, 실루엣으로 차별화를 둔 제품이다. 테니스나 골프 등 스포츠 활동에서는 물론 일상에서 데일리... ◇ 다이소, 카카오페이이벤트 진행 균일가 생활용품점 아성다이소가 ‘카카오페이이벤트’를 진행한다. 다이소몰과 다이소 매장에서 동시에 진행하며...",https://biz.newdaily.co.kr/site/data/html/2024/04/22/2024042200013.html,
10756,페이베이,"올리오, 속눈썹 정기 구독 서비스 선봬","고르면 최장 3개월 주기로 매달 원하는 날짜에 무료배송으로 받을 수 있다. 한편 올리오는 고객 편의성을 높이기 위해 서비스 업데이트를 진행하고 있다. 해외 결제 고객을 위해 결제 수단 유니온페이, 엑심베이를 추가했으며 이용 편의성을 높이기 위해 웹사이트도 재단장하고 최적화 작업을 진행하고 있다.",http://www.edaily.co.kr/news/newspath.asp?newsid=02981526638857432,
10756,페이베이,"올리오, 높은 재구매율에 ‘속눈썹 정기 구독 서비스’ 선보여","최근 해외 결제 고객을 위해 결제 수단 유니온페이, 엑심베이를 추가했다. 이용 편의성을 높이기 위해 웹사이트도 재단장하고 최적화 작업을 진행하고 있다. 올리오 관계자는 “올리오 노글루 속눈썹은 국내 KC인증과 일본 패치 테스트를 통과한 제품으로 시장에서 안전성과 제품력을 인정받고 있다”며...",http://www.wowtv.co.kr/NewsCenter/News/Read?articleId=A202404190345&t=NN,
10756,페이베이,"베이조스의 우주기업 블루오리진, 15개월만에 로켓 발사 재개","2021년 7월베이조스도 이 로켓을 타고 우주 관광을 다녀온 바 있다. 블루오리진은 내년 말까지 뉴셰퍼드보다 더 큰 로켓인 뉴글렌 발사를 계획하고 있다. 뉴셰퍼드는 우주 궤도에는 진입하지 않고 우주 공간의 가장자리에 도달하는 반면, 뉴글렌은 더 무거운페이로드를 궤도에 올릴 수 있도록 설계됐다.",https://www.yna.co.kr/view/AKR20231213005100091?input=1195m,
