company_id,company_name,news_title,news_text,news_url,posted_at
7704,티알엔티,"태광그룹 쇼핑엔티, ESG 동반성장 우수기업 선정",태광그룹의 데이터홈쇼핑사 쇼핑엔티(법인명티알엔)가 10일 열린 '제18회 국가지속가능 ESG 컨퍼런스'에서 ESG 동반성장 부문 우수 기업으로 선정돼 '동반성장위원장상'을 수상했다. 쇼핑엔티는 중소기업의 판로개척과 매출 활성화를 위해 방송의 70% 이상을 중소기업상품으로 편성하고 있으며...,https://www.nocutnews.co.kr/news/6142859?utm_source=naver&utm_medium=article&utm_campaign=20240510023528,
7704,티알엔티,"태광그룹 쇼핑엔티, ESG 동반성장 우수기업 선정",태광그룹의 데이터홈쇼핑사 쇼핑엔티(법인명티알엔)는 5월 10일 서울 소공동 롯데호텔에서 열린 '제18회 국가지속가능 ESG 컨퍼런스'에서 ESG 동반성장 부문 우수 기업으로 선정돼 '동반성장위원장상'을 수상했다. 한상욱티알엔 대표이사가 이날 기념촬영을 하는 모습. (사진=태광그룹 제공) 태광그룹의...,http://www.biztribune.co.kr/news/articleView.html?idxno=311692,
7704,티알엔티,"쇼핑엔티, 민주홍 쇼호스트와 건강식품 전문 프로그램 시작","쇼핑엔티(법인명티알엔)가 신규 프로그램 ‘건강해주홍’을 선보이며 건강식품 방송 차별화에 나선다고 9일 밝혔다. ‘건강해주홍’은 건강한 100세 인생 준비를 슬로건으로 하며, 경력 20년차 민주홍 쇼호스트가 건강식품 마스터이자 주부 쇼호스트 입장에서 베스트 상품을 추천할 예정이다. 쇼핑엔티가 올...",https://zdnet.co.kr/view/?no=20240509202021,
7704,티알엔티,"중기 전용 T커머스 신설 추진에···홈쇼핑 업계 ""파이 쪼개기에 불과""","TV홈쇼핑 채널은 CJ온스타일, 롯데홈쇼핑, 현대홈쇼핑, GS샵, NS홈쇼핑, 홈앤쇼핑, 공영쇼핑 등이 있고, 티커머스 채널은 SK스토아, KT알파쇼핑, 쇼핑엔티(티알엔), W쇼핑, 신세계쇼핑 등이 있다. TV 시청자 수 하락에 따른 업황 부진에 더해 송출 수수료까지 높아지면서 홈쇼핑 업계의 실적은 하락세를 면치...",https://www.womaneconomy.co.kr/news/articleView.html?idxno=222976,
7704,티알엔티,"티알엔 쇼핑엔티, 제4기 시청자위원회 출범식 진행",데이터홈쇼핑 쇼핑엔티를 운영하는티알엔(대표 한상욱)이 지난 20일 제4기 시청자위원회 출범식을 진행했다고 21일 밝혔다. 이 자리에는티알엔 한상욱 대표와 이진영 마케팅실장을 비롯해 이헌율 시청자위원회 위원장 등 총 9명의 위원들이 참석했다. 4기 시청자위원회는 이헌율 고려대 미디어학부 교수...,https://zdnet.co.kr/view/?no=20230921141658,
7704,티알엔티,"쇼핑엔티, PB브랜드 '오디브' 봄·여름 신상품 출시","쇼핑엔티제공 쇼핑엔티(법인명티알엔)는 자체 패션브랜드 '오디브(ODV)' 봄, 여름 신상품 출시를 3월 말부터 본격화 한다고 22일 밝혔다. 지난 2019년 론칭한 쇼핑엔티의 자체 패션브랜드(PB) '오디브'는 여성스럽고 편안한 착용감이 특징이다. 지난 2월까지 누적 주문액 1000억원을 돌파하면서 쇼핑엔티...",http://www.hansbiz.co.kr/news/articleView.html?idxno=685714,
7704,티알엔티,"쇼핑엔티운영사티알엔, 한상욱 대표 선임","티알엔은 한 대표가 T커머스 쇼핑엔티를 한 단계 도약시킬 수 있을 것으로 기대하고 있다. 쇼핑엔티는 올해 PB(자체브랜드)상품 확대, 4060타깃 상품 개발·차별화, 모바일 경쟁력 강화를 통한 성장기반 마련에 모든 역량을 집중할 계획이다. 또 수평적 조직문화 조성·조직 내 커뮤니케이션 활성화를 통한...",http://www.shinailbo.co.kr/news/articleView.html?idxno=1685275,
7704,티알엔티,"쇼핑엔티, 소외계층 따뜻한 겨울나기 1억 상당 물품 기부",쇼핑엔티(법인명티알엔)는 연말을 맞아 따뜻한 겨울나기 기부행사를 통해 서울시 중구청에 1억원 상당의 물품을 기부했다고 18일 밝혔다. 쇼핑엔티는 지난 14일 서울시 중구에 위치한 중림종합사회복지관에서 열린 기부행사를 통해 1억원 상당의 국내산 나주 배즙 6300세트를 중구청에 전달했다. 쇼핑엔티는...,https://www.etnews.com/20231218000243,
7704,티알엔티,"쇼핑엔티, 공정위 소비자중심경영(CCM) 3회 연속 인증","쇼핑엔티(법인명티알엔)가 지난 8일 열린 ‘2023 소비자 중심 경영 우수기업 포상 및 인증서 수여식’에서 공정거래위원장 표창과 소비자중심경영(CCM, Consumer Centered Management) 인증을 획득했다고 11일 밝혔다. CCM 인증은 기업이 수행하는 활동을 소비자 중심으로 구성하고 관련 경영활동을 지속적으로...",https://www.mk.co.kr/article/10895533,
7704,티알엔티,"느닷없는 '매각설'에 황당한티알엔…""쇼핑엔티매각? 사실아냐""","데이터홈쇼핑 쇼핑엔티를 운영하는티알엔이 최근 일고 있는 매각설에 대해 전면 부인했다. 최근 태광그룹 측이티알엔 매각을 검토하고 있다는 보도가 나온 바 있다. 20일티알엔 관계자는 ""최근 일부언론에서 거론된 쇼핑엔티매각설은 전혀 사실이 아니다""라고 밝혔다. 태광그룹 측도 당황스럽다는 입장이다....",http://www.inews24.com/view/1520594,
