company_id,company_name,news_title,news_text,news_url,posted_at
4084,태양화재특종손해사정,"화재조사학회, ‘창립 20주년 기념식ㆍ제44회 추계학술대회’ 개최","경찰청장상은 이창호태양화재특종손해사정(주) 대표와 장도환 인천경찰청 경위가 받았다. 학회장상은 이재석 서울경찰청 경위와 안성일 서울소방재난본부 소방경, 이준호 한국전기안전공사 대리, 남성현 한국가스안전공사 과장, 김영하 한국화재보험협회 방재시험연구원 화재조사센터장, 김양수 학회...",http://fpn119.co.kr/207071,
4084,태양화재특종손해사정,"이강덕 포항시장, 피해구제지원금 지급 마무리에 따른 포항지진피해조사단 노...","사진 좌측부터 최윤성 한국해상화재 손해사정대표, 박동언 A1 손해사정대표, 이강덕 시장, 유상길 다스카 손해사정대표, 강성열 세종 손해사정대표, 이창호태양화재특종 손해사정대표 / 포항시 제공 이강덕 포항시장은 31일 시청 대외협력실에서 포항지진피해조사단(이하 지진피해조사단) 대표자들과...",https://www.wikitree.co.kr/articles/785604,
4084,태양화재특종손해사정,포항지진 피해구제지원금 지급 마무리에 따른 피해조사단 대표자 간담회,"사진 좌측부터 최윤성 한국해상화재 손해사정대표, 박동언 A1 손해사정대표, 이강덕 포항시장, 유상길 다스카 손해사정대표, 강성열 세종 손해사정대표, 이창호태양화재특종 손해사정대표 (사진 = 포항시) 이강덕 포항시장은 31일 시청 대외협력실에서 포항지진피해조사단(이하 지진피해조사단) 대표자들과...",https://www.gukjenews.com/news/articleView.html?idxno=2541921,
4084,태양화재특종손해사정,"""지진피해 주민 실질적 피해구제 노력 감사""","왼쪽부터 최윤성 한국해상화재 손해사정대표, 박동언 A1 손해사정대표, 이 시장, 유상길 다스카 손해사정대표, 강성열 세종 손해사정대표, 이창호태양화재특종 손해사정대표. 사진=포항시 제공 이강덕 포항시장은 지난달 31일 시청 대외협력실에서 포항지진피해조사단(이하 지진피해조사단) 대표자들과...",http://www.hidomin.com/news/articleView.html?idxno=493167,
4084,태양화재특종손해사정,포항 지진피해 보상금액 산정 '기대반 우려반',집을 방문한손해사정인이 집안 곳곳을 살피며 지진 당시 파손 여부 등을 물었다. 하지만 김씨는 자칫 자신이 피해보상을 제대로 받지 못할까 봐... 이들 모두 정부로부터 현장 조사 등을 위임받은 용역 컨소시엄 참여업체 5개사(A1·다스카·세종·태양화재특종·한국해상화재)로 구성돼 있다. 조사단은...,http://www.kyongbuk.co.kr/news/articleView.html?idxno=2071624,
4084,태양화재특종손해사정,올해의 ‘고용창출 100대 우수기업’은 어디?,"(주)태양기전, (주)포스코켐텍, 한국유나이티드제약(주), (주)넥센, (주)락앤락, (주)한국화이바, 효성굿스프링스(주), (주)성우하이텍, (주)일진에너지... (주), 파란화재특종자동차손해사정㈜, (유)영우, (주)삼경엠에스, 의료법인한양의료재단 남양주한양병원, 검단탑병원, 의료법인 대인의료재단",http://biz.heraldm.com/common/redirect.jsp?category_id=010109020103&news_id=20101223000059,
4084,태양화재특종손해사정,LG디스플레이 등 100대 고용창출 우수기업,화재특종자동차손해사정ㆍ영우ㆍ삼경엠에스ㆍ의료법인한양의료재단 남양주한양병원ㆍ검단탑병원ㆍ의료법인 대인의료재단 등 31개소이다. 근로자수 300인 이상 1000인 미만 중견기업에서는 △아이올리ㆍ아티제블랑제리ㆍ코데즈컴바인ㆍ태양기전ㆍ포스코켐텍ㆍ한국유나이티드제약ㆍ넥센ㆍ락앤락ㆍ한국...,http://www.ajnews.co.kr/common/redirect.jsp?newsId=20101223000135,
4084,태양화재특종손해사정,"고용부, 올해의 ‘고용창출 100대 우수기업’ 발표",파란화재특종자동차손해사정㈜，(유)영우，(주)삼경엠에스，의료법인한양의료재단 남양주한양병원，검단탑병원，의료법인 대인의료재단 ▶중견기업(300~1000인 미만) 34개 아티제블랑제리(주)，(주)아이올리，(주)코데즈컴바인，(주)태양기전，(주)포스코켐텍，한국유나이티드제약(주)，(주)넥센，(주)...,http://www.hankyung.com/news/app/newsview.php?aid=201012235818i,
4084,태양화재특종손해사정,[신설법인 현황] (2004년 3월8일~3월13일) 서울 <2>,인력파견) 서초동 1544의12대성빌딩 *우리화재특종손해사정(이병하.50.보험사고조사) 도화동 538 *웰존(최돈헌.100.고객서비스대행) 잠원동... 52.태양전지기술개발) 반포동 802반포(아) 69의106 *인앤신(원장원.50.점포임대) 방이동 165의2 *일고스포렉스(이상무.100.골프연습장) 여의도동 12의1...,https://n.news.naver.com/mnews/article/015/0000694006,
