company_id,company_name,news_title,news_text,news_url,posted_at
115,주봉정보시스템,"주봉정보시스템, DID 전문 셋탑박스 'JBS-O332'와 매트릭스 스위치 신제품 출...",주봉정보시스템(대표이사 김봉기)에서 고성능 옥타코어 CPU를 탑재한 DID 전문 셋탑박스 'JBS-O332'와 매트릭스 스위치 신제품 'JBM-88SF'를 출시한다. 'JBS-O332'는주봉정보시스템의 자체 개발 디지털 사이니지 관리 프로그램인 JBCAST가 기본으로 내장된 DID 전용 셋탑박스로 높은 퍼포먼스를 보여주는...,http://www.kbanker.co.kr/news/articleView.html?idxno=83070,
115,주봉정보시스템,"주봉정보시스템, '비디오월 통합솔루션' 출시","IT&DISPLAY 전문 기업주봉정보시스템은 ‘비디오월 통합솔루션’을 출시했다고 11일 밝혔다. 해당 서비스는 여러 업체를 알아볼 필요없이 비디오월, 인테리어, 관제시스템제작까지 한 번에 해결해주는 원스톱 방식으로 시장 환경에 최적화된 서비스다. 서비스는 비디오월, 브라켓, 매트릭스, 인테리어, 세팅...",http://www.edaily.co.kr/news/newspath.asp?newsid=01892566632295136,
115,주봉정보시스템,"주봉정보시스템㈜, DID 전용 셋탑박스 및 심리스 탑재 매트릭스 스위치 출시",디지털 사이니지 전문업체 ㈜(대표이사 김봉기)이 Octacore(옥타코어) 고성능 CPU를 탑재한 DID 전용 셋탑박스 'JBS-O332'와 Seamless(심리스) 및 PIP 기능을 탑재한 매트릭스 스위치 'JBM-88SF'를 오는 27일 출시할 예정이다. 이번에 새롭게 출시될 'JBS-O332'는 에서 개발한 디지털 사이니지 관리 프로그램인...,http://www.seoulwire.com/news/articleView.html?idxno=134316,
115,주봉정보시스템,"제37회프랜차이즈산업박람회, 어떤 업체가 참여하나","(주)주봉정보시스템) ▲ ㈜을과함께 ( 뿔발 ) ▲ 공간이노베이션㈜ ( 24게스트하우스, 이코노미호텔 ) ▲ 한국정보통신(주) ( EasyPOS EasyCheck, TRS, POS ) ▲ (주)물과소금 ( 수유리우동집 ) ▲ ㈜산무리 ( 군산오징어 ) ▲ (주)현부 ( 피쉬볼 ) ▲ CJ푸드빌㈜ ( 상생아카데미 ) ▲ (주)사나이 ( 사나이김밥 ) ▲ 싱크텍...",http://www.moneyweek.co.kr/news/mwView.php?type=1&no=2016082415218084987&outlink=1,
115,주봉정보시스템,[8일 조달청 입찰정보/종합] 개나리3차시영임대아파트 발코니새시 교체공사 -...,"▲ 입찰명 : ""(용역)2020년 산림과학 연구정보시스템개선사업"", 계약방법 : 제한(총액)협상에의한계약. 공고기관 : 산림청 국립산림과학원... 공고기관 : 한국서부발전주식회사, 입찰마감일시 : (2020/06/11 14:00), 발주처(수요기관) : 계약자재부.(업무 자동화(RPA)시스템구축 용역). ▲ 입찰명 : ""주봉초등학...",http://www.fintechpost.co.kr/news/articleView.html?idxno=114745,
115,주봉정보시스템,[21일 조달청 입찰정보/종합] 2020년 소방관서 구내식당 급식자재(김치류) 구...,"▲ 입찰명 : ""2019년 한발대비 용수개발사업(이인주봉지구)"", 계약방법 : 수의(소액)-견적입찰(2인 이상 견적 제출). 공고기관 : 충청남도 공주시... ▲ 입찰명 : ""2020년도 행정정보시스템통합유지관리"", 계약방법 : 제한(총액). 공고기관 : 경상남도 함안군, 입찰마감일시 : (2019/12/23 14:00), 발주처...",http://www.fintechpost.co.kr/news/articleView.html?idxno=95648,
115,주봉정보시스템,[마켓워치]소음과정보,‘정보화 시대’의 여명기였던 1967년에 러셀 액코프(Russell Ackoff)는 ‘잘못된정보 시스템관리’라는 논문에서 “일기예보나 주식투자에서 우리는... 반면 종합주가지수주봉그래프에서 20주 이동평균(817.61)이 60주 이동평균(820.94)를 상향돌파하는 골든크로스가 이번주 중에 발생할 가능성이 높다....,https://n.news.naver.com/mnews/article/008/0000479548?sid=101,
115,주봉정보시스템,기후위기에 ‘지리산 산사태’ 가속화…천왕봉 등산로 빨간불,"조사 결과를 보면, 산사태는주봉인 천왕봉 그리고 중봉 주변의 구상나무, 가문비나무 등의 집단고사 지역에서 주로 발생했다. 녹색연합은 “기후... 직접 피해를 줄 수 있는 고사목 지대 관리 △고사목 전수 조사 및 공간정보화시스템마련 △산사태 예측시스템도입과 등산객정보제공 등을 주문했다.",https://www.hani.co.kr/arti/society/environment/1099456.html,
115,주봉정보시스템,보은군 자체 여력 한계 … 정부 인프라 구축 나서야,"주봉인 천왕봉보다 문장대 경치가 더 아름다워 인기가 있다. 천년가람 법주사는 유네스코에 등재된 문화유산이다. 불교성지 중 한 곳인 법주사에는... 관광지식정보시스템의 `주요관광지점 입장객 통계'를 확인한 결과, 2022년 1월부터 9월까지 속리산국립공원(법주사) 입장객은 38만2953명이었다. 속리산...",http://www.cctimes.kr/news/articleView.html?idxno=747671,
115,주봉정보시스템,"식사 중 긴급구조 무전, 산으로 뛴다… 구조대 ‘한 끼’ 책임지는 식당[나를...","실제 지난 3월에는 한 20대 남성이 “취업 스트레스를 풀겠다”며 수락산주봉과 도정봉, 도솔봉의 정상 표지석을 고의로 훼손한 일도 있었다. 실시간 위치정보시스템(GPS)을 통한 위치정보는 주변 기지국의 위치만을 알려 주는 데 불과해 구조대는 주로 요구조자와 일대일로 연락을 주고받으며 위치를...",https://www.seoul.co.kr/news/newsView.php?id=20221017009001&wlog_tag3=naver,
