company_id,company_name,news_title,news_text,news_url,posted_at
9240,티오피기획,"[단독]앤디, 19년 몸담은티오피미디어 떠난다…1인기획사 설립","사진 | 스포츠서울 DB 신화 앤디가티오피미디어를 떠나 1인기획사를 설립했다. 18일 스포츠서울 취재에 따르면, 앤디가 지난해 말 19년간 몸담은티오피미디어를 떠나기로 결정했다. 앤디는 2005년티오피미디어 설립 당시부터 회사의 대표 프로듀서로서 함께하며 틴탑, 백퍼센트, 업텐션, MCND 등 회사의 후배...",https://www.sportsseoul.com/news/read/1420523?ref=naver,
9240,티오피기획,"동서식품, ‘맥심티오피' 친환경을 향한 열정 프로모션 함께해요","동서식품 장지만 마케팅 매니저는 “고객들의 친환경 활동을 자연스럽게 유도하고자 이번 맥심티오피열정 마일리지 프로모션을기획했다""며 ""앞으로도 맥심티오피를 사랑해 주시는 소비자들을 위해 차별화된 제품과 마케팅 활동을 꾸준히 선보일 것""이라고 말했다.",http://moneys.mt.co.kr/news/mwView.php?no=2021080918498058721,
9240,티오피기획,"동서식품, '맥심티오피Passion for the Green! 프로모션 진행","동서식품 장지만 마케팅 매니저는 ""고객들의 친환경 활동을 자연스럽게 유도하고자 이번 맥심티오피열정 마일리지 프로모션을기획했다""며 ""앞으로도 맥심티오피를 사랑해 주시는 소비자들을 위해 차별화된 제품과 마케팅 활동을 꾸준히 선보일 것""이라고 말했다.",http://www.nbntv.co.kr/news/articleView.html?idxno=932272,
9240,티오피기획,"동서식품, 맥심티오피'친환경 프로모션' 진행","동서식품 장지만 마케팅 매니저는 ""고객들의 친환경 활동을 자연스럽게 유도하고자 이번 맥심티오피열정 마일리지 프로모션을기획했다""며 ""앞으로도 맥심티오피를 사랑해 주시는 소비자들을 위해 차별화된 제품과 마케팅 활동을 꾸준히 선보일 것""이라고 말했다. 동서식품, '맥심티오피Passion...",http://www.onews.tv/news/articleView.html?idxno=83806,
9240,티오피기획,남예종·뮤직웍스·판타지오·티오피미디어 등 8대기획사 오디션개최,"남예종·뮤직웍스·판타지오·티오피미디어 등 8대기획사 오디션개최 남예종예술실용전문학교(이하 남예종)는 최근 남예종 아트홀에서 고교생, 성인들을 대상으로 8대 대형기획사 합동 연합오디션을 개최했다고 24일 밝혔다. 이번 8대기획사 오디션에는 가수 백지영이 소속된 뮤직웍스, 틴탑 소속사...",http://www.viva100.com/main/view.php?key=20190624010007388,
9240,티오피기획,"[팩트체크] '프로듀스X101' 이진혁, 솔로 데뷔 준비 중…티오피미디어 ""기획...","22일 오후티오피미디어 측은 톱스타뉴스와의 통화에서 ""이진혁이 솔로 앨범을 준비 중이다""라고 밝혔다. 이어 관계자는 ""구체적인 시기와 콘셉트는 정해지지 않았고기획단계다""라고 덧붙였다. 이진혁은 지난 2015년 10인조 아이돌 그룹 업텐션(UP10TION)으로 데뷔하며 가요계에 이름을 알렸다. 최근에는...",http://www.topstarnews.net/news/articleView.html?idxno=661363,
9240,티오피기획,"[뉴스투데이 E] 동서 ‘맥심티오피’ 광고 캠페인, ‘대한민국광고대상’ 동...",P 열정광고’ 캠페인은 혼자서는 쉽게 포기할 수 있는 다짐을 모두에게 공개해 성공할 수 있도록 응원한다는 취지로기획하여 맥심티오피의 아이덴티티인 ‘열정’이 자연스럽게 녹아들 수 있도록 했다”며 “앞으로도 동서식품 맥심티오피는 ‘열정’을 키워드로 한 다채로운 마케팅 활동으로 소비자...,http://www.news2day.co.kr/142745,
9240,티오피기획,"‘프로듀스X101’ 김우석X이진혁,티오피미디어 출신 순위권 장악 “티오피미...","방송을 지켜본 누리꾼들은 “티오피미디어 와 대박이야” “티오피미디어 떠오르는 3대기획사 중 한 곳 인 듯?” “같은 회사끼리 대결이라 진짜 더 경쟁되겠다” “티오피미디어 대체적으로 탄탄하게 트레이닝을 시키나봄” 등의 반응을 보였다. 한편 김우석, 이진혁이 소속된티오피미디어 (TOP MEDIA)는...",http://www.sporbiz.co.kr/news/articleView.html?idxno=349412,
9240,티오피기획,"동서식품, ‘원빈’과 함께한티오피10주년 팝업스토어",동서식품은 10년 동안 변함없이 맥심티오피를 사랑하는 소비자들에게 감사의 마음을 전하고 맥심티오피를 더 특별하게 체험할 수 있는 기회를 제공하고자 맥심티오피팝업스토어를기획했다. 팝업스토어에서는 테이스팅 노트(Tasting Note)를 통해 나에게 어울리는 맥심티오피를 찾는 ‘T.O.P Exploring’...,http://www.polinews.co.kr/news/article.html?no=360873,
9240,티오피기획,"​티오피미디어X키즈토케이, 韓日 최초 '키즈돌' 콘테스트 개최","티오피미디어는 국내엔터테인먼트기획사 최초로 키즈토케이와 공동으로 한국과 일본의 어린이를 대상으로 ‘제1회 키즈돌 콘테스트’를 공동 주최한다. ‘키즈토케이’는 일본에서는 인기 그룹 이그자일(EXILE)과 연예기획사 에이백스(Avex), 아뮤즈 등과 오디션을 진행해 왔으며 세계적인 패션...",http://www.xportsnews.com/?ac=article_view&entry_id=845797,
