company_id,company_name,news_title,news_text,news_url,posted_at
2563,수다커뮤니케이션,"“향유고래들의 언어, 알파벳만큼 정교하다”",Cetacean Translation Initiative)는 네이처커뮤니케이션지에 발표한 최신 연구 결과에서 이같이 밝혔다. 고래들은 의사소통을 위해 다양한 종류의 발성을... 프로젝트 일원이자 도미니카 향유고래를 수년간 연구해 온 생물학자 셰인 게로는 이 같은 모습을 자주 목격했다며 “사촌끼리수다를 떨면서 노는 모습이...,https://www.etnews.com/20240508000373,2024-05-11 12:28
2563,수다커뮤니케이션,"서울시사회적경제지원센터,커뮤니케이션교육 프로그램 '다수의수다' 참여자...",8~10월 사회적경제 및 중간지원조직 종사자 40명 대상 온・오프라인 교육 서울시사회적경제지원센터는 사회적경제 조직을 대상으로 한커뮤니케이션교육 '다수의수다' 참여자를 모집한다고 밝혔다. 이번 교육은 사회적경제 영역 종사자 40명을 대상으로 오는 8월 12일부터 10월 4일까지 진행한다....,https://www.eroun.net/news/articleView.html?idxno=29227,
2563,수다커뮤니케이션,"서사경센터,커뮤니케이션교육 ‘다수의수다’ 참가자 모집",서울시사회적경제지원센터는 사회적경제 조직을 대상으로 한커뮤니케이션교육 ‘다수의수다’ 참여자를 모집한다고 2일 밝혔다. 이번 교육은 사회적경제 영역 종사자 40명을 대상으로 오는 12일부터 10월 4일까지 진행된다. 교육 과정은 ▲신입·중간·리더 등 직급별 R&R(Role and Responsibilities·역할과...,https://futurechosun.com/?p=67101,
2563,수다커뮤니케이션,"[백진기 칼럼]""리더가수다스러우면 안된다?""(51편)","커뮤니케이션교집합은 ""0""에 가깝다.매일 만나 열나게수다떠는 친구하고의 화제는 풍성하다.커뮤니케이션교집합이 “1”에 가깝다. 척하면 알아듣는다. 일방적으로 하나는 듣고 나머지 하나는수다를 떤다면 그 관계는 오래가지 못한다.수다들(정보,의견,가십, 소문, 남에 대한 흉 등)이 왔다갔다 하기에...",https://www.medicaltimes.com/Main/News/NewsView.html?ID=1156241&ref=naverpc,
2563,수다커뮤니케이션,"KCC, '2023 대한민국커뮤니케이션대상' 최우수기획상 수상","기업내 상하 및 수평적커뮤니케이션이 중요해지며 동료간, 선후배간, 부서간 소통을 통해 이해의 폭을 넓히는 '수다톡톡'도 인기 콘텐츠다. 비대면 업무환경이 활성화 되면서 임직원간 대화가 줄고, 업무과정에서의 소통 오류 발생이 늘고있는 가운데 진솔한 대화를 통해 상호 이해를 증진하는 기획으로...",http://www.rightknow.co.kr/news/articleView.html?idxno=28348,
2563,수다커뮤니케이션,"KCC, '2023 대한민국커뮤니케이션대상' 최우수기획상 수상","기업내 상하 및 수평적커뮤니케이션이 중요해지며 동료간, 선후배간, 부서간 소통을 통해 이해의 폭을 넓히는 '수다톡톡'도 인기 콘텐츠다. 비대면 업무환경이 활성화 되면서 임직원간 대화가 줄고, 업무과정에서의 소통 오류 발생이 늘고있는 가운데 진솔한 대화를 통해 상호 이해를 증진하는 기획으로...",http://www.newsian.co.kr/news/articleView.html?idxno=65629,
2563,수다커뮤니케이션,"KCC 전자사보 , 대한민국커뮤니케이션대상서 '최우수 기획상'","올해부터는 국내 각지 공장과 영업소를 방문해 소통하는 '수다차차' '출장! 큭 오락실' 콘텐츠가 임직원의 호응을 얻었다. KCC는 2024년 웹진 콘텐츠와 디자인을 개편할 예정이다. SNS 채널과의 연계를 강화하고 영상 콘텐츠도 늘려나갈 방침이다. 정민구 KCC 브랜드커뮤니케이션팀장은 ""앞으로 더...",https://www.news1.kr/articles/5243022,
2563,수다커뮤니케이션,[D툰] SDF2019 x 오영은 작가 / 고양이와수다4화,고양이와수다4화 / 비대면커뮤니케이션글·그림 오영은 #SDF2019 x 오영은(@o.young_eun) 작가 '7월의 작가' 오영은 작가의 마지막 #고양이와수다작가의 영상인터뷰 #디하인드 #커밍순 오영은 작가의 SDF툰 디하인드가 다음주 수요일 (7/31) 공개됩니다. 네 명의...,https://news.sbs.co.kr/news/endPage.do?news_id=N1005365865&plink=ORI&cooper=NAVER,
2563,수다커뮤니케이션,"""배그는 알아도 우리 회사는 몰랐죠""…크래프톤의 인도 시장 정착기","통계청이 집계한 올해 전 세계 인구 1위 국가 ‘인도’의 인구수다. 폭발적인 인구 증가세와 함께 스마트폰 보급률도 높아지고 있어 성장 잠재력이... 이미 스마트폰이 많은 인도인들의 생활 중심에서 금융,커뮤니케이션, 엔터테인먼트 등을 누리기 위한 메인 채널로 자리 잡았고, 게임도 당연히 그런...",https://www.newsis.com/view/?id=NISX20240425_0002712830&cID=13008&pID=13100,
2563,수다커뮤니케이션,"tvN '오마이갓' 고성국, 종교인 진 뺀수다책 '신들의수다1' 출간",[마이데일리 = 온라인뉴스팀] tvN에서 종교인들이수다떠는 토크프로 '오마이갓'을 진행하는 고성국 정치학박사(57)가 출연 종교인들과 함께 '신들의수다1'(국커뮤니케이션간)란 책을 냈다. tvN '오마이갓'은 40분 방송을 위해 그 10배인 6시간 이상을 촬영하는 것으로 악명높다. 고성국 박사는 주제와 관련해 더...,http://www.mydaily.co.kr/new_yk/html/read.php?newsid=201504141049911117&ext=na,
