company_id,company_name,news_title,news_text,news_url,posted_at
6732,나날에스엠아이,"대전시, 국내 우량기업 5개사와 투자 협약…""기업 이전· 증설""","시는 6일 오후 2시 대전시청 중회의실에서 △나날에스엠아이㈜ △㈜DL케이칼 △롯데웰푸드㈜ △㈜신화 △㈜리파인 등 국내 우량기업 5개 사와 업무협약을 체결했다. 이들은 1112억 원 규모의 기업 이전, 신·증설 투자와 함께 370여 개 일자리를 창출하기로 했다. 시는 행정·재정적으로 이를 지원할 예정이다....",http://www.daejonilbo.com/news/articleView.html?idxno=2084307,
6732,나날에스엠아이,"나날에스엠아이, 中企 편견 깼다...공공SW개발사업 기술력 입증","특허청이 상반기 착수한 '지능형 특허넷 시스템 개발사업'을 중소 IT서비스 기업나날에스엠아이가 수주해 안정적으로 구축 중이다. 지능형 특허넷 시스템 개발사업은 특허청이 인공지능(AI), 빅데이터 등 신기술을 접목해 개발하는 차세대 주요 사업이다. 특허청은 이번 1단계 사업에 50억원가량을 투입, AI...",http://www.etnews.com/20191002000184,
6732,나날에스엠아이,"대전시, 석유화학제조업 연구소 등 우량기업 5곳 유치…일자리 373개 창출","유치기업은나날에스엠아이㈜, ㈜DL케미칼, 롯데웰푸드㈜, ㈜신화, ㈜리파인 5곳이다.나날에스엠아이(대표 장신규)는 데이터베이스 및 온라인정보를 제공하는 IT서비스 전문기업으로, 전국단위 사업 확장을 위해 서울에서 대전산업단지로 이전을 결정했다. 48년간 석유화학 플랜트 운영 경험이 있는...",https://www.news1.kr/articles/5163596,
6732,나날에스엠아이,"대전시, 국내기업 5개사와 1112억 원 규모 투자협약 체결","이날 협약에는 이장우 대전시장, 대전상공회의소 정태희 회장,나날에스엠아이㈜ 권선희 대전지사장 ,㈜DL케이칼 엄재훈 연구소장 ,롯데웰푸드㈜ 박경섭 생산본부장 ,㈜신화 이은영 전무 ,㈜리파인 이창섭 대표가 참석했다....",http://www.breaknews.com/985923,
6732,나날에스엠아이,"대전시, 우량기업 5곳과 MOU 체결…1112억원 투자해 일자리 373개 창출","나날에스엠아이‧디엘케미칼‧롯데웰푸드‧신화‧ 리파인 5곳 참여 시장, 우량 기업 통한 대전시 지역 발전 기여에 중요한 역할 기대 대전시는 6일 국내 우량기업 5곳과 MOU를 맺고 1112억원의 투자를 유치했다. [사진=연합뉴스] [뉴스투데이=박진영 기자] 국내 우량기업 5곳이 대전에 1000여억원 투자에...",https://www.news2day.co.kr/article/20230906500224,
6732,나날에스엠아이,"롯데웰푸드 등 5개 기업, 대전에 1100억원 투자…사업장 신·증설 나선다","7일 대전시에 따르면 정보기술(IT) 서비스기업나날에스엠아이를 비롯해 석유화학업체 디엘케미칼, 제과업체 롯데웰푸드, 방호울타리 제조업체 신화, 온라인 정보제공업체 리파인 등과 사업장 이전 및 신·증설 투자 등을 내용으로 하는 업무협약을 체결했다. 시는 이들 기업에 대해 원활한 투자...",https://www.econovill.com/news/articleView.html?idxno=625039,
6732,나날에스엠아이,[퇴근길이슈] 이다인 개명·송중기 헝가리·이수만 입원설·튀르키예 기부,"바쁘고 소란스러운나날들, 오늘은 세상에 또 어떠한 일들이 일어났을까요. 조이뉴스24가 하루의 주요 뉴스와 이슈를 모아 [퇴근길 이슈]를 제공합니다.... 지난 7일 장 중 카카오는에스엠의 지분 9.05%를 확보했다고 밝혔습니다.에스엠이 제3자 배정 유상증자 형태로 발행하는 123만주 규모의 신주를 인수하고...",http://www.joynews24.com/view/1565220,
6732,나날에스엠아이,"티맥스오피스, 대형 공공사이트 첫 진입","특허청은 4세대 사업자 선정을 위해 최근 입찰 경쟁을 진행,나날에스엠아이와 티맥스오피스 컨소시엄을 최종 사업자로 선정했다. 티맥스오피스는 이번 사업의 핵심인 명세서작성기 개발을 담당한다. 연간 20만건 이상의 특허 관련 서류가 명세서작성기를 통해 작성된다. 변리사를 비롯해 기업, 일반인...",http://www.etnews.com/20210331000241,
6732,나날에스엠아이,장안대 '2021년도 전문대 재학생단계 일학습병행 공동훈련센터' 선정,"더블루션 리치앤타임나날에스엠아이아이디어빈스 데이터사이언스랩 인벨류비즈 등 총 6개 기업이 참여한다. 이원동 산학협력처장은 ""일학습병행을 통해 국가직무능력표준(NCS)에 기반한 산업 맞춤형 학사체계 구축과 직업교육 활성화로 대학교육과 기업 직무 간 미스매치를 해소할 것으로 기대한다...",http://www.veritas-a.com/news/articleView.html?idxno=339497,
6732,나날에스엠아이,"[격랑속 엔터 '빅3' -끝] SM·JYP·YG ""실적으로 명예회복""","시련의나날을 보내고 있습니다.에스엠은 행동주의 펀드로부터 경영개선 요구를 받았고, 와이지는 승리사태로 직격탄을 맞으며 대표가 사퇴하는... [사진=네이버금융] 1996년 서태지와아이들 출신 가수 양현석이 설립한 와이지엔터테인먼트는 원타임과 지누션, 빅뱅, 투애니원, 블랙핑크 등 잇따라...",http://www.newspim.com/news/view/20190617000920,
