company_id,company_name,news_title,news_text,news_url,posted_at
5142,더스토리하우스,"ETRI-월드케이팝센터-더스토리하우스-오스리움, LOI 체결… 케이팝 굿즈를 활...","한국전자통신연구원(ETRI)와 월드케이팝센터,더스토리하우스, 오스리움이 2월 20일 케이팝 굿즈를 활용한 에셋 커머스 생태계 구축 및 상호 협력을 위한 업무협력의향서 LOI를 체결했다고 밝혔다. 에셋 커머스 생태계 기술 개발은 인공지능 기술을 활용해 메타버스 환경에서 활용될 입체적이고 고해상도인...",http://sports.khan.co.kr/news/sk_index.html?art_id=202402210952003&sec_id=540301&pt=nv,
5142,더스토리하우스,"ETRI·월드케이팝센터·더스토리하우스·오스리움, 케이팝 굿즈 활용 에셋 커...","사진제공_ 월드케이팝센터 한국전자통신연구원(ETRI), 월드케이팝센터,더스토리하우스, 오스리움은 20일 케이팝 굿즈를 활용한 에셋 커머스 생태계 구축 및 상호 협력을 위한 업무협력의향서 LOI를 체결했다고 밝혔다. 에셋 커머스 생태계 기술 개발은 인공지능 기술을 활용해 메타버스 환경에서 활용될...",https://www.smarttoday.co.kr/news/articleView.html?idxno=44082,
5142,더스토리하우스,"'메이플스토리' 팝업스토어 '몬스터하우스', 주말 방문 사전예약 1분만 매진","한편, 지난 7월 2일부터 매주 일요일 삼성 강남 3층에서 진행되는 ‘메이플스토리월드와 함께하는 픽셀 아트 크리에이터’ 클래스 또한 모집 정원이 조기 마감됐으며, 많은 현장 관람객들의 관심에 힘입어 성황리에 진행되고 있다. ‘몬스터하우스’의 ‘인투더메이플스토리’ 포토존. (사진제공=넥슨)",https://www.viva100.com/main/view.php?key=20230911010002948,
5142,더스토리하우스,더스토리하우스| 방대한 여행·쇼핑 정보 맞춤형 제공,정보를더많이 얻는 것보다 나에게 맞는 정보를 선별하는 능력이더중요해졌다.더스토리하우스는 이 같은 디지털 소비자 요구를 정확하게 공략한 기업이다. 고객이 쇼핑할 때 의사결정을 쉽게 할 수 있도록 데이터에 근거한 정보를 제공하는 게 비즈니스 모델이다. 핵심 기술은 3가지다. 미디어딕...,http://news.mk.co.kr/newsRead.php?&year=2017&no=236791,
5142,더스토리하우스,"핀테크 챌린지, '더스토리하우스·8퍼센트...' 본선행","핀테크 스타트업 공모전 2015의 평가 결과를 코스콤 전대근 전무가 발표했다 [아이티투데이 정일주 기자]핀테크 스타트업 공모전 '2015 핀테크 코리아 챌린지'의 사업ㆍ기술 부문 2차 예선서더스토리하우스, 8퍼센트, 레이니스트가 본선 진출권을 따냈다. 8일 서울시 강남구 삼성동에 위치한 디캠프에서...",http://www.ittoday.co.kr/news/articleView.html?idxno=59851,
5142,더스토리하우스,'펜트하우스2' 신드롬..방송 첫 주 20% 돌파 '별그대' 이후 8년 만,"◆ 두 배더독해진스토리‘펜트하우스2’는 두 배더독해진스토리와 전개로 강렬한 포문을 열었다. 청아예술제가 진행되던 도중 돌계단에서 추락한 의문의 소녀를 비롯해 천서진과 하윤철(윤종훈)의 위험한 재회, 하윤철을 납치한 후 손목을 부러뜨리며 바다에 내던지게 한 주단태(엄기준)의 더욱...",http://star.mt.co.kr/stview.php?no=2021022319301181280,
5142,더스토리하우스,"'메이플스토리' 추억 도심서 쌓는다... '몬스터하우스', 매력적 콘텐츠 '가득...","4층 전체를 '메이플스토리'를 위한 공간으로 꾸민 '몬스터하우스'는 포토존, 공식 굿즈 및 콜라보 제품을 판매하는 스토어, 게임존으로 구성돼 있다. 먼저 몬스터 테마의 포토존 '인투더메이플스토리'는 '핑크빈' '주황버섯''슬라임' 등 '메이플스토리'의 대표 캐릭터들과 함께 사진을 찍을 수 있는 공간이다. 각...",https://www.xportsnews.com/article/1770478,
5142,더스토리하우스,"넥슨, ‘메이플스토리’ 팝업스토어 ‘몬스터하우스’ 주말 방문 사전예약 1분...","넥슨, '메이플스토리' 팝업스토어 대표이미지/넥슨 넥슨은 '삼성 강남'에서 오는 22일까지 운영되는 '메이플스토리'의 팝업스토어 '몬스터하우스'의 주말... 먼저, 레트로한 도트 감성을 입은 '메이플스토리' 몬스터 테마의 '인투더메이플스토리' 포토존을 마련했다. 이곳에서 독특한 도트 그래픽 의상과 소품을...",http://www.metroseoul.co.kr/article/20230912500095,
5142,더스토리하우스,"삼성전자-넥슨, '메이플스토리팝업스토어' 성료…""20대 관심 커""",삼성전자가 서울 서초구 체험형 매장 삼성 강남에 마련한 팝업스토어인 강남 X 넥슨 메이플스토리몬스터하우스를 이용하려는 방문객들이 줄을 서서... Z 플립5를 접목한 공간인 '인투더메이플스토리' 존도 관심을 모았다. 도트 그래픽 의상과 소품을 착용한 후 갤럭시 Z 플립5를 활용해 원하는 각도와...,http://www.m-i.kr/news/articleView.html?idxno=1053689,
5142,더스토리하우스,"다양한 테마룸 이용한 새로운 방식의 파티 레스토랑,더스토리인미영 대표를...","더스토리는 전통식,하우스웨딩 콘셉트, 안데르센 동화 느낌을 주는 공간 등 7개의 테마룸을 갖추고 있으며, 넓은 공간과 뛰어난 인테리어로 고객들의 마음을 사로잡고 있다. 더불어 헤어와 메이크업, 의상까지 논스톱으로 해결 가능해 잔치 준비만으로도 분주한 고객들의 일손을 돕고 있다. 전문업체의 스냅...",http://www.enewstoday.co.kr/news/articleView.html?idxno=368357,
