company_id,company_name,news_title,news_text,news_url,posted_at
12139,메이저텔레콤,"KLPGA 시즌 첫메이저대회, 25일 개막…이다연·박현경 등 출격","박지영과 이예원은 개인 통산 2번째메이저대회 제패를 노린다. 박지영은 ""최대한 실수 없이 스코어를 줄여 우승까지 노려보겠다""고 출사표를 던졌다. 이예원은 ""이 대회 최고 성적이 5위였는데, 올해 최고 성적을 경신하겠다""고 각오를 전했다. 이 외에도 상금 부문 2위에 오른 김재희(SK텔레콤)와...",https://www.newsis.com/view/?id=NISX20240423_0002710136&cID=10504&pID=10500,
12139,메이저텔레콤,"美메이저경험 방신실, 韓메이저출격 “샷감 나쁘지 않아”","3월 해외 개막전 하나금융그룹 싱가포르 여자오픈에서 생애 첫 승을 올린 김재희(23·SK텔레콤)와 이달 초 국내 개막전 두산건설 위브 챔피언십에서 정상을 밟은 황유민(21·롯데)도 시즌 2승 선착 경쟁을 벌인다. 김재희는 “생애 첫 우승을 기록한 올 시즌, 역사가 가장 깊은 이 대회에서 생애 첫메이저...",https://www.seoul.co.kr/news/sport/golf/2024/04/24/20240424500053?wlog_tag3=naver,
12139,메이저텔레콤,"동료도 혀 내두른 '독주' 이정민, 역대 KLPGA투어 72홀 최소타 타이 기록으로...","4라운드 내내 훌륭한 선수들과 경쟁하면서 잘한 나를 칭찬해주고 싶다""고메이저첫 승 소감도 말했다. 올 시즌 첫 30대 우승자로 이름을 남긴 이정민이다. 지난 3월 개막전부터 이번 대회 전까지 5개 대회가 치러지는 동안 우승을 거둔 김재희(24·SK텔레콤-이예원(22·KB금융그룹)-황유민(22·롯데)-박지영(28...",https://www.stnsports.co.kr/news/articleView.html?idxno=216116,
12139,메이저텔레콤,"돌아온 박민지, 5개월만에 국내 무대 등장…시즌 첫메이저겨냥 [KLPGA 챔피...",2024년 한국여자프로골프(KLPGA) 투어 시즌 첫메이저대회 크리스에프앤씨 제46회 KLPGA 챔피언십에 출전하는 박민지 프로. 사진제공=KLPGA 지난... 박민지가 국내 코스에서 펼쳐지는 대회에 나오는 것은 작년 11월 12일 막을 내렸던 시즌 최종전 SK쉴더스·SK텔레콤챔피언십 이후 약 5개월만이다....,https://golfhankook.hankooki.com/news/articleView.html?idxno=20010877,
12139,메이저텔레콤,‘최경주·이경규VS이대호·허인회’ 뜨거운 기부 경쟁 시작,SK텔레콤채리티 오픈은 올해 3회째로 국내메이저급 대회인 SK텔레콤오픈 2024(5월 16일~19일)의 사전 행사로 개최된다. 골프와 예능을 대표하는 레전드 최경주와 이경규가 한 팀으로 뭉친다. 시원한 장타를 자랑하는 ‘조선의 4번 타자’ 이대호와 ‘골프 천재’ 허인회 선수가 한 팀을 이뤄 ‘최경주...,http://jtbcgolf.joins.com/news/news_view.asp?ns1=45082,
12139,메이저텔레콤,"KPGA 무명서메이저킹 직행… 백석현, SK텔레콤오픈 우승",백석현이 한국프로골프(KPGA) 코리안투어 '메이저급' 대회 SK텔레콤오픈(총상금 13억원)에서 생애 첫 우승을 거뒀다. 백석현은 21일 제주 서귀포 핀크스 GC에서 펼쳐진 SK텔레콤오픈에서 마지막날 2타를 줄이며 나흘 합계 13언더파 271타로 우승컵을 품에 안았다. 그는 한국 무대에서는 철저히 무명이다....,http://www.fnnews.com/news/202305211758016630,
12139,메이저텔레콤,"백석현,메이저급 SK텔레콤오픈 2라운드도 선두","백석현(사진=이데일리 골프in 김상민 기자) 백석현(33)이 한국프로골프(KPGA) 코리안투어메이저급 대회 SK텔레콤오픈(총상금 13억원) 1, 2라운드에서 내리 선두를 달렸다. 백석현은 19일 제주도 서귀포시의 핀크스 골프클럽(파71)에서 열린 대회 1라운드 잔여 경기와 2라운드 18홀까지 27홀을 치른 끝에...",http://starin.edaily.co.kr/news/newspath.asp?newsid=02305846635610560,
12139,메이저텔레콤,"SK텔레콤, 지난해 영업익 1조7532억… 전년비 8.8% ↑","SK텔레콤은 지난해 일본, 호주, 싱가포르의메이저의료기기 유통사, 보험사 등과 현지 동물병원 공급을 위한 파트너십을 체결한 데 이어 지난달 미국 수의영상업체인 베톨로지와 협력을 체결하고 미국 진출을 진행 중이다. ‘AI서비스’, 에이닷 킬러 콘텐츠 지속 추가 서울 SK텔레콤본사 사옥. 사진...",https://weekly.cnbnews.com/news/article.html?no=157815,
12139,메이저텔레콤,"SK텔레콤, 작년 영업이익 1조7532억원 8.8％ 성장 .... 'AI 피라미드' 전략 효...","SK텔레콤을지로 사옥 SK텔레콤이 지난해 AI 피라미드 전략에 힘입어 9%에 가까운 영업이익 성장을 기록했다. AI인프라, AIX, AI 서비스 3대 사업... SKT는 지난 해 일본, 호주, 싱가포르의메이저의료기기 유통사, 보험사 등과 현지 동물병원 공급을 위한 파트너십을 체결한 데 이어 지난 1월에는 미국...",http://www.worktoday.co.kr/news/articleView.html?idxno=48381,
12139,메이저텔레콤,‘탱크’ 최경주 PGA챔피언스투어메이저대회 최고 성적,사진제공 | KPGA ‘한국산 탱크’ 최경주(53·SK텔레콤)가 시니어투어메이저대회 최고 성적을 기록했다. 최경주는 17일(한국시간) 막을 내린 미국 오하이오주 아크론에 있는 파이어스톤 컨트리클럽(파70)에서 열린 미국프로골프(PGA) 챔피언스투어 콜릭 컴패니스 챔피언십(총상금 350만달러)에서 공동 3위를...,https://www.sportsseoul.com/news/read/1330594?ref=naver,
