company_id,company_name,news_title,news_text,news_url,posted_at
9728,바른아이,"시흥도시공사, '시니어모델워킹 무료 특강' 행사 개최","건강걷기 강좌 통해 활력 있고 자신감 있는 일상 기대 시흥아이꿈터 어린이날 기념 행사 성료 아주경제=시흥=윤중국 기자 yjk@ajunews.com [사진... '시니어모델워킹' 강좌를 통해 바르게 걷는 방법뿐만 아니라 실생활에 필요한 체형관리와바른자세 교정, 이미지 메이킹 등을 배울 수 있다. 또한 바르게 걷는 방법을...",https://www.ajunews.com/view/20240510105749889,
9728,바른아이,김값 전년보다 80% 올랐다…아이들 좋아하는 김밥도 더 뛸까,김밥 프랜차이즈인 바르다김선생은 지난달 대표 메뉴인 ‘바른김밥’ 가격을 4300원에서 4500원으로 올렸다. 정부는 김 수출 증가로 인한 가격 인상에 대응하기 위해 오는 7월부터 2700㏊ 규모의 신규 양식장을 개발해 김 생산량을 4% 늘릴 계획이다. 7월 신규 양식장을 개발하면 실제 김 생산은 10월부터...,https://www.sedaily.com/NewsView/2D93VQCHLY,
9728,바른아이,"진주시가좌사회복지관, 소아비만 예방 프로그램 '아이Can do It level up'진...","진주시가좌사회복지관(관장 안병용)은 진주시에 거주하는 초등 3 ~ 6학년 아동을 대상으로 올바른성장을 위한'아이Can do it level up'프로그램을 운영하고 있다. '아이Can do it level up'은 경남사회복지공동모금회의 지원을 받아 작년에 이어 2년째 진행 중인 프로그램이며, 올해는 성장 전문 한의원과...",https://www.newsgn.com/news/articleView.html?idxno=417453,
9728,바른아이,"전북교육청·노인회 전북연합회, 학생바른인성 함양 협력","서거석 교육감은 ""아이들의 실력과바른인성을 키우기 위해서는 우리사회가 함께해야 가능하다""며 ""각계각층에서 경험을 쌓아온 어르신들의 참여가 교육현장에 큰 도움이 될 것""이라고 했다. ※CBS노컷뉴스는 여러분의 제보로 함께 세상을 바꿉니다. 각종 비리와 부당대우, 사건사고와 미담 등 모든...",https://www.nocutnews.co.kr/news/6141045?utm_source=naver&utm_medium=article&utm_campaign=20240507033648,
9728,바른아이,"할머니 육아방식 어땠길래, 오은영 “아이들과 따로 살아야”(금쪽같은)","남편과 이혼하면서 할머니 집으로 이사해아이들을 키우기 시작했다는 엄마는 한 가지 고민이 있다고 하는데. 바로, 딸과 할머니가 매일 같이 싸운다는... 곧이어 집 안에 설치된 카메라를 발견한 금쪽이는 곧잘 양치질도 하고 “잘 먹었습니다”란 인사와 함께 싱크대에 그릇을 정리하는 예의바른모습을 보여...",https://www.newsen.com/news_view.php?uid=202405091417246310,
9728,바른아이,"""정체 불명의 퓨전 한복에 전통 파괴 우려""에바른한복 입기 행사도","딸아이한테도 보여주고 싶었고."" 한복을 입은 뒤엔 경복궁을 함께 걸으며 사진도 찍으며 추억을 남깁니다. [신나라/'한복의재발견' 기획자] ""경복궁 담벼락이 보이거든요. 그 앞에 한복을 입고 돌아다니는 외국인들이 많았어요. 사실 보고 있자면 '이게 진짜 우리 한복이 맞아?'라는 생각이 들더라고요. 그래서 전통...",https://news.jtbc.co.kr/article/article.aspx?news_id=NB12195160,
9728,바른아이,세종시 착한아이나눔캠페인 전개,"박상혁 세종모금회장은 ""주변을 살피고 배려할 줄 아는아이들로 성장하기를 바라는 마음에서 착한아이나눔캠페인을 마련했다""며 ""아동·청소년들이 나눔 정신과바른인성을 기르는데 도움이 되기를 기대한다""고 말했다. 착한아이나눔캠페인에 참여를 원하는 세종시민은 세종사회복지공동모금회 사무처...",https://www.inews365.com/news/article.html?no=813500,
9728,바른아이,"인천시 부평구, 초등생바른먹거리 교육 10일 개강","되는 자발적인 식습관을 형성하고, 건강한 먹거리를 선택할 수 있는 능력을 기를 수 있을 것으로 기대하고 있다. 구 관계자는 “당도계를 이용한 가공식품 속 설탕 함량 알아보기 체험 등 참여 수업을 통해아이들이 스스로 식생활 안전에 대한 흥미를 갖고 올바른식품을 선택할 수 있기를 바란다”고 말했다.",https://www.siminilbo.co.kr/news/newsview.php?ncode=1160290486803852,
9728,바른아이,건기식 '브레이니아이'…론칭 3주만 판매액 160억 돌파,"교원 빨간펜은아이의 기억력 및 집중력 개선 등 발달에 긍정적 도움을 줄 수 있는 점이 학부모들의 주목을 받았다며 ""교육 상품을 중심으로 한 기존 성장 방식에서 벗어나아이의 올바른성장을 극대화할 수 있는 사업으로 영역을 넓혀 이뤄낸 유의미한 성과""라고 평가했다. 지난 4일 출시한 '브레이니아이...",https://www.newsis.com/view/?id=NISX20240424_0002711646&cID=10433&pID=13000,
9728,바른아이,두아이엄마인 이 여성이 동화구연 시작한 사연,"어린이를 대하는 올바른자세는 무엇일까요? ""자녀를 키우고 동화구연을 하면서 마주한 사람이 있어요. 내 마음속 어린아이, 어렸을 때의 저예요. 부모님이 맞벌이를 해서 혼자 있는 시간이 많았어요. 어린이를 보면 그때의 제가 생각나 애틋해요. 어린이의 눈높이에 맞춰 이야기를 들어주고 생각과 감정을...",https://www.ohmynews.com/NWS_Web/View/at_pg.aspx?CNTN_CD=A0003027272&CMPT_CD=P0010&utm_source=naver&utm_medium=newsearch&utm_campaign=naver_news,
