company_id,company_name,news_title,news_text,news_url,posted_at
2381,엠제이미디어,"엠제이플렉스, 로펌 진현과 업무협약 체결","방송미디어, 대기업, 공공기관 등 다양한 기업에 HR서비스를 제공하고 있으며 우리나라의 청년 일자리 창출과 취약계층의 취업 지원을 위해 힘써온...엠제이플렉스와 로펌 진현은 이번 업무협약 체결식을 통해 ▲ 기업법무와 지적재산권 ▲ 법률지원 자문 및 컨설팅 ▲ 공동 프로젝트 개발 및 수행 ▲ M&A와...",https://www.venturesquare.net/917909,
2381,엠제이미디어,"형설이엠제이, 전문대 취업역량강화 사업 교육기관 선정","장진혁 형설이엠제이대표이사는 ""코로나 19로 힘든 시기를 보내고 있는 대학생들에게 KBS미디어평생교육원이 제공하는 민간자격증 교육과정이 성공적인 취업에 큰 도움이 되길 바란다""고 말했다. 자세한 사항은 형설이엠제이KBS미디어평생교육센터로 문의하면 된다.",http://www.wowtv.co.kr/NewsCenter/News/Read?articleId=A202109150129&t=NN,
2381,엠제이미디어,"나인커뮤니케이션, 형설이엠제이및 형설출판사와 MOU","형설이엠제이는 1959년 창립 후 형설출판사를 주축으로 구성된 형설출판그룹의미디어, IT, 에듀테인먼트 전문 계열사로,미디어및 IT 시장 환경과 조화를 이루며 누구나 학습의 어려움 없이 즐겁게 학습할 수 있는 환경을 제공하는 데 주력하고 있다. 형설출판사는 대학 교재부터 중고교 검정교과서, 교원...",https://www.news1.kr/articles/4912714,
2381,엠제이미디어,"형설이엠제이, 대한수의사회와 반려동물 돌봄 전문가 ‘펫시터 자격과정’ 운...","㈜형설이엠제이와 (사)대한수의사회는 반려동물 보호자와 전문가가 되고자 하는 예비 펫시터들을 위해 ㈜형설이엠제이와 KBS미디어가 공동 운영하는 KBS미디어평생교육센터 반려동물교육원에서 ‘펫시터 자격과정’을 서비스할 예정이다. 체계적인 커리큘럼과 학습관리, 그리고 분야별 전문가로 구성된...",http://www.wowtv.co.kr/NewsCenter/News/Read?articleId=A202108170051&t=NN,
2381,엠제이미디어,"원광대 반려동물산업학과, ㈜형설이엠제이와 '업무협약' 체결","김옥진 원광대 반려동물산업학과장은 ""반려동물 관련 학술적 연구 성과와 교육 자료가 축적돼 있음에도 불구하고 지역이라는 한계로 영역 확대에 어려움이 있었다""며 ""전국적인 온라인 비대면 교육 네트워크를 갖춘 ㈜형설이엠제이의 KBS미디어평생교육센터와 협약을 계기로 학과가 보유한 성과들을...",http://www.gukjenews.com/news/articleView.html?idxno=2264682,
2381,엠제이미디어,"원광대 반려동물산업학과, ㈜형설이엠제이와 산학협력 협약체결","김옥진 반려동물산업학과장은 ""원광대 반려동물산업학과는 반려동물 관련 학술적 연구 성과와 교육 자료가 축적돼 있음에도 불구하고 지역이라는 한계로 영역 확대에 어려움이 있었다""며 ""전국적인 온라인 비대면 교육 네트워크를 갖춘 ㈜형설이엠제이의 KBS미디어평생교육센터와 협약을 계기로 학과가...",http://www.veritas-a.com/news/articleView.html?idxno=376432,
2381,엠제이미디어,"한국HR서비스산업협회, 김시출엠제이플렉스 대표 부회장 선임...임명장 수여","협회에는 제일비엠시,미디어윌네트웍스,엠제이플렉스, 티오에스코리아, 유니에스, 케이텍맨파워, 위드굿피플, 티이에스 등 정상급 아웃소싱 기업들이 회원사로 가입돼 있다. 이날 수여식에는 김정현 한국HR서비스산업협회 회장과 김시출엠제이플렉스 대표를 비롯해 공선욱 부회장 등 주요 관계자들이...",http://www.job-post.co.kr/news/articleView.html?idxno=28879,
2381,엠제이미디어,"형설이엠제이, KBS미디어와 함께 원격평생교육시설 공동 등록 ""교육사업 확대...","온라인 및 오프라인 교육을 통해 교육 사각지대를 해소하는데 큰 역할을 하게 될 것으로 전망한다""고 말했다. 한편, KBS미디어온라인평생교육원은 KBS미디어와 형설출판그룹 형설이엠제이가 '전 국민 평생교육 생활화, 교육 동기 유발 및 환경 조성'을 목표로 공동사업으로 운영하는 국내 최대의 교육 포털이다.",http://www.newsworker.co.kr/news/articleView.html?idxno=14696,
2381,엠제이미디어,"형설이엠제이-KBS미디어, 원격평생교육시설 공동 등록","한편, KBS온평원은 KBS미디어와 형설출판그룹 형설이엠제이가 '전 국민 평생교육 생활화, 교육 동기 유발 및 환경 조성'을 목표로 공동사업으로 운영하는 국내 최대의 교육 포털이다. (연합뉴스) ▶기사제보 및 문의 ▶기자와 1:1 채팅 ▶평창동계올림픽 영상 공모전",http://app.yonhapnews.co.kr/YNA/Basic/SNS/r.aspx?c=AKR20180129102900848&did=1195m,
2381,엠제이미디어,"형설이엠제이, 운세와 게임 무료로 즐기는 앱 ‘마블랜드 포춘팡’ 론칭","형설이엠제이의미디어사업파트 홍종익 실장은 “1차 론칭 이후 마블랜드 미니게임을 4종 외에 추가적으로 늘려나갈 계획이다”며 “향후에는 ‘포춘팡’을 한국어, 영어, 중국어, 일본어로 서비스하며 한국 캐릭터와 한국식 운세의 세계화에 도전하고 한류의 새로운 장르를 개척할 것”이라고...",http://www.rpm9.com/news/article.html?id=20160708090040,
