company_id,company_name,news_title,news_text,news_url,posted_at
4969,제이제이유비쿼터스,<부음> 이재균(삼천리자산운용 대표)씨 부친상 外,"(02)3010-2230 ▶김기경(전 한국일보 판매이사)씨 별세, 김준성(제이제이 유비쿼터스이사)씨 부친상=14일 오후 11시 압구정성당, 발인 17일 오전 7시. (02)515-1938 ▶신명선(전 현대중공업 부사장)씨 별세, 신찬웅(인디아나 웨슬리언대학 교수)ㆍ혜인(나루아트센터 주임)씨 부친상, 이정훈(SK C&C 과장)씨...",http://biz.heraldcorp.com/view.php?ud=20141016000312,
4969,제이제이유비쿼터스,[부고] ▲김기경(전 한국일보 판매이사)씨 별세 外,▲김기경(전 한국일보 판매이사)씨 별세ㆍ준성(제이제이유비쿼터스이사)씨 부친상=14일 오후11시20분 압구정성당 발인 17일 오전7시 (02)515-1938 ▲신명선(전 현대중공업 부사장)씨 별세ㆍ찬웅(미 인디애나 웨슬리안대 교수) 해인(나루아트센터 주임)씨 부친상ㆍ유상림(미 인디애나주립대 교수)씨...,http://www.hankookilbo.com/v/433818ea23a543d1973ce64c022e857b,
4969,제이제이유비쿼터스,김기경 전 본지 사회부장 별세,"한국일보 편집국 전국부장, 부국장을 거쳐 총무국장, 판매담당 이사, 뉴미디어본부 이사 등을 역임했다. 유족으로는 부인과 딸 선영씨, 아들 준성(제이제이 유비쿼터스이사)씨가 있다. 빈소는 압구정성당 영안실에 마련됐으며 발인은 17일 오전7시. (02)515-1938 [ⓒ 인터넷한국일보, 무단 전재 및 재배포 금지]",https://n.news.naver.com/mnews/article/011/0002584820?sid=102,
4969,제이제이유비쿼터스,"인종차별하고 막말하는 AI, 원인은 '불량 데이터'에","--------------------------------------------------------------- 인공지능 인기기사 ->칼럼 | 성큼 도래한유비쿼터스AI 세상··· 마음의 준비를 'Her'하라 ->기고... (Jask)의제이제이가이에 따르면, AI의 99%는 데이터 로지스틱스다. 그는 데이터 세트의 발전이 AI의 중요한 발전에 원동력을 제공했다고 강조했다. 가이는...",http://www.ciokorea.com/news/37310,
4969,제이제이유비쿼터스,김기경 전 한국일보 이사 별세,"부국장을 거쳐 총무국장, 판매담당 이사, 뉴미디어본부 이사 등을 역임했다. 유족으로는 부인과 딸 선영, 아들 준성(제이제이 유비쿼터스이사)씨가 있다. 빈소는 압구정성당 영안실, 발인 17일 오전 7시, 장지는 용인 삼성공원. (02)515-1938 [ⓒ 한국일보(hankookilbo.com), 무단 전재 및 재배포 금지]",http://www.hankookilbo.com/v/dc0973edf36b4c45afc4b59124ff6baf,
