company_id,company_name,news_title,news_text,news_url,posted_at
6747,두손씨앤아이,"두손씨앤아이, 2024 소비자가 뽑은 서비스고객만족대상 수상",㈜두손씨앤아이'스넥아일랜드'가 25일 서울 중구 한국프레스센터에서 열린 머니투데이 '2024 소비자가 뽑은 서비스고객만족대상'에서 고객만족(유통솔루션) 부문 대상을 수상했다. '소비자가 뽑은 서비스고객만족대상'은 유망 서비스산업을 집중 육성하려는 정부 정책에 발맞춰 서비스 및 고객 만족도가 높은...,http://news.mt.co.kr/mtview.php?no=2024042418144970398,
6747,두손씨앤아이,"두손씨앤아이, 통합 유통 ERP '스넥아일랜드' 론칭","두손씨앤아이가 중대규모 유통 판매센터를 위한 운영시스템 '스넥아일랜드'를 론칭했다고 밝혔다. 스넥아일랜드는 표준화된 물류 업무를 할 수 있는 WMS와 소매 매장 점주가 자유롭게 주문 및 소통이 가능한 스넥아일랜드 오더 및 자동발주시스템(AOS), 유통센터의 현장 판매 및 배송 검수가 가능한 POS...",http://news.mt.co.kr/mtview.php?no=2024040409510663789,
6747,두손씨앤아이,"두손씨앤아이, 더베스트페이와 전략적 업무제휴 협약 체결","두손씨앤아이는 지난 10일, 전자 지불결제 전문 솔루션사인 더베스트페이와 신용카드 및 간편결제 서비스 고도화를 위한 전략적 업무협약을 체결했다고 12일 밝혔다. 2002년에 설립된 더베스트페이는 BYC 프랜차이즈 서비스를 시작으로 르노삼성서비스, 비트소프트, 한솥도시락 프랜차이즈, 서울아산병원과...",http://news.mt.co.kr/mtview.php?no=2022081215212323116,
6747,두손씨앤아이,"두손씨앤아이, 일단계 네트워크 판매 가능한 ‘mPOS’ 출시","[머니투데이 중기&창업팀 고문순 기자] ㈜두손씨앤아이는 안드로이드 기반에서 운영이 가능한 모바일 포스 솔루션 mPOS를 지난 5월 1일 출시했다고 밝혔다. 사진제공=두손씨앤아이주 이용자는 오프라인 매장의 점주와 점주가 네트워크로 구성한 판매 매니저로, 모바일 쇼핑몰과 비슷하게 구성된 포스 화면에서...",http://www.mt.co.kr/view/mtview.php?type=1&no=2017051616482811205&outlink=1,
6747,두손씨앤아이,두손씨앤아이통합 홈페이지 리뉴얼… RFID 시스템 개발,"두손씨앤아이(대표 권형모)가 최근 자사 홈페이지를 새롭게 개편하여 오픈했다고 밝혔다. 이번에 개편된 홈페이지는 반응형&적응형 웹기반으로 언제 어디서든지 패션업계가 당면한 현실적 과제를 ERP를 통해 개선하는 방법에 대해 안내하며, 홈페이지에 방문하는 고객의 유입정보를 실시간으로...",http://news.mt.co.kr/mtview.php?no=2018091113245163984,
6747,두손씨앤아이,"두손씨앤아이, 두손ERP 8 widoo 솔루션 출시",[머니투데이 B&C 고문순 기자] 패션ERP 전문 기업두손씨앤아이와 온라인 쇼핑몰 솔루션 업체 '위사'가 온라인과 오프라인의 모든 정보를 통합하여 상품을 구매하는 고객으로 하여금 최상의 구매서비스를 제공할 수 있는 패션ERP 패키지 솔루션 두손ERP 8 WIDOO를 9월1일 출시했다고 밝혔다. 최근 패션 시장은...,http://www.mt.co.kr/view/mtview.php?type=1&no=2015090916262398254&outlink=1,
6747,두손씨앤아이,"두손씨앤아이, 두손ERP 8 버전에 재고통제 솔루션 탑재","[머니투데이 B&C 고문순 기자]두손씨앤아이(대표 권형모)는 과거 8년간의 온, 오프라인 통합 업무 경험을 최대한으로 살린 재고 통제 기능을 구현하여 두손ERP 8 버전에 탑재했다. 기능 명칭은 ICT in ERP(Inventory Control Tower in ERP)로, ICT in ERP가 목표로 하는 시즌별 기본 판매율 95% 이상의 완판율을 목표로 하고...",http://www.mt.co.kr/view/mtview.php?type=1&no=2014093020352303673&outlink=1,
6747,두손씨앤아이,"두손씨앤아이, 패션유통 특화 ‘두손ERP 8’로 수익증대 지원","본문 이미지 영역 사진제공=두손씨앤아이그 중두손씨앤아이는 패션유통 분야에 특화된 ERP 솔루션 ‘두손 ERP 8’을 선보이며 큰 호응을 얻고 있다. 재무회계, 물류, 생산, 자재, 매장, 영업, 프로모션, BI 기능을 하나의 어플리케이션에 통합해 일원화된 업무 프로세스를 구축할 수 있는 것은 물론 도입...",http://www.mt.co.kr/view/mtview.php?type=1&no=2015042218032788253&outlink=1,
6747,두손씨앤아이,"두손씨앤아이, '2016 산업안전보건경영대상' 산업보건부문 수상","[머니투데이 중기&창업팀 고문순 기자] 지난 14일 머니투데이, 한국융합기술경영협회주최, 후원 동반성장위원회, 중소기업청 후원하에 서울 중구 프레스센터에서 '2016 산업안전보건경영대상' 시상식에서 (주)두손씨앤아이권형모 대표가 산업안전부문상을 수상했다.두손씨앤아이는 패션 IT 발전을 이끄는...",http://www.mt.co.kr/view/mtview.php?type=1&no=2016121518180746068&outlink=1,
6747,두손씨앤아이,"두손씨앤아이, 패션 IT 발전 이끄는 ERP기업","[머니투데이 B&C 이동오 기자] -미래창조경영우수기업 2007년 설립된두손씨앤아이는 패션유통 ERP 솔루션 전문기업으로서 컨설팅부터 시스템 구축 및 운영까지 체계적인 지원을 맡고 있다. 20여 년간 패션브랜드의 기간계시스템, 유통POS, 온, 오프라인 통합관리 분야에서 컨설팅 서비스를 제공하며 얻은...",http://www.mt.co.kr/view/mtview.php?type=1&no=2013081922502349154&outlink=1,
