company_id,company_name,news_title,news_text,news_url,posted_at
720,디지탈포디,"디지탈 포디, 천연나무 소재 친환경 USB 메모리 '훈민정음' 출시","디지탈포디(대표 라윤상, www.digital4d.co.kr)는 27일, 천연 나무 소재를 적용한 친환경 USB 메모리 '훈민정음'을 출시한다고 밝혔다. 이 제품은 한글의 자음 마지막 자인 'ㅎ'을 형상화한 독특한 디자인으로 한글의 독창성을 표현했으며, 또한 친환경 소재를 적용함으로써 탄소배출 감소와...",http://kr.aving.net/news/view.php?articleId=199517&Branch_ID=kr&rssid=naver&mn_name=news,
720,디지탈포디,"디지털포디, '갤러리스틱' 파워 배터리 눈길끄네","IT 용품 제조 벤처기업디지탈포디(대표 라윤상)는 최근 갤러리스틱 시리즈 제품인 USB와 보조배터리를 출시했다.디지탈포디는 친환경 디자인의 저장장치 및 스마트폰 악세사리 제조를 전문으로 하고 있으며, 이번에 출시된 갤러리스틱 시리즈 또한 자체 디자인을 통해 개발됐다. 갤러리스틱...",http://www.econovill.com/archives/165851,
720,디지탈포디,"[CeBIT 2003] I M R I, 2500만달러 공급 계약","또 3차원 스캐너와 디지털신호처리(DSP)카메라를 전시한포디컬쳐,5백명까지동시대화가 가능한 e러닝솔루션을 내놓은 다이나믹미디어,구부릴 수 있는 실리콘 재질의 키보드를 전시한 플렉시스도 해외 바이어들로부터 호평받았다.디지탈웨이 거원시스템 등 MP3플레이어업체들도 주목받았다.디지탈웨이는...",https://n.news.naver.com/mnews/article/015/0000599260?sid=101,
720,디지탈포디,[제50회 무역의 날] 1000만불 수출탑 수상업체 명단,(최성일) △씨제이포디플렉스(주)(최병환) △(주)택슨스포츠웨어(채원규) △(주)화선테크(이동명) △(주)매스텍스(김성민) △(주)커포텍(박춘수) △(주)... (주)휘닉스디지탈테크(랑경철) △창성소프트젤(주)(김주수) △(주)태영폴리켐(오경철) △태양기계(주)(박창엽) △(주)킴스프라이스(마영철) △주식회사...,http://www.weeklytrade.co.kr/sub_read.html?uid=36027§ion=sc1§ion2=,
720,디지탈포디,[표] 신설법인 (8월 31일 ~ 9월 6일) 서울 - 정보통신,개발ㆍ공급 충무로2가 62-2 대성빌딩 3층 오륜디지탈전국성 140 소프트웨어ㆍ 하드웨어 도소매 방이동 107-5 유앤아이로직스 문광주 100... 9층포디플렉스 안은성 50 홈페이지 제작 대방동 503 주공아파트 210동 503호 프리앤소프트 이진욱 50 소프트웨어 개발ㆍ판매 신공덕동 15-82 다복빌딩 302호...,http://news.mk.co.kr/news_forward.php?no=479708&year=2007,
720,디지탈포디,"정통부, 정보통신우수신기술 56개에 88억원 지원",(주)포디컬쳐 34 CDMA환경기반 GPS/LBS 통합측정시스템 개발 (주)애니트론 35 CCIR 601/656 접속가능 CSTN-LCD CONTROLLER 개발 (주)하이빅스 36 Fast Fourier... (주)디지탈아리아 50 휴대폰/PDA용 문자 입력 방식 및 입력 소프트웨어 기술 예비창업자 51 지상파 DMB용 저작도구 개발 (주)넷앤티비 52 TD-PCM...,https://n.news.naver.com/mnews/article/031/0000028937?sid=105,
720,디지탈포디,[ 신설법인 현황 ] (2001년 6월11일 ~ 16일) 서울 <4>,전자출판) 산천동 6 리버힐삼성(아) 105의602 *포디플러그(양준호.50.인쇄) 신사동 576의7 청빌딩 4층 *한국미디어교육(박종태.50.인쇄출판)... 1400.디지탈인쇄기) 봉래동 1가 10 우리빌딩 1502호 *메키텍(이세용.50.전자부품) 구로동 1124의41 케이제이빌딩 6층 *바인디지탈(신동협.50.컴퓨터)...,https://n.news.naver.com/mnews/article/015/0000388383?sid=101,
720,디지탈포디,[표] 신설법인 (4월3-9일) 서울-정보통신1,---------------------------------------------------------------------- 회사명 대표 자본금 업종 주소 ---------------------------------------------------------------------포디... 개발ㆍ공급디지탈김관유 120 인터넷 논현2동 234-27 명진빌딩 3층 하트코리아 홈페이지 제작 한성디지털 김광진 100 통신 자양동 606-12 2층 장비...,https://n.news.naver.com/mnews/article/009/0000202675?sid=101,
720,디지탈포디,[ 신설법인 현황 ] (2000년 11월13일 ~ 18일) 서울 <4>,웹디자인) 역삼동 736의31 풍산빌딩 *디지탈게인(배용관.50.소프트웨어) 서초동 1303의8 *레몬소프트(김은호.50.소프트웨어) 수서동 205의6... 인터넷정보) 서초동 1604의23 *포디아트(김영희.100.이비지니스사업) 서교동 347의23 202호 *포이시스(김승건.70.소프트웨어) 수서동 724 로즈데일 2031호...,https://n.news.naver.com/mnews/article/015/0000304846?sid=101,
720,디지탈포디,[ 신설법인 현황 ] (2000년 6월12일 ~ 6월17일) 서울 <4>,소프트웨어) 역삼동 702의10 아남타워 906호 *디지탈호동(최진호.500.캐릭터전문포탈사이트) 방배동 796의27 제5동 *디지털넷츠넷(김동민.100.... 소아의건강관리인프라구축) 여의도동 17의3 삼환까뮤빌딩 *포디홈네트(김문영.500.소프트웨어) 신사동 628의24 소촌빌딩 4층 *포아넷(조홍식.50....,https://n.news.naver.com/mnews/article/015/0000247750?sid=101,
