company_id,company_name,news_title,news_text,news_url,posted_at
10918,위드제이컴퍼니,동아대 경영대학원 석사(MBA) 총동문회 송년의 밤 성료,"이날 동아대 경영대학원 MBA총동문회는 쌀화환을 하모니 하우스에 기부해 의미를 더했고, 동아대 MBA 성원중창단(단장 성기인), 뮤지컬컴퍼니제이위드가 축하공연을 펼쳐 눈길을 끌었다. 한편 동아대 경영대학원은 19일까지 제58기 MBA 신입생을 추가 집한다. 원서접수는 진학어플라이 사이트에서 하며...",http://www.veritas-a.com/news/articleView.html?idxno=488251,
10918,위드제이컴퍼니,"[주목! K뷰티컴퍼니] 닥터제이코스 ""피부 빅데이터로 맞춤형 제품 선도""","K뷰티컴퍼니' 시리즈를 연재한다. 시장경제신문이 주최하고 대한화장품협회, 대한화장품산업연구원이 후원하는 '2022 글로벌 K뷰티 어워드'에서... 사진=닥터제이코스 닥터제이코스 김효정 대표는 ""코로나, 미세먼지 등 유해한 환경으로부터 손상된 피부를 회복시켜야 하는 중요한위드코로나 시기가...",http://www.meconomynews.com/news/articleView.html?idxno=67438,
10918,위드제이컴퍼니,"""빛이 나는 사람""…뒤늦게 알려진 故 고수정 비보, 커지는 안타까움 [엑's 이...","젊은 나이에 갑작스럽게 세상을 떠난 고수정. 그를 향한 누리꾼들의 추모 물결도 계속되고 있다. 고수정 SNS에는 ""삼가 고인의 명복을 빈다"", ""젊은 나이에 안타깝다"", ""그곳에서는 행복하길""이라는 댓글이 이어지고 있다. / 사진 = 스토리제이컴퍼니, '위드서울' 뮤직비디오",http://www.xportsnews.com/?ac=article_view&entry_id=1234753,
10918,위드제이컴퍼니,"'도깨비'로 데뷔 배우 고수정, 25세 안타까운 죽음..방탄소년단(BTS) '위드서...","고수정/사진=스토리제이컴퍼니제공 배우 고수정이 최근 세상을 떠나 팬들의 마음을 안타깝게 했다. 고수정의 소속사 스토리제이컴퍼니는 12일... 올해 25세인 배우 고수정은 2016년 tvN 드라마 '도깨비'로 데뷔, JTBC '솔로몬의 위증'(2016)과 그룹 방탄소년단(BTS)의 서울 홍보송 '위드서울'(WITH SEOUL)...",http://www.newsinside.kr/news/articleView.html?idxno=1063256,
10918,위드제이컴퍼니,"'얼룩말 작가' 김남표,위드윈홀딩스 '에이루트' 개관전","[김남표_인스턴트랜드스케이프] 한편,위드윈홀딩스는 바이오 및 문화 콘텐츠에 투자하는 신기술금융 전문회사위드윈 인베스트먼트의 지주회사로,제이와이드컴퍼니,위드메이, 에이치이앤엠 등 엔터테인먼트 및 드라마 제작사들을 자회사로 두고 있다. 최근 자회사로 편입된제이와이드컴퍼니는...",http://www.ajunews.com/view/20150429084227880,
10918,위드제이컴퍼니,[증시캘린더]이번주(10월 4주) 바이브컴퍼니·센코·위드텍 코스닥 상장 등,"이번 주에는 바이브컴퍼니와 센코,위드텍이 코스닥 시장에 상장한다. 인공지능(AI)·빅데이터 전문기업 바이브컴퍼니는 일반 청약경쟁률... 8%에 달하는 신주 총 91만2281주를 발행 △제이웨이(058420), 제3자배정 유상증자 납입일 - 지난 8월 70억원 규모의 제3자배정 유상증자를 공시, 1주당...",http://www.edaily.co.kr/news/newspath.asp?newsid=01544886625936528,
10918,위드제이컴퍼니,"홍종현, 이시영, 고준희 소속사 논현동 미술관 에이루트에서 아티스트, 디자이...",사진위드메이 배우 기획사위드메이와제이와이드컴퍼니를 합병한 문화콘텐츠 기업위드윈홀딩스가 패션영역으로 사업을 넓힌다. 25일위드윈홀딩스 측은 “서울 논현동 사옥 1층에 있는 에이루트 미술관에서 ‘아트이즈티(ART is T)’ 전시회를 연다”고 밝혔다. 에이루트 관계자는 “기존 패션과...,http://sports.khan.co.kr/news/sk_index.html?cat=view&art_id=201506250920523&sec_id=540101&pt=nv,
10918,위드제이컴퍼니,[비바100] 스몰하우스가 묻는다! 우리는 집에서 살고 있는가? ‘작은 집 디자...,"모듈식 건축 시스템으로 다양한 크기로 조립이 가능하고 트럭 뒤에 달 수도 있는 유랑하는 집(Nomad Home)이나 실제 자신이 설계한 9.3㎡ 크기의 집에 살고 있는 텀블위드타이니 하우스컴퍼니의 설립자제이셰퍼의 미니카 하우스(Weebee House), 내부에 공간을 마련하지 않고 낙엽송과 자작나무 합판으로 된...",http://www.viva100.com/main/view.php?key=20160414010003481,
10918,위드제이컴퍼니,"홍종현 고준희, '아시아국제청소년영화제' 홍보대사 위촉","고준희와 홍종현은 영화제 기간 동안 개막식과 폐막식 등 각종 행사를 통해 각국 청소년들의 멘토로 활발한 활동을 펼칠 예정이다. 아시아국제청소년영화제는 오는 10월 16일부터 19일까지 개최된다. 사진제공=위드메이,제이와이드컴퍼니BSTODAY팀",http://news20.busan.com/controller/newsController.jsp?newsId=20150721000184,
10918,위드제이컴퍼니,"이시영 배종옥 소속사제이와이드컴퍼니,위드윈 홀딩스 자회사로 편입","제이와이드컴퍼니[텐아시아=한혜리 인턴기자] 천호진, 배종옥, 이상윤, 이시영, 고준희 등이 소속된 배우 매니지먼트제이와이드컴퍼니가위드윈 홀딩스 자회사로 편입했다. 21일제이와이드컴퍼니는 “최근 계약을 마무리 짓고위드윈 홀딩스를 파트너로 선택했다. 상호간의 신뢰가 바탕이 됐다. ”며...",http://www.tenasia.co.kr/archives/502963,
