company_id,company_name,news_title,news_text,news_url,posted_at
9105,오감인터렉티브,"[인터렉티브] 깊게 뿌리내린 역사·문화,오감(五感)으로 즐기는 시즈오카",☞ [인터렉티브] '평화롭고 여유롭다…시즈오카에 찍고 온 초록색 쉼표' 바로가기 ◇ 슨푸의 공방 타쿠미슈쿠 시즈오카 내 프라모델 산업이 번성하게 된 것은 역사와 깊은 관계가 있다. 17세기 에도 시대 당시 구노잔도쇼구(久能山東照宮) 건축과 센겐(浅間)신사의 재건을 위해 슨푸(駿府·시즈오카 옛 지명)에...,http://digitalchosun.dizzo.com/site/data/html_dir/2024/04/04/2024040480230.html,
9105,오감인터렉티브,여수서 글로컬 미래교육 박람회…마이클 샌델 등 기조강연,◇오감으로 즐기는 미래교육 전시 글로컬 미래교육 전시에는 구글·네이버·애플 등 세계적 기업들이 교육과정과 연계한 미래교육 기술을 선보인다.... 전남교육관은 '지역의 서사가 글로벌이 된다'를 주제로 공생의 환경교육·독서인문교육·다문화 글로벌 교육 등의 역점 정책을인터렉티브미디어로 만날 수...,https://www.newsis.com/view/?id=NISX20240509_0002729113&cID=10201&pID=10200,
9105,오감인터렉티브,"세계 미래교육의 모습, 여수에서 드디어 첫 공개",■오감으로 즐기는 '미래교육 전시' 글로컬 미래교육 전시에는 구글‧네이버‧애플 등 세계적 기업들이 교육과정과 연계한 미래교육 기술을 선보이고... 전남교육관은 '지역의 서사가 글로벌이 된다'를 주제로 공생의 환경교육․독서인문교육․다문화 글로벌 교육 등의 역점 정책을인터렉티브미디어로 만날...,https://news.bbsi.co.kr/news/articleView.html?idxno=3155423,
9105,오감인터렉티브,"오감인터렉티브, 명동 M PLAZA '스타와 함께 만드는 더 나은 세상' 차별화된 ...","온·오프라인 종합광고대행사오감 인터렉티브(대표이사 김대운, www.5gham.com)가 지난달 명동 엠플라자 캠페인에 활용한 스타마케팅 전략으로 주목할 만한 성과를 내며 업계의 시선을 모으고 있다. ‘스타와 함께 만드는 더 나은 세상’ 기부 문화행사는 2014년 12월 19일 오후 5시부터 7시까지 명동 엠플라자...",http://view.asiae.co.kr/news/view.htm?idxno=2015012113570707074,
9105,오감인터렉티브,"[경북도교육청정보센터 소식] 정보센터, 미래교육 학부모 아카데미 1기 수강생...","경북교육청정보센터,오감~ 오늘도 감사합니다! 5월 상호존중 청렴 캠페인 실시 경상북도교육청정보센터(관장 백영애)는 지난 1일 4층 로비에서 전... 독도 관련 도서와 학습지, 독도인터렉티브월, 독도 포토 키오스크, 독도 VR 등 다양한 독도 관련 콘텐츠를 체험할 수 있다. 또한 '사이버독도학교 수료 이벤트...",http://www.ilyoseoul.co.kr/news/articleView.html?idxno=487478,
9105,오감인터렉티브,"국립아시아문화의전당, '융복합' 전시 메카 부상…'오감체험 콘텐츠' 인기",화장실만 150개로 세계의 어떤 문화 공간 보다 규모가 넓다.) '오감체험 콘텐츠'로 펼치는 전시는 차별 없는 문화 복지를 실천하기 위한 배경도 있다.... 취안저우의 꿈꾸는 천년의 불빛을 형상화한 박근호의 '무역감정'은 관람객 참여형 키네틱인터렉티브설치 작품이다. 주변에 놓여있는 후추박스...,http://www.newsis.com/view/?id=NISX20231220_0002564767&cID=10701&pID=10700,
9105,오감인터렉티브,"전남교육청, 지역 중심 글로컬 미래교육, ‘K-에듀’의 신호탄 쏜다",■오감으로 즐기는 ‘미래교육 전시’ 글로컬 미래교육 전시에는 구글‧네이버‧애플 등 세계적 기업들이... 정책을인터렉티브미디어로 만날 수 있다. 시도교육관은 △ 서울-서울형 메타버스 플랫폼 체험 △ 대구-국제 바칼로레아...,http://www.breaknews.com/1031589,
9105,오감인터렉티브,"로커스, 순천만국가정원서 '시크릿 어드벤처' 선보인다",배경으로인터렉티브기술을 적용한 미디어아트 공간이 나온다. 관람객들은 우드플래닛 속에 들어가 직접 정령들을 만나는 듯한 경험을 하게 된다. (사진=로커스) 전시 하이라이트인 4D 입체영상관은 로커스가 가진 콘텐츠 제작 노하우가 집약된 공간이다. 세계 최고 수준의 3D 입체 영상과오감을 자극하는...,https://zdnet.co.kr/view/?no=20240424095321,
9105,오감인터렉티브,안양문화예술재단 '모션 그래픽인터렉티브체험전 PLAY' 진행,"재단에 따르면 이 체험전은 관람자의 움직임에 따라 미디어가 반응하는 '인터렉티브미디어'를 활용해 관람객의 호기심을 자극하고, 다양한 체험활동을 통해 관람객의오감을 충족할 수 있도록 기획했다. 안양문화예술재단은 여름방학을 맞이해 온 가족이 즐길 수 있는 <모션 그래픽인터렉티브체험전...",http://www.newspim.com/news/view/20220713000724,
9105,오감인터렉티브,"[포토] 라네즈, '몰입형인터렉티브전시회 LIFE OASIS 2.0' 오픈",아모레퍼시픽 라네즈는 오는 21일까지 서울 성수동 에스팩토리에서 '몰입형인터렉티브전시회 LIFE OASIS 2.0'을 운영한다고 밝혔다. 이번 전시는 신제품 'ALL NEW 워터뱅크'의 주요 베네핏인 '리페어(회복)' 메시지를 담았다.오감을 채우는 감각적인 경험을 통해 내면의 긍정적인 에너지를 이끌어내고...,http://www.pinpointnews.co.kr/news/articleView.html?idxno=109584,
