company_id,company_name,news_title,news_text,news_url,posted_at
4938,디지탈온넷,"아이넷스쿨,디지탈온넷통해 우회상장",시스템 소프트웨어 개발 및 공급업체인 아이넷스쿨이디지탈온넷을 통해 코스닥시장에 우회상장한다.디지탈온넷은 31일 신규사업진출 및 사업다각화를 통한 기업가치의 제고를 위해 아이넷스쿨을 흡수합병한다고 밝혔다. 합병비율은디지탈온넷대 아이넷스쿨이 1:155.790116이다. 합병 이후...,http://www.e-today.co.kr/200707/news/newsview.php?TM=news&SM=0101&idxno=192221,
4938,디지탈온넷,"디지탈온넷, 4년만에 배당(상보)","[주당 100원..""영업이익 나면 꾸준히 배당""]디지탈온넷이 4년만에 현금배당을 실시키로 했다.디지탈온넷은 13일 보통주 1주당 100원의 현금배당을 할 계획이라고 밝혔다. 회사측은 주주중시 경영 및 장기투자자에 대한 이익 환원차원에 배당을 결정했다고 설명했다. 회사관계자는 ""올해 영업이익...",http://www.moneytoday.co.kr/view/mtview.php?type=1&no=2006121311454806834&outlink=1,
4938,디지탈온넷,"아이넷스쿨,디지탈온넷합병",아이넷스쿨이디지탈온넷을 합병했다.디지탈온넷은 18일 임시주주총회를 통해 양사 합병계약 승인의 건을 원안대로 가결했다고 공시했다. 이와 함께 대표이사도 이재한 전대표에서 복진환 아이넷스쿨 대표로 변경했다고 밝혔다.디지탈온넷최대주주 역시 이재한 전대표에서 아이넷스쿨(450만주 28.39%)로...,http://www.etnews.co.kr/news/detail.html?id=200812180158,
4938,디지탈온넷,"디지탈온넷,콜센터 호스팅 서비스 개시..반등",디지탈온넷이 콜센터 호스팅 서비스를 본격화했다는 소식으로 하룻 만에 반등하고 있다. 30일 오전 9시6분 현재 코스닥시장에서디지탈온넷은 전날보다 20원(0.51%) 오른 3970원에 거래되고 있다.디지탈온넷은 전날 7일간의 강세를 접고 9.30% 내림세를 기록했다. 그러나 이날 하룻 만에 반등하고 있다. 이날...,http://www.moneytoday.co.kr/view/mtview.php?type=1&no=2006083009071619371&outlink=1,
4938,디지탈온넷,"디지탈온넷, 기관 관심 '매수'로 현실화",악성코드 치료프로그램 '다잡아 애드-스파이더(Ad-spider)'의 사업권을 인수하면서 새해부터 주목을 받았던디지탈온넷에 대한 기관의 관심이 '매수'로 현실화되고 있다. 12일 금융감독원에 따르면디지탈온넷의 이재한 대표와 여상준 이사가 총 60만주를 시간외 매매를 통해 기관에 넘겼다. 이 대표는...,http://www.moneytoday.co.kr/view/mtview.php?type=1&no=2006011210354644821&outlink=1,
4938,디지탈온넷,"디지탈온넷,29일 VoIP 녹취신제품 발표(상보)",디지탈온넷(대표 이재한)은 미국 나스닥 상장사인 오디오코드(Audiocodes)사의 자회사인 에이아이-로직스(Ai-Logix)사와 인터넷전화(VoIP) 녹취 신제품 발표 및 기술 세미나를 공동 개최한다고 24일 밝혔다. 이 행사는 29일 서울 강남구의 리츠칼튼 호텔 설악룸에서 오후 1시 30분부터 시작된다.디지탈온...,http://www.moneytoday.co.kr/view/mtview.php?type=1&no=2005112413121479554&outlink=1,
4938,디지탈온넷,"디지탈온넷, 루슨트테크 우수협력업체상 수상","디지탈온넷(대표 이재한)은 미국의 루슨트테크놀로지사로부터 '올해의 루키'(Rookie of the year) 상을 수상했다고 18일 밝혔다. '올해의 루키'는... 회사 관계자는 ""디지탈온넷이 서비스가 시작되는 인터넷전화(VoIP)분야의 기업용 IP 텔레포니(IPT)시장에서 선두적인 위치를 공고한 것이 인정받았기 때문""이라고...",http://www.moneytoday.co.kr/view/mtview.php?type=1&no=2005101808064109259&outlink=1,
4938,디지탈온넷,"디지탈온넷,VoIP성과..3분기 영업익 흑전예상",""" 이재한디지탈온넷대표이사의 '꿈'이다. 그런 이 대표의 '꿈'은 헛된 것이 아니다. 실제로 올 9월부터 VoIP 사업에서 가시적인 성과가 나오고 있기 때문.디지탈온넷은 현대자동차그룹의 IT인프라를 담당하는 오토에버시스템즈와 VoIP교환시스템 구축 계약을 지난 9월에 체결했다. 그 이전인 8월에는...",http://www.moneytoday.co.kr/view/mtview.php?type=1&no=2005101313050443242&outlink=1,
4938,디지탈온넷,"디지탈온넷, 롯데카드 컨텍센터 시스템구축 수주","디지탈온넷은 롯데카드의 900회선 규모 컨텍선터 시스템 구축 프로젝트를 수주했다고 3일 공정공시했다. 다음은 공정공시 원문. 1. 공정공시 대상정보 (주)디지탈온넷, 롯데카드(주) 컨텍센타 (900회선) 시스템 구축 프로젝트 수주 2. 주요 내용디지탈온넷(대표 이재한 http://www.digitalonnet.com)은...",http://www.moneytoday.co.kr/view/mtview.php?type=1&no=2005080314443625817&outlink=1,
4938,디지탈온넷,"디지탈온넷,DMB사업 참여..KMMB 지분 1.41%","디지탈온넷은 지상파DMB 사업자인 (가칭)KMMB에 설립출자금액 5억원(지분 1.41%)을 납입했다고 29일 밝혔다. 다음은 공시내용이다. (주)디지탈온넷, 지상파DMB 사업자인 (가칭) KMMB(주)에 출자 1. 공정공시 대상정보 (주)디지탈온넷은 지상파DMB(Digital Muitimedia Broadcasting)사업자인 (가칭) KMMB(주)에...",http://www.moneytoday.co.kr/view/mtview.php?type=1&no=2005042914383203741&outlink=1,
