company_id,company_name,news_title,news_text,news_url,posted_at
5415,솔루링크,"링크솔루텍, 첨단 의료기기 'C.E.V.'로 CES 2024 혁신상 수상... ""특수 코팅으...","㈜링크솔루텍(대표 서정목)은 내년 1월 9일(화)부터 12일(금, 현지 시각)까지 미국 라스베이거스에서 개최되는 CES 2024에서 Digital Health와 Human Security for All 부문 혁신상 수상기업에 선정됐다고 밝혔다.링크솔루텍은 서정목 대표가 연세대학교 전기전자공학과 연구팀과 개발한 나노 기술이...",https://kr.aving.net/news/articleView.html?idxno=1786143,
5415,솔루링크,"링크솔루텍, 2024 국제전자제품박람회(CES) 혁신상 2개 부문 선정","링크솔루텍의 자체 개발한 의료기기 표면 코팅기술(Lynk Coating)을 적용한 내시경 캡을 개발, 2024 CES 두 부문에서 혁신상에 선정됐다.링크솔루텍이 2024 국제전자제품박람회(CES) 두 부문(디지털 헬스, 인간 안보)에서 혁신상을 수상했다고 밝혔다. CES는 미국 소비자기술협회(CTA)가 주관하는 세계 최대...",http://www.k-health.com/news/articleView.html?idxno=68238,
5415,솔루링크,[2023 경희대학교 캠퍼스타운 스타트업 CEO] 혈액 및 박테리아의 부착 방지하...,링크솔루텍은 내시경 렌즈에 혈액 및 박테리아의 부착을 방지하는 코팅 소재를 개발하는 스타트업이다. 연세대학교 전기전자공학과 교수인 서정목 대표(39)가 2020년 7월에 설립했다. 서 대표는 “링크솔루텍은 오랜 기간 연구원들과 함께 개발해온 나노유막 코팅을 상용화하는 기업”이라고 소개했다. 나노유막...,https://magazine.hankyung.com/job-joy/article/202302212901d,
5415,솔루링크,"연세대 교원 창업기업 ‘링크솔루텍’, 연세대기술지주회사 · 데일리파트너스...","▲2022.07.22-연세대 교원 창업기업 (링크솔루텍), 연세대기술지주회사·데일리파트너스 공동투자 유치 [사진]=링크솔루텍에서 개발중인 (김서림 및 혈액 부착 방지 내시경) 제품 설명 표. ©연세대학교 연세대학교 기술지주회사(대표이사 김지현)는 바이오 의료기기 전문 기업링크솔루텍이 10억 원 규모의 SEED...",http://www.betanews.net:8080/article/1348788.html,
5415,솔루링크,"연세대 교원창업기업링크솔루텍, 10억 원 규모 투자 유치","연세대 기술지주회사는 바이오 의료기기 전문 기업링크솔루텍이 10억 원 규모의 SEED 투자를 유치했다고 22일 밝혔다.링크솔루텍은 연세대 서정목 교수 연구팀이 개발한 나노유막코팅 기술을 기반으로 2020년 7월 설립됐으며, 다양한 의료기기 표면의 혈액 및 박테리아 등 감염인자 부착 방지, 혈전 형성을...",http://www.veritas-a.com/news/articleView.html?idxno=423300,
5415,솔루링크,"CES 혁신상 휩쓴 K-스타트업, 알고보니 '여기' 출신이네","각각 △네이션에이 △토트 △더데이원랩△마이크로시스템 △링크솔루텍 △인투시 등이다. 네이션에이는 올해 CES에서 AI(인공지능)와 '웹3 & 메타버스 기술' 2개 부문 혁신상을 받았다. 토트는로봇AI를 활용한 폐배터리 진단 및 해체 기술로 인간안보(HS4A, Human Security for All) 부문 혁신상을 받았다....",http://news.mt.co.kr/mtview.php?no=2024011010193498823,
5415,솔루링크,"연세대, CES 2024 참가…창업팀 5곳 '혁신상' 수상 쾌거","이번 박람회에는링크솔루텍을 비롯해 5곳의 교원 창업기업과 에이슨 등 4곳의 기술지주 자회사가 제품과 서비스를 출품할 예정이다. CES는 미국소비자기술협회(CTA)가 주관하는 세계 최대 전시회로, 이번 박람회에는 150여개 국가에서 3500개 이상의 혁신기업과 13만명 이상의 관람객이 참석할 것으로...",https://view.asiae.co.kr/article/2023122915285141542,
5415,솔루링크,[2021 연세대 스타트업 에코시스템]링크솔루텍 “내시경 수술 시 렌즈에 부착...,이연택링크솔루텍 대표(연세대학원 전기전자공학과 18학번)링크솔루텍은 내시경 수술 시 렌즈에 부착될 수 있는 모든 물질을 원천적으로 방지할 수 있는 코팅 기술을 연구하는 스타트업이다. 바이오계면 및 센서시스템 연구실에서 의사들과 공동연구를 진행하던 이연택(28) 대표는 내시경 수술 중에 생기는...,https://magazine.hankyung.com/job-joy/article/202102080361d,
5415,솔루링크,의료기기용 코팅기술로 ‘감염 원천 억제’,"링크솔루텍(대표 서정목)은 내시경 렌즈에 혈액 및 수분, 수술 시 발생하는 그을음 등의 부착을 방지하는 코팅 소재를 개발하는 스타트업이다. 연세대학교 전기전자공학과 교수인 서정목 대표가 2020년 7월 설립했다. 나노유막 코팅은링크솔루텍의 핵심 기술로서, 수술 전과 후에 발생할 수 있는 다양한 의료...",https://www.hankookilbo.com/News/Read/A2023071210200001296?did=NA,
5415,솔루링크,"[더벨]데일리파트너스, 투자기업 '밸류업 방점' 데모데이",이날 데모데이에는 △뉴로엑스티 △씨위드 △링크솔루텍 △티씨노바이오사이언스 △미림진 △카스큐어테라퓨틱스 △딥카디오 △레보스케치 등 8개사가 참석했다. 이날 행사를 연 뉴로엑스티는 지난해 4월 창업한 바이오 벤처다. 인공지능(AI) 기술을 활용해 MRI 영상을 분석해 알츠하이머 등 질병의 진단...,https://www.thebell.co.kr/free/content/ArticleView.asp?key=202306281256260160105889,
