company_id,company_name,news_title,news_text,news_url,posted_at
1638,삼진아트팩,"[제약 단신]삼진제약, 서울 빛초롱 축제서 위시래빗 조형물 전시外","삼진제약, 서울 빛초롱 축제서 위시래빗 조형물 전시삼진제약은 청계천 광장 일대에서 진행 중에 있는 서울 빛초롱 축제에 토탈헬스케어브랜드... 한편, 위시헬씨의 캐릭터 ‘위시래빗’은 인천 송도 달빛축제공원에서 개최된 <펜타포트 락페스티벌 2023>, <성수동 브랜드아트팝업 2023>에서 조형물과 다양한...",https://jhealthmedia.joins.com/article/article_view.asp?pno=27628,
1638,삼진아트팩,"삼진제약 위시헬씨, 하루엔진 포 우먼 출시 外","◇삼진제약 위시헬씨, 하루엔진 포 우먼 출시 ▲삼진제약 토탈헬스케어 브랜드 '위시헬씨'는 올인원팩 건강기능식품 '하루엔진'의 라인업 제품으로... 곽수연 화가의 NFT는 그라운드X의 디지털아트및 NFT 유통 서비스 '클립드롭스'를 통해 구매할 수 있으며 총 3개의 작품이 9월 5일부터 발매된다. 1차로...",http://www.newsmp.com/news/articleView.html?idxno=226272,
1638,삼진아트팩,"100만 눈앞 ‘삼진그룹 영어토익반’, 깜찍한 8비트 엔딩크레딧 화제","‘삼진그룹 영어토익반’의 엔딩크레딧을 본 관람객들은 “옛날팩게임을 연상케하는 8bit 엔딩크레딧까지 눈을 뗄 수 없었습니다”(네이버_byeo****), “마지막 엔딩크레딧의 픽셀아트까지 너무 귀엽고 공들인 느낌이 났어요”(네이버_kev9****), “크레딧도 매우 귀여우니 크레딧까지 봐야 함”(네이버_youn...",http://www.mydaily.co.kr/new_yk/html/read.php?newsid=202011030923867470&ext=na,
1638,삼진아트팩,[브리프] 넥슨 넷마블 엔씨소프트 크래프톤 스마일게이트 컴투스 위메이드플레...,"■로스트아크, 2024아트공모전 개최 예고 '2024 로스트아크아트공모전' 개최 /스마일게이트 스마일게이트 RPG(대표 지원길)의 대한민국 대표 MMORPG... 각 구단의 상징인 수리, 호돌이, 랜디 등의 마스코트를 통해 안타 확률 증가,삼진확률 증가 등 다양한 효과를 얻을 수 있으며, 마스코트에 의상을...",http://www.biztribune.co.kr/news/articleView.html?idxno=307404,
1638,삼진아트팩,[G-브리핑] ‘레이븐’ 서비스 9주년 기념 이벤트 진행,"각 구단의 상징인 수리, 호돌이, 랜디 등의 마스코트를 통해 안타 확률 증가,삼진확률 증가 등 다양한 효과를 얻을 수 있다. 마스코트에 의상을... ◆스마일게이트 ‘로스트아크’, 2024아트공모전 개최 스마일게이트알피지(대표 지원길)는 PC MMORPG ‘로스트아크’의 ‘2024아트공모전’을 개최한다고 21일...",https://www.mk.co.kr/article/10970833,
1638,삼진아트팩,"""오프라인서 즐기는 트레이딩 카드 게임""…에픽세븐, '크로스카드: 에픽세븐'...",'크로스카드: 에픽세븐'은 에픽세븐의 IP(지식재산권)을 활용해삼진인터내셔널과의 협업을 통해 제작됐다.삼진인터내셔널은 30년 이상 IP 제품 개발의... 에픽세븐이 뛰어난 퀄리티의아트워크로 호평을 받고 있는 만큼 카드 일러스트 역시 많은 관심을 받을 것으로 기대된다. 이용자들은 최대 40장의 카드로...,https://www.youthdaily.co.kr/news/article.html?no=146210,
1638,삼진아트팩,"스마일게이트 에픽세븐, 실물 트레이딩 카드로 즐긴다",‘크로스카드: 에픽세븐’은삼진인터내셔널과의 협업을 통해 제작했다.삼진인터내셔널은 30년 이상 IP 제품 개발의 노하우를 쌓은 회사로 ‘포켓몬’... 에픽세븐이 뛰어난 퀄리티의아트워크로 호평을 받고 있는 만큼 카드 일러스트 역시 많은 관심을 받을 것으로 회사 측은 기대했다. 이용자들은 최대...,https://zdnet.co.kr/view/?no=20240225104232,
1638,삼진아트팩,"에픽세븐, 트레이딩 카드 게임 '크로스카드: 에픽세븐' 출시",'크로스카드: 에픽세븐'은 에픽세븐의 IP(지식재산권)을 활용해삼진인터내셔널과의 협업을 통해 제작됐다.삼진인터내셔널은 30년 이상 IP 제품 개발의... 에픽세븐이 뛰어난 퀄리티의아트워크로 호평을 받고 있는 만큼 카드 일러스트 역시 많은 관심을 받을 것으로 기대된다. 이용자들은 최대 40장의 카드로...,http://www.enewstoday.co.kr/news/articleView.html?idxno=2094124,
1638,삼진아트팩,"[게임소식] 웹젠 'R2', 오리지널 리부트 서버 리부팅 기념 이벤트 외",크로스카드: 에픽세븐은 에픽세븐의 지식재산권(IP)을 활용해삼진인터내셔널과의 협업을 통해 제작했다.삼진인터내셔널은 30년 이상 IP 제품 개발의... 에픽세븐이 뛰어난 퀄리티의아트워크로 호평을 받고 있는 만큼 카드 일러스트 역시 많은 관심을 받을 것으로 기대된다. 이용자들은 최대 40장의 카드로...,https://sports.hankooki.com/news/articleView.html?idxno=6855222,
1638,삼진아트팩,"[이커머스·홈쇼핑 소식] 컬리 '10월 슈퍼 빅 세일' 오픈 外 쿠팡, G마켓, 위...","'사미헌' 맑은 곰탕과 '숭의가든' 옛날 소불고기, '삼진어묵' 김치우동 어묵전골 등이 대표적이다. 매일 오후 3시 '제주우유' 제주목초우유 무항생제를... 대표적으로 ▲'토리아트' 아기강치 또바기 인형(1만 2500원) ▲'엘레갈로스토어' 아티아트넘어지지 않는 텀블러 독도(9900원) ▲'새로핸즈' 오드퍼퓸 향수...",https://www.newscj.com/news/articleView.html?idxno=3074608,
