company_id,company_name,news_title,news_text,news_url,posted_at
7843,조선비즈,[인사]조선비즈,▲ 사이언스조선부장 이영완 ▲ 벤처중기부장 유윤정 ▲ 생활경제부장 김문관 (서울=연합뉴스),https://www.yna.co.kr/view/AKR20240502024400505?input=1195m,
7843,조선비즈,[부음] 김문관(조선비즈생활경제부장)씨 부친상,"▲김종만씨 별세, 김문관(조선비즈생활경제부장).소연.소희씨 부친상. 이재학(대한이앤씨 대표)씨, 조현식(중원엔지니어링 부장)씨 장인상, 김은경씨 시부상. -일자: 5월 2일 -빈소: 신촌세브란스병원 장례식장 5호실 -발인: 5월 5일 -장지: 세종 은하수 공원 -연락처: 02-2227-7561",https://biz.chosun.com/notice/obituary/2024/05/03/BYRK2KUTEZGIHMA557FXBVAHCE/?utm_source=naver&utm_medium=original&utm_campaign=biz,
7843,조선비즈,[부고] 민영빈 씨(조선비즈기자) 외조모상,"■이원란 씨 별세, 이영석·영주·애경·애순 씨 모친상, 문영호·민대용 씨 장모상, 이세희·세은 씨 조모상, 민영빈(조선비즈기자)·영욱 씨 외조모상 = 1일, 속초보광병원장례식장, 발인 3일 오전 7시 30분, 장지 속초 승화원, (033)633-7444",https://www.news1.kr/articles/5403030,
7843,조선비즈,[부고] 민영빈 씨(조선비즈기자) 외조모상,"▲이원란씨 별세, 이영석·영주·애경·애순 씨 모친상, 문영호·민대용 씨 장모상, 이세희·세은 씨 조모상, 민영빈(조선비즈기자)·영욱 씨 외조모상 = 1일, 속초보광병원장례식장, 발인 3일 오전 7시 30분, 장지 속초 승화원, (033)633-7444",https://www.dailian.co.kr/news/view/1357356/?sc=Naver,
7843,조선비즈,[인사]조선비즈,◆조선비즈△사이언스조선부장 이영완 △벤처중기부장 유윤정 △생활경제부장 김문관,https://www.etnews.com/20240502000114,
7843,조선비즈,"[인사]조선비즈, 아시아투데이, 대전MBC",◆조선비즈△사이언스조선부장 이영완 △벤처중기부장 유윤정 △생활경제부장 김문관 ◆ 아시아투데이 △세종본부 부장 겸 편집국 기획취재부장 박병일 ◆ 대전MBC ▷전략기획실 △국장 대우 이은표 △경영광고심의부 부국장 안준철 △경영광고심의부 부국장 이한신 △전략콘텐츠기획팀장 김지훈...,https://www.businesspost.co.kr/BP?command=article_view&num=350955,
7843,조선비즈,[오늘의 인사 : 5월 2일] 핀포인트뉴스·필드뉴스·조선비즈·아시아투데이 外,■ 핀포인트뉴스 ▷ 부국장 박성필 ▷ 산업부장 김남규 ■ 필드뉴스 ▷ 부회장 강창현 ▷ 편집국 부국장 김면수 ▷ 취재팀장 태기원 ▷ 광고부장 김광훈 ■조선비즈▷ 사이언스조선부장 이영완 ▷ 벤처중기부장 유윤정 ▷ 생활경제부장 김문관 ■ 아시아투데이 ▷ 세종본부 부장 겸 편집국 기획취재부장...,https://www.news2day.co.kr/article/20240502500271,
7843,조선비즈,‘부정 청탁·조세 포탈’ 의혹 현직 검사장 “사실무근”,"검찰 관계자는 “(A씨 사건을) 조사 중”이라면서도 “자세한 진행 상황은 확인해 줄 수 없다”고 밝혔다. 한편,조선비즈는 검찰이 A씨 사건에 대해 조사에 착수한 사실을 보도하기 전 당사자의 입장을 듣기 위해 A씨에게 여러 차례 연락을 취했으나 받지 않았다.",https://biz.chosun.com/topics/law_firm/2024/05/11/JKYI5VYKJVGSVPPSJEXZT3VDWA/?utm_source=naver&utm_medium=original&utm_campaign=biz,2024-05-11 21:28
7843,조선비즈,"[단독] 검찰, 현직 검사장 ‘부정 청탁·조세 포탈’ 의혹 조사","10일조선비즈취재를 종합하면 부산고검은 A 검사장의 청탁금지법 위반, 조세범처벌법 위반, 공직자윤리법 위반 의혹에 대해 조사를 진행 중이다. 조사 과정에서 비리행위가 사실로 드러나게 되면, 감찰이나 수사가 진행되게 된다. 앞서 국민권익위원회는 A 검사장의 부정 청탁 행위에 대한 진정서를 접수해...",https://biz.chosun.com/topics/law_firm/2024/05/10/4FJHKFLHWFGH5ACXGTAJT46ESM/?utm_source=naver&utm_medium=original&utm_campaign=biz,
7843,조선비즈,"‘월 스트리트를 정복한 수학자’ 제임스 사이먼스, 86세로 별세",세계적인 뇌 신경과학자인 글로리아 최 MIT 교수는 지난해 방한해조선비즈와 가진 인터뷰에서 “사이먼스 재단으로부터 아무 조건 없이 지원을 받은 것이 연구에 큰 도움이 됐다”고 말했다. 최 교수는 면역 체계가 뇌에 영향을 미쳐 자폐가 발생할 수 있음을 세계 최초로 확인해 자폐 치료에 전기를...,https://biz.chosun.com/international/international_economy/2024/05/11/65GYSDCYHVAYBPETI67RYOH7OQ/?utm_source=naver&utm_medium=original&utm_campaign=biz,
