company_id,company_name,news_title,news_text,news_url,posted_at
915,비트,"비트코인, '스태그플레이션 우려'에 6만 달러선 위태",대장주비트코인 가격이 10일(현지시간) 물가는 오르고 경기는 후퇴하는 스태그플레이션 우려로 6만 달러선도 위협받고 있다. 가상화폐 거래소 코인베이스에 따르면 미 동부 시간 기준 이날 오후 2시 5분(서부 시간 오전 11시 5분) 현재비트코인 1개당 가격은 2.63% 내린 6만316달러에 거래됐다.비트코인이 6만...,https://www.yna.co.kr/view/AKR20240511003500091?input=1195m,2024-05-11 04:36
915,비트,비트코인 '스태그플레이션' 우려에 6만 달러선 위태,암호화폐를 대표하는비트코인의 가격이 10일(현지시각) 스태그플레이션 우려로 6만 달러선을 위협받고 있다. 글로벌 가상자산 시황 중계 사이트 코인마켓캡에 따르면 미국 동부 시간 기준 이날 오후 10시 20분 현재비트코인 1개당 가격은 24시간 전보다 3.21% 빠진 6만780달러를 나타냈다.비트코인이 6만...,https://www.newsis.com/view/?id=NISX20240511_0002731408&cID=10101&pID=10100,2024-05-11 12:37
915,비트,큰 기대 모았던 홍콩비트코인 현물 ETF…거래량 저조,"홍콩에 상장된비트코인·이더리움 현물 상장지수펀드(ETF) 거래량이 미국 ETF보다 상대적으로 저조한 것으로 나타났다. 11일 홍콩증권거래소(HKEX)에... 미국의비트코인 현물 ETF가 상장 첫날 거래액이 46억달러(약 6조원), 첫날 순유입액이 6억달러(약 8500억원)인 데 비하면 현저히 작다. 홍콩 시장...",https://www.hankyung.com/article/202405101761i,2024-05-11 19:37
915,비트,6만1000달러 이하 후퇴…美스태그플레이션 우려[비트코인 지금],미국에서 '스태그플레이션(경기 침체 속 물가 상승)' 우려가 커지면서비트코인 가격도 6만1000달러 이하로 후퇴했다. 지난주 6만5000달러선을 되찾으며... 글로벌 가상자산 시황 중계 사이트 코인마켓캡에 따르면 11일(한국시간) 오후 1시10분 현재비트코인 가격은 전날 대비 3.3% 내린 6만766.51달러를 기록...,https://view.asiae.co.kr/article/2024051113543964531,2024-05-11 14:37
915,비트,"""비트코인보다 5배 올랐네""…다시 불붙은 AI코인","최근 일주일 사이비트코인보다 최대 5배 넘게 오르며 화력을 뽐낸 것이다. 국내외 양쪽에서 관련 호재들이 나타난 효과로 풀이된다. 11일 업계에 따르면 주요 AI코인들이 최근 연일 상승세를 기록했다. 전날 오후 5시 코인마켓캡 기준비트코인이 전주 대비 8% 오른 가운데 렌더토큰은 42.50%, 아캄은 42.12...",https://www.newsis.com/view/?id=NISX20240510_0002731260&cID=15001&pID=15000,2024-05-11 17:37
915,비트,금부터비트코인까지…경기 불황에 재테크족 유인하는 편의점 업계,대표적인 안전자산인 금부터 지난 3월 역대 최고가를 기록한비트코인까지 다양한 자산을 상품화하고 있다. 지난 1일 서울 강남구 GS25... 이마트24 출시비트코인 도시락. 이마트24 제공 ‘디지털 금’으로 불리는비트코인과 연계된 상품도 나왔다. 이마트24는 이달 말까지 ‘비트코인 도시락(사진)’을...,http://www.segye.com/newsView/20240510505987?OutUrl=naver,2024-05-11 08:37
915,비트,"[주간코인시황] 외부 환경 취약한비트코인, 한 주간 오르락내리락 반복","비트코인, 잠깐 올랐으나 이내 상승폭 반납 “외부 환경 영향에 당분간 등락 반복할 것” 5월 3일부터 10일까지 가장자산 시장은 등락을 반복했다. 한 주간비트코인 가격은 0.01% 상승해 6만3000달러 부근에서 거래됐다. 같은 기간 가상자산 시장의 시가 총액은 전주 대비 약 2.3% 상승했다. 이더리움 가격은 한...",https://biz.chosun.com/stock/finance/2024/05/11/PT2JT4DV3ZBPHNEULRPOA7IJVI/?utm_source=naver&utm_medium=original&utm_campaign=biz,2024-05-11 06:37
915,비트,"[속보]비트코인 3% 이상 급락, 6만달러 턱걸이",,https://www.news1.kr/articles/5412657,2024-05-11 07:37
915,비트,"[영상] 김정환 대표 “3월까지 쉬지 않고 상승한비트코인, 건전한 조정 맞는...","10년 이상 장기 보유자 역대 최고치… “중장기적으로 2억까지 가능해 보여”비트코인 가격(이하 개당)이 8000만 원대 초반까지 급락한 뒤 등락을 거듭하고 있다.비트코인은 미국 금리인하 가능성이 줄어든 데다,비트코인 현물 ETF(상장지수펀드)의 자금 유출이 이어지며 올해 최고점 대비 20%가량...",https://weekly.donga.com/3/all/11/4934191/1,2024-05-11 09:37
915,비트,‘비트코인 도장깨기?’..법정통화 대체할까 [코인브리핑],비트코인 탄생 이후비트코인 현물 상장지수펀드(ETF)까지 활성화되면서 신흥국 법정통화의 영향력이 낮아질 수 있다는 주장이 나왔다. ‘디지털 골드’라고 불리는비트코인이 가치저장은 물론 헤지(위험회피) 수단으로 주목받으면서다. NH투자증권 홍성욱 연구원은 10일 ‘비트코인을 위한 위험한 상상’이란...,http://www.fnnews.com/news/202405101551540857,
