company_id,company_name,news_title,news_text,news_url,posted_at
10667,유덕에스앤씨,[표] 신설법인 (6월 5일 ~ 6월 11일) 서울 - 기타,"단위 = 백만원 기 타 바니스쥬얼리 김종신 50 주얼리(귀금속ㆍ장신구, 액세서리) 제조 가락동 79-5 밀리아나2차 1206호유덕에스앤씨박현수 90 제조 관수동 21-2 유덕빌딩 102호 퓨엔코 김자영 200 신재생 에너지 개발사업 방배동 3001-2 방배디오슈페리움 1차 2101호 ◇ 문의＝디앤비코리아...",http://news.mk.co.kr/news_forward.php?no=329970&year=2009,
10667,유덕에스앤씨,[신설법인 현황] (2008년 8월 14일~8월 20일) 서울,(전종필·10·철강도소매)온수동39의2 ▷중원에스앤씨(이성지·400·철강제품판매)청담동5경원하이츠텔1811호 ▷지미킴(김종우·50·전자상거래)... (이주연·10·신문발행)가락동40의10유덕빌딩401호 ▷숨엔터테인먼트(유수훈·50·음반출판물기획)창전동402의61 3층 ▷이든누리(김철주·50...,http://www.hankyung.com/news/app/newsview.php?aid=2008082258391,
10667,유덕에스앤씨,[표] 신설법인 (8월 15일 ~ 8월 21일) 서울 - 유통,"40-10유덕빌딩 401호 스마트패밀리 남상희 20 전자통신기기 판매 역삼동 642-16 성지하이츠2차 1401호 스타프로브 임강배 300 석유, 천연가스... 중원에스앤씨이성지 400 철강제품 판매 청담동 5 번지 경원하이츠텔 1811호 지미킴 권경민 김종우 50 전자 상거래 서초동 1337-17, 302호 지앤엠아이...",http://news.mk.co.kr/news_forward.php?no=518998&year=2008,
10667,유덕에스앤씨,2006. 8월 중 상호출자제한기업집단 등의 소속회사 변동현황,"한화에스앤씨(주), 한화역사(주), 한화종합화학(주), 한화폴리드리머(주), 환경시설운영(주), (주)한화건설, 한화기계(주), 군포에코텍(주), (주)육삼시티... (주),유덕물산(주), 태광관광개발(주), 태광산업(주), (주)티브로드수원방송, (주)티브로드케이씨엔방송, (주)티브로드네트워크, 한국통신정보(주), (주)...",https://n.news.naver.com/mnews/article/187/0000000098?sid=123,
10667,유덕에스앤씨,2006. 7월 중 상호출자제한기업집단 등의 소속회사 변동현황,"한화에스앤씨(주), 한화역사(주), 한화종합화학(주), 한화폴리드리머(주), 환경시설운영(주), (주)한화건설, 한화기계(주), 군포에코텍(주), (주)육삼시티... (주),유덕물산(주), 태광관광개발(주), 태광산업(주), (주)티브로드수원방송, (주)티브로드케이씨엔방송, (주)티브로드네트워크, 한국통신정보(주), (주)...",https://n.news.naver.com/mnews/article/187/0000000085?sid=123,
10667,유덕에스앤씨,[신설법인 현황] (2003년 7월28일~8월2일) 서울<2>,광고대행) 관수동 21의2유덕빌딩301호*세계로워크비자(이춘재.50.해외취업) 남대문로1가18*세끼스이폴리타이(김동 환.50.유리섬유강화) 역삼동... 테마카페운영) 논현동 239의6동 양애니메이션빌딩1층*지오에스앤씨(최동석.100.부동산임대) 신사동 533의9*진흥이엔씨(권오근.50.엔지니어링)...,https://n.news.naver.com/mnews/article/015/0000636988?sid=101,
