company_id,company_name,news_title,news_text,news_url,posted_at
12411,세나테크놀로지,"세나테크놀로지, 독일 ‘아이에프(iF) 디자인 어워드 2024’ 자전거 부문 최고...","㈜세나테크놀로지(대표 김태용)가 독일 ‘아이에프(iF) 디자인 어워드 2024’의 자전거 부문에서 최고상을 수상했다고 밝혔다. ‘아이에프 디자인 어워드’는 1953년 독일 인터내셔널 포럼 주관으로 시작된 디자인 분야 최고 권위의 상으로, 독일의 ‘레드닷 디자인 어워드’, 미국의 아이디이에이(IDEA) 디자인...",http://www.wowtv.co.kr/NewsCenter/News/Read?articleId=A202404090167&t=NN,
12411,세나테크놀로지,"누빅스,세나테크놀로지와 ESG 경영 솔루션 구축 계약 체결","누빅스(대표 전병기)가 지난 14일세나테크놀로지와 ESG 경영 솔루션 구축 계약을 체결했다고 밝혔다. 이번 계약은세나테크놀로지플랫폼 공급사 누빅스, VCP-X 기반 솔루션 공급사 아이핌 그리고 구독 기업인세나테크놀로지의 3자 계약 형태로 이루어졌다.세나테크놀로지(대표 김태용)는 모터사이클...",https://www.job-post.co.kr/news/articleView.html?idxno=91772,
12411,세나테크놀로지,"누빅스,세나테크놀로지와 ESG 경영 솔루션 구축 계약 체결","누빅스(대표 전병기)가 지난 14일세나테크놀로지와 ESG 경영 솔루션 구축 계약을 체결했다고 20일 밝혔다. 이번 계약은세나테크놀로지플랫폼 공급사 누빅스, VCP-X 기반 솔루션 공급사 아이핌 그리고 구독 기업인세나테크놀로지의 3자 계약 형태로 이루어졌다.세나테크놀로지(대표 김태용)는 모터사이클...",https://www.raonnews.com/news/article.html?no=28626,
12411,세나테크놀로지,"누빅스,세나테크놀로지와 ESG 경영 솔루션 구축 계약 체결","사진=누빅스 누빅스(대표 전병기)는 지난 12월 14일세나테크놀로지와 ESG 경영 솔루션 구축 계약을 체결했다고 19일 밝혔다. 업체에 따르면 누빅스는 ESG와 관련된 다양한 규제 대응 솔루션 생태계인 VCP-X 플랫폼을 제공한다. 본 계약은세나테크놀로지에 플랫폼 공급사 누빅스, VCP-X 기반 솔루션 공급사...",http://www.segyebiz.com/newsView/20231219515540?OutUrl=naver,
12411,세나테크놀로지,"누빅스,세나테크놀로지와 ESG 공급망 대응체계 구축했다",실데이터 기준 탄소 발자국 등 ESG 핵심 데이터 기반 보고서 생성돼 누빅스는 지난 12월 14일세나테크놀로지와 ESG 경영 솔루션 구축 계약을 체결했다고 밝혔다. 누빅스는 ESG와 관련된 다양한 규제 대응 솔루션 생태계인 VCP-X 플랫폼을 제공하고 있다. 이번 계약은세나테크놀로지에 플랫폼 공급사 누빅스...,https://www.hellot.net/news/article.html?no=85060,
12411,세나테크놀로지,[컨콜] 카카오게임즈 “세나테크놀로지중국진출 속도조절...비용관리 초점”,조혁민 카카오게임즈 최고재무책임자(CFO)는 8일 진행된 올해 3분기 실적발표 컨퍼런스콜에서 “세나테크놀로지는 주력 시장이 북미·유럽 시장이지만 추가적인 성장을 위해 중국 시장을 준비 중이었다”며 “지금은 속도조절하면서 비용관리에 초점을 맞춰 수익성 개선을 도모 중”이라고 밝혔다. 이어...,https://www.dailian.co.kr/news/view/1292596/?sc=Naver,
12411,세나테크놀로지,"""세나 했어?""…해외서 더 유명한 토종 브랜드세나테크놀로지",세나 50S-10 하만카돈 싱글팩 헬멧 블루투스 (사진=세나테크놀로지) 국내에서 생소하지만 해외에서 더 유명한 토종 브랜드들이 많다. 대표적인 브랜드가 바로 세나다. 1998년 서울대 공대 출신들이 모여 창업한세나테크놀로지(대표 김태용)는 이륜차용 무선 통신 기기 분야에서 세계 시장 점유율 60%를...,https://zdnet.co.kr/view/?no=20230731092725,
12411,세나테크놀로지,"""카카오게임즈, 비용 효율화와 다수 신규 서비스로 실적 개선 기대""","이 연구원은 ""기타 부문의세나테크놀로지는 회복했으나 스크린골프 부진이 지속되면서 전년 대비 –14.5% 감소했다""며 ""2분기는 오딘의 3주년 업데이트 효과, 롬 매출의 온기 반영,세나테크놀로지의 매출 회복으로 전체 외형 성장을 기대한다""고 지적했다. 그는 ""영업이익은 전사적인 비용 효율화가...",http://www.insightkorea.co.kr/news/articleView.html?idxno=135377,
12411,세나테크놀로지,"세나테크놀로지, 작년 매출 1684억원 달성","아주경제=최오현 기자 coh5122@ajunews.com세나테크놀로지가 지난해 연결 기준 매출액이 전년 대비 22% 증가한 1684억원을 달성했다고 12일 밝혔다.세나테크놀로지에 따르면 ​레저, 아웃도어 스포츠 인구의 회복으로 무선 통신 기기 매출이 전년 대비 약 19% 성장했고 스마트 헬멧 매출이 55% 증가하면서...",https://www.ajunews.com/view/20230411162932684,
12411,세나테크놀로지,"세나테크놀로지, 자녀와 안전한 주행 후원..'안전 탠덤 라이딩' 캠페인","레저, 아웃도어 스포츠용 웨어러블 멀티미디어 무선 통신 기업인 ㈜세나테크놀로지(대표 김태용)가 자녀와의 안전하고 행복한 이륜차 운행을 후원하기 위해 '어린이 안전 탠덤 라이딩' 캠페인을 진행했다. 이번 캠페인은 이륜차 안전 운전 문화 확산을 위한세나테크놀로지의 사회 공헌 사업의 일환으로 지난해...",http://www.newspim.com/news/view/20230329000723,
