company_id,company_name,news_title,news_text,news_url,posted_at
6929,건영이앤아이솔루션,"[20일 낙찰/계약 동향] 전남소방본부 호스릴 비상소화장치 설치공사(2차), 동...","▲ 낙찰업체 : (주)이앤아이, 계약금액 : 521,400(원), 계약명 : 진도우체국 임대공간 전력량계 설치공사. 계약기관 : 과학기술정보통신부 우정사업본부... 도입 대비 불법주정차 단속시스템 수리, 신규번호판 도입 대비 불법주정차 단속시스템 수리). ▲ 낙찰업체 : 주식회사 디와이솔루션, 계약금액 :",http://www.fintechpost.co.kr/news/articleView.html?idxno=71161,
6929,건영이앤아이솔루션,27일 증시일정,"5000원) -파로스이앤아이(유상증자, 429만7076주, 670원) -한국하이네트(유상증자, 170만2125주, 940원) -한국오발(해외BW행사, 32만8650주, 950원) -현대백화점... 네트 -에너지솔루션-에듀박스 -에버테크노 -에스맥 -에스에너지 -에스에이엠티 -에스에프에이 -에스엔유 -에스엠 -에스지글로벌 -에스지어드밴텍...",http://www.hankyung.com/news/app/newsview.php?aid=2009032776036,
6929,건영이앤아이솔루션,3월 주주총회 일정,마이크로컨텍솔루션△매일유업 △메가스터디 △메디톡스 △모건코리아 △모노솔라 △모아텍 △무림에스피 △미주레일 △바른전자 △바이오니아... 파로스이앤아이△파루 △파이컴 △파캔오피씨 △펜타마이크로 △프롬써어티 △플랜티넷 △플렉스컴 △피델릭스 △피앤텔 △피엘에이 △필링크...,http://www.seoulfn.com/news/articleView.html?idxno=59923,
6929,건영이앤아이솔루션,중소기업 졸업기업 전체 명단<897개>,유텍솔루션△유티모스트아이엔에스 △이건그린텍 △이건에너지 △이-그린 △이노칩테크놀로지 △이래시에스 △이래에프알 △이수 △이수엑사보드 △이스타에프앤피 △이아이지 △이앤아이△이앤에스글로벌 △이앤이텍 △이엑스알코리아 △이유니크 △이지라커 △이지바이오시스템 △이지오스...,http://www.etoday.co.kr/news/section/newsview.php?TM=news&SM=0407&idxno=454424,
