company_id,company_name,news_title,news_text,news_url,posted_at
12247,모바일가이드,잦은 해킹 대응…정부 SW공급망 보안가이드라인 1.0 발표,"법원 전산망이 해킹당해 2년여간 1014GB 분량, 5171개 문서가 탈취된 가운데, 정부가 ‘소프트웨어(SW) 공급망 보안가이드라인 1.0’을 발표해 공공기관... 또,모바일과 사물인터넷(IoT), 클라우드 등에서 외부 SW 활용이 늘어나면서 보안 문제도 복합적으로 발생하고 있다. 현재 공개 SW인 Log4j의 보안...",http://www.edaily.co.kr/news/newspath.asp?newsid=01410406638888264,2024-05-12 12:30
12247,모바일가이드,"[금상소] 카카오페이, '모바일K패스' 5월에 발급받으면 5000원 충전",이에 이투데이는 ‘금상소(금융상품소개서)’를 통해 철저히 금융소비자 중심의 투자가이드라인을 마련해 소개하고자 합니다. 카카오페이도 'K-패스... 카카오페이에서는모바일교통카드를 발급받은 뒤 카드번호를 복사해 K-패스 애플리케이션(앱)에 등록하면 K-패스 발급이 완료돼 20~53% 환급 혜택을 받을...,https://www.etoday.co.kr/news/view/2358857,
12247,모바일가이드,외국인에 맞춤 여행서비스 ‘모바일플랫폼 트래벗 2.0’ 런칭,"방한 외국인 관광객에게 프라이빗 여행 서비스를 제공하는 트래벗은모바일플랫폼 2.0을 런칭했다. 기존의가이드매칭에서 차량, 식당 예약 등 서비스를 확대하였으며, 그동안 축적된 럭셔리 여행객의 여행 경험 데이터를 기반으로 보다 지능화되고 초 개인화된 여행 일정 서비스를 제공함으로써 외국인...",https://www.joongang.co.kr/article/25248331,
12247,모바일가이드,"동국제약, 구내염 치료제 '오라군' 선택가이드제안…휴온스, 1분기 영업익 ...","ⓒ동국제약 동국제약, 구내염 치료제 '오라군' 선택가이드제안 동국제약은 구내염 유행 시기를 맞이해 구내염 치료제 브랜드 '오라(ORA)군' 선택... 걸음 기부모바일애플리케이션 '워크온'을 내려받은 뒤 6.5㎞ 걷기 캠페인을 선택해 일상생활 속에서 모은 걸음 수를 기부하면 된다. 걸음 기부를 통해...",http://www.sisaon.co.kr/news/articleView.html?idxno=160983,
12247,모바일가이드,외국인 관광객을 위한모바일여행 플랫폼 트래벗 2.0 런칭,"방한 외국인 관광객에게 프라이빗 여행 서비스를 제공하는 트래벗은모바일플랫폼 2.0을 런칭했다. 기존의가이드매칭에서 차량, 식당 예약 등 서비스를 확대하였으며, 그동안 축적된 럭셔리 여행객의 여행 경험 데이터를 기반으로 보다 지능화되고 초 개인화된 여행 일정 서비스를 제공함으로써 외국인...",https://www.mk.co.kr/article/11011196,
12247,모바일가이드,모바일MORPG '로스트던전' 7일 정식 출시,"특히 네이버 라운지에서는 게임 백과사전인 DB와 어려운 시스템의 이해를 돕는 게임가이드등을 제공해 이용자들이 게임을 쉽게 파악할 수 있도록 도와준다. 크레이지마인드 박문해 대표는 “’로스트던전’은 RPG의 정수를 담은 수동 조작 위주의 게임으로, 기존 게이머들에게 익숙한 디아블로 시리즈나...",https://www.inven.co.kr/webzine/news/?news=295287,
12247,모바일가이드,"모바일게임 '삼국 청운전', 오늘 정식 출시","모바일게임 '삼국 청운전'이 9일 정식으로 출시된다. 한국 게임 퍼플리셔 지엠스토어는 삼국시대를 배경으로 한모바일게임 '삼국 청운전'을 9일에... 게임 시작 시 제공되는 자원 특권을 통해 빠른 성장을 지원하며, 상세한 신규 플레이어가이드를 통해 게임에 쉽게 적응할 수 있도록 돕는다. 활동 과제를...",http://www.enewstoday.co.kr/news/articleView.html?idxno=2125118,
12247,모바일가이드,"어도비, 파이어플라이 적용 '어도비 익스프레스'모바일앱 출시",웹과모바일에서 고품질의 콘텐츠를 제작할 수 있도록 돕는다. 마케터는 어도비 익스프레스로 신제품 출시를 위한 설명서나 홍보 동영상을 제작하고 여러 소셜 채널에서 브랜드가이드를 준수하는 캠페인을 디자인할 수 있다. 중소기업은 로고 및 명함 디자인과 온라인 판매용 디지털 전단지를 제작하고...,https://zdnet.co.kr/view/?no=20240503122058,
12247,모바일가이드,"'나 혼자만 레벨업: 어라이즈', 리세마라 핵심가이드","먼저, 리세마라는모바일에서만 가능하다. PC 클라이언트의 경우, 게임 시작을 위해선 계정 로그인을 요구하기 때문에 리세마라가 불가능하다. 따라서 리세마라를 진행하기 위해선,모바일에서 게스트 계정으로 게임에 접속할 필요가 있다. 게임이 시작되면 약 20분 분량의 튜토리얼이 진행된다. 주인공 성진우가...",https://www.gameple.co.kr/news/articleView.html?idxno=209460,
12247,모바일가이드,지엠스토어 삼국지 배경모바일게임 '삼국청운전' 9일 정식 출시 예정,"한국 게임 퍼블리셔 지엠스토어(GMSTORE)가 서비스를 제공하는 삼국 시대를 배경으로 한모바일게임 '삼국 청운전'은 오는 9일에 구글플레이와 원스토어를... 게임 시작 시 제공되는 자원 특권을 통해 빠른 성장을 지원하며, 상세한 신규 플레이어가이드를 통해 게임에 쉽게 적응할 수 있도록 돕는다. 또한...",http://gamefocus.co.kr/detail.php?number=155765,
