company_id,company_name,news_title,news_text,news_url,posted_at
1777,빌포스트,"한화큐셀, 美 카터스빌 모듈 공장 가동",(사진=한화큐셀)/그린포스트코리아 한화솔루션 큐셀부문(이하 한화큐셀)이 미국 조지아주 카터스빌 공장의 모듈 생산라인 건설을 지난달까지 모두 완료하고 본격적인 제품 생산에 돌입했다고 7일 밝혔다. 한화큐셀은 지난해 달튼 공장 증설에 이어 카터스빌 공장 모듈 생산라인 신설까지 마무리하며 미국...,http://www.greenpostkorea.co.kr/news/articleView.html?idxno=217535,
1777,빌포스트,"[토큰포스트브리핑] 바이든 ""암호화폐 커스터디 의무 회계지침 무효화 공동 ...","미 하원의원, 암호화폐 믹서 일시 금지 법안 발의 미국 하원의원 숀 카스텐,빌포스터, 브래드 셔먼, 엠마누엘 클리버는 금융 기관이 암호화폐 믹서를 통해 세탁된 자금을 취급하는 것을 일시적으로 금지하는 블록체인 무결성 법안을 공동 발의했다. 암호화폐 거래소, VASP(가상자산서비스제공업체)...",https://www.tokenpost.kr/article-177158,
1777,빌포스트,너무 덥더라니 '세계서 가장 위험한 동물' 유럽까지 퍼졌다..빌게이츠도 경고,15일(현지시간) 베를리너모르겐포스트에 따르면 올해 들어서만 베를린에서 39건의 뎅기열 감염사례가 보고됐다. 2015∼2019년 이 지역 뎅기열 사례는... 백신사업을 하는빌게이츠는 2014년 이 모기를 “세계에서 가장 위험한 동물”이라고 불렀다. 독일 질병청인 로베르트코흐연구소(RKI)는 현재 유럽연합(EU)...,http://www.fnnews.com/news/202404161009003945,
1777,빌포스트,NBA 정규리그 MVP에 요키치…벌써 3번째 수상,"이전까지 카림 압둘자바(6회),빌러셀·마이클 조던(이상 5회), 윌트 체임벌린·르브론 제임스(LA 레이커스·이상 4회), 모지스 멀론·래리 버드·매직... 당시 덴버의 단장이었던 팀 코넬리는 2019년 덴버포스트와 인터뷰에서 ""당시 요키치의 (날렵하지 못한) 체형에 (다른 팀들이) 의구심을 가졌다""고...",https://www.yna.co.kr/view/AKR20240509034500007?input=1195m,
1777,빌포스트,25년前 美오폭 현장 찾은 시진핑 “비극 재연 막겠다”,결국빌클린턴 당시 미 대통령이 ‘비극적 실수’라고 사과했다. 시 주석은 2016년 6월 세르비아를 방문했을 때 폭격을 당한 옛 중국대사관 터를 찾았다.... 홍콩 사우스차이나모닝포스트(SCMP)는 “나토에 ‘중국에 대한 역사적 빚’을 상기시키면서 더 이상 중국 문제에 개입하거나 아시아로 확장하지 말라고...,https://www.donga.com/news/Inter/article/all/20240508/124848480/1,
1777,빌포스트,"[Today Pharm] 대웅제약, 상반기 영업부문 신입 직원 채용 外","사진/동아제약 ♢메디포스트, 주사형 무릎 골관절염 치료제 임상2상 결과 발표 메디포스트(대표 이원일)가 주사형 무릎 골관절염 치료제 'SMUP-IA-01'의... 기업과빌&멀린다 게이츠 재단이 공동출자해 설립한 국제보건 연구 기금이다. 퀀텀닷은 극소의 반도체 입자로 빛의 흡수와 방출 능력이 매우...",http://www.press9.kr/news/articleView.html?idxno=58913,
1777,빌포스트,"[토큰포스트브리핑] 프랭클린 템플턴, 뮤추얼펀드 토큰 P2P 전송 지원 위해 ...","그는 소프트웨어 및 결제 개발 회사인빌트러스트(Billtrust)의 CLO로 근무한 바 있다. 오는 5월 1일(현지시간) 합류해 DCG의 글로벌 법률, 인수 합병, 규정 준수 및 거버넌스 강화 등을 담당할 예정이다. 미 증시 3대 지수 하락 마감 미 증시 3대 지수가 하락 마감했다. S&P500: -0.46% 나스닥: -0.64% 다우: -0.97...",https://www.tokenpost.kr/article-175446,
1777,빌포스트,"美 남침례회, 예배 출석자 수 3년 만에 반등… 4백만 넘어서","미국 남침례회(SBC)가 2023년 침례, 예배 출석, 소그룹 참여 인원이 증가했으며, 교인 수 감소세도 최근 몇 년 동안에 비해 둔화됐다고 크리스천포스트(CP)가 보도했다. 라이프웨이크리스천리소스(Lifeway Christian Resources)가 집계한 ‘2023년 연간 교회 프로필’(ACP)에 따르면, SBC 교인 수는 17년 연속 감소해...",https://www.christiantoday.co.kr/news/361546,
1777,빌포스트,"한빛, 루나시와 계약… ""빌로퍼, '헬게이트: 런던' IP 신작 개발""","빌로퍼는 2000년대 초반부터 세계적인 명성을 얻은 게임 개발자로 2007년 출시한 헬게이트: 런던을 개발한 바 있다. 헬게이트: 런던은 루트슈터 장르를 개척한 IP로, 중세와 사이버펑크를 넘나드는포스트아포칼립스 세계관과 다채로운 디자인의 무기, 코스튬과 스타일리시한 액션성이 특징이다....",https://www.viva100.com/main/view.php?key=20240327010009098,
1777,빌포스트,"채권왕빌그로스 ""채권 투자 매력 없어...공급 너무 많아""",월가의 채권왕으로 잘 알려진빌그로스는 ‘비이성적 과열(excessive exuberance)’이 금융시장을 휩쓸고 있다며 채권 공급이 너무 많아 채권 투자가 매력적이지 않다고 진단했다. 블룸버그는 22일(현지시각) 인터넷 신문 허핑턴포스트를 인용해 이같이 보도했다. 세계 최대 채권 운용사 핌코의 공동...,http://www.g-enews.com/ko-kr/news/article/news_all/2024032306192714523bc914ac71_1/article.html,
