company_id,company_name,news_title,news_text,news_url,posted_at
8333,해금광고,"복지부, 후기 가장한 불법의료광고366건 적발","보건복지부 김한숙 보건의료정책과장은 ""불법 의료광고는 소비자로해금치료 효과를 오인하게 할 우려가 있을 뿐만 아니라 불필요한 의료이용을 유발할 수 있으므로, 엄정하게 대처해나갈 것""이라며 ""의료광고관리 방안 개선 및 모니터링 강화 등 제도개선도 꾸준히 추진할 계획""이라고 밝혔다. 성낙온...",https://www.medipana.com/article/view.php?news_idx=323778&sch_cate=A,
8333,해금광고,넥슨 '던파' SNK 컬래버로 오락실 감성 자극,"우선 쿠사나기 쿄, 하오마루, 아사미야 아테나 등을 플레이할 수 있고, 스테이지 진척도에 따라 시라누이 마이, 나코루루 등 새 캐릭터를해금할 수... 이색광고도 화제 SNK 컬래버광고도 화제가 되고 있다.광고에는 '던파' 파트너스로 활동 중인 레바와 델로략국, 'KOF' 등 격투 게임으로 유명세를 알린...",https://www.tgdaily.co.kr/news/articleView.html?idxno=332656,2024-05-12 11:33
8333,해금광고,"[CEO&]㈜해금광고, 서울역광장 옥외 LED 영상광고탑 본격 가동",[동아일보] ㈜해금광고는 지난달 1일부터 서울역광장 최첨단 LED 영상광고판을 본격 가동하기 시작했다. ‘지방업체’와 ‘중소기업’이라는 두 가지 한계를 극복하고 수도권에 입성해 정상에 도전하는 알짜 광고회사가 있어 주목받고 있다. 부산 사상구 덕포동에 본사를 둔 ㈜해금광고(회장 이영철 www....,http://news.donga.com/3/all/20150622/72035776/1,
8333,해금광고,"넥슨, ‘던파’ 격투 명가 SNK와 컬래버…높은 싱크로율 ‘압권’","스테이지 진척도에 따라 ‘시라누이 마이’, ‘나코루루’ 등 새로운 SNK 캐릭터도해금할 수 있다. ‘아케이드 모드’의 미션을 달성하면 ‘하오마루... # 눈길 사로잡는 유쾌한 이색광고‘화제’ SNK 컬래버광고도 화제의 중심에 섰다. ‘던파’와 SNK의 만남을 유명 크리에이터 간의 이색 만남으로...",https://www.mk.co.kr/article/11012688,
8333,해금광고,[부·울·경 출향기업인 열전] 9. 이영철 ㈜해금광고회장,"지난 1973년 설립 후 1994년 서울로 진출해 국내 정상의 광고업체로 우뚝 선해금광고의 이영철 회장. 대형업체 방어막 뚫고 수도권 입성 이뤄 낸 '뚝심 경영인' 지방 광고업체가 서울로 진출해서 성공까지 한다는 건 쉽지 않다. 사업 규모나 노하우, 정보력에서 수도권 업체들이 앞서 있어 시장진입이 어렵기...",http://news20.busan.com/controller/newsController.jsp?newsId=20150608000023,
8333,해금광고,"'해금의 디바' 강은일, '만인의해금'과 아리랑을 연주하다","'동이'와 '추노' 같은 인기 드라마나 영화, 각종광고매체에서해금소리가 자주 등장한다. 연극과 무용 등 무대 공연에서도 마찬가지다. 그렇다 보니해금이 대중화 됐을 뿐만 아니라 유럽 등 세계 각국에서해금소리에 찬사를 보낼 정도로 인기를 얻고 있다. 이렇게 되기까지 부단히 노력해온 사람, 바로...",http://www.queen.co.kr/news/articleView.html?idxno=317868,
8333,해금광고,"[CEO&]㈜해금광고, 옥외광고 40년 지속… 원칙·기본 지킨 덕",옥외 매체 종합광고대행사인 ㈜해금광고(회장 이영철·www.haekum.com)의 현주소다. ㈜해금광고는 지난 2004년 산업평화상 수상에 이어 올해도 ‘부산시 선도 기업 인증업체’로 최종 확정되는 등 부산의 대표적 중견기업. 협력적 노사문화 확산 및 근로자 복지 증진 등에 앞장서 온 결과다. ㈜해금광고가 내디딘...,http://news.donga.com/3/all/20131225/59774838/1,
8333,해금광고,"해금광고이영철 회장 ""디자인과 기술이 가장 큰 경쟁력""","【서울=뉴시스】 온라인뉴스팀 = ㈜해금광고(회장 이영철)는 옥상광고탑, 전광탑, 공항광고, 지하철광고, KTX광고 등을 대행하는 옥외 매체 종합광고대행사다. 1974년해금광고사로 출발해 1993년해금광고공사로 법인전환했으며 2001년 현재의 사명인해금광고로 변경했고 전국적 서비스 지원체계를 구축하기...",https://n.news.naver.com/mnews/article/003/0004120195?sid=101,
8333,해금광고,"[BizⓝCEO] (주)해금광고‥""기본과 원칙으로 고객사랑 얻었죠""","그렇게 입소문으로 회사를 운영하다보니 어느 새 30년 세월이 훌쩍 흘렀네요."" ㈜해금광고(www.haekum.com) 이영철 회장에게는 1973년 회사 설립 당시가 바로 어제 일처럼 생생하다. 직원 한 명을 둔 부산의 조그만 간판집이 지금은 680평 부지에 자가 사옥과 140여명의 직원들을 거느린 종합광고대행사로 성장했지만...",http://www.hankyung.com/news/app/newsview.php?aid=2007061775821,
8333,해금광고,"순천시, 풍수해 대비 옥외광고물 일제 정비·점검 실시","또한 이번 일제정비·점검 대상에 포함되지 않은 읍면지역 옥외광고물에 대해서도광고주로해금자체점검을 통해 안전사고를 예방할 수 있도록 조치해 나갈 계획이라고 전했다. 순천시 관계자는 ""여름철 노후 옥외광고물 등으로 소중한 생명과 재산에 피해가 발생하지 않도록 옥외광고물 소유자는광고물...",http://www.asiaa.co.kr/news/articleView.html?idxno=90973,
