company_id,company_name,news_title,news_text,news_url,posted_at
2441,슈필발트,"[유교전-베이비페어]슈필발트, 마그네틱 블록과 퍼즐형 지압매트 전시",슈필발트는 4월 1일(목)부터 4일(일)까지 세텍에서 개최되는 '2021 서울국제유아교육 전&키즈페어'에 참가해 졸리힙과 에코퍼즐을 선보였다. 졸리힙은 유럽제품으로 수공작업으로 제작한 고품격 마그네틱 블럭이다. 스펀지와 원단으로 구성돼있어 안정성이 높으며 자석이 내장돼 유아가 스스로 기획해 쉽게...,http://www.etnews.com/20210401000159,
2441,슈필발트,"[유교전-베이비페어]슈필발트, 마그네틱 블록 '졸리힙', 퍼즐형 지압매트 '에...","㈜슈필발트는 오는 4월 1일(목)부터 4일(일)까지 세텍에서 개최되는 '2021 서울국제유아교육전&키즈페어'에 참가해 마그네틱 블록 '졸리힙' 과 자연느낌 그대로 퍼즐형 지압매트 '에코퍼즐'을 선보일 예정이다. 졸리힙은 유럽제품으로 수공작업으로 제작한 고품격 마그네틱 블럭으로, 스펀지와 원단으로...",http://www.etnews.com/20210329000266,
2441,슈필발트,꽃잎엽서 만들고…말타고…유치원은 '자연과 소통하는 장',"바덴시의 숲유치원 나투어슈필발트(Naturspielwald)에 다니는 아이들의 하루일과다. 나투어슈필발트에는 우리나라 유치원에서 필수품인 책상이나 걸상이 없다. 숲속의 나무와 풀, 동물들 그리고 선생님들이 준비한 간단한 보조교재가 수업도구의 전부다. 교사 시빌 에크로프(39)씨는 ""숲은 아이들의 오감을...",https://n.news.naver.com/mnews/article/011/0002103877?sid=102,
2441,슈필발트,전문교양강좌 개설한 숙명여대 평생교육원 수강생 모집,이와 함께 숙대 평생교육원은 ‘자연주의 발도르프 뜨개질 인형 이렇게 만들어요’의 저자이자 ‘아이나무-발트앤슈필’ 박정기 소장과 백석예술대학교 영유아보육전공 강인구 교수가 진행하는 아동미술심리지도사 과정 등이 개설돼 유아동 교육기관의 종사자뿐 아니라 학부모를 대상으로 유아동 교육에...,https://cnbc.sbs.co.kr/article_hub/10000847186?division=NAVER,
2441,슈필발트,"숙명여대 평생교육원, 다채로운 전문교양강좌 눈길","이와 함께 숙대 평생교육원은 ‘자연주의 발도르프 뜨개질 인형 이렇게 만들어요’의 저자이자 ‘아이나무-발트앤슈필’ 박정기 소장과 백석예술대학교 영유아보육전공 강인구 교수가 진행하는 ‘발도르프인형 및 놀잇감전문가’, ‘한국몬테소리교육사’, ‘아동미술심리지도사’ 과정이 개설돼 유아동...",http://www.ibabynews.com/news/newsview.aspx?newscode=201702091041032870002536&categorycode=0024,
2441,슈필발트,"유럽 무대 데뷔 22주년 맞은 '소프라노 임선혜', 2022년 국내외 공연 라인업 ...","페스트슈필에선 바흐의 'Weihnachts-Oratorium, BWV 248'(크리스마스 오라토리오)를 연주하는 등 세계 곳곳을 종횡무진하며 폭넓고 왕성한 활동을... 지기스발트쿠이켄 등 고음악 거장들을 비롯해 주빈 메타, 리카르도 샤이, 이반 피셔, 만프레드 호넥 등의 지휘자와 세계무대에서 활발히 활동...",http://www.sctoday.co.kr/news/articleView.html?idxno=37606,
2441,슈필발트,임선혜 올해도 세계가 부른다...데뷔 22주년 맞아 국내외 러브콜 러시,"페스트슈필에선 바흐의 ‘크리스마스 오라토리오, BWV 248’를 연주하는 등 폭넓고 왕성한 활동을 이어갈 것을 예고하고 있다. 임선혜는 “유럽 데뷔... 지기스발트쿠이켄 등 고음악 거장들을 비롯해 주빈 메타, 리카르도 샤이, 이반 피셔, 만프레드 호넥 등의 지휘자와 세계무대에서 활발히 활동...",https://daily.hankooki.com/lpage/culture/202201/dh20220117111710138700.htm?s_ref=nv,
2441,슈필발트,"'권창훈-정우영 결장' 프라이부르크, 뒤셀도르프에 역전승…3위 점프","프라이부르크는 29일(이하 한국시간) 독일 뒤셀도르프의 메르쿠어슈필아레나에서 열린 2019~2020 분데스리가 6라운드 원정 경기에서 뒤셀도르프에 2-1로... 그러나 교체 투입된 기안-루카발트슈미트가 기어이 드라마를 썼다. 후반 36분 왼발 중거리슛이 골망을 출렁였고, 한 골 차 리드를 끝까지 지켜내며...",http://www.sportsseoul.com/news/read/825905,
2441,슈필발트,"'권창훈-정우영 결장' 프라이부르크, 뒤셀도르프에 역전승…3위 도약",프라이부르크는 29일 오후 10시30분(한국시간) 독일 뒤셀도르프의 메르쿠어슈필아레나에서 열린 2019-20시즌 분데스리가 6라운드 원정 경기에서... 하지만 후반 35분발트슈미트의 중거리 슛으로 경기를 뒤집었다. 프라이부르크는 다음 달 5일 오후 도르트문트와 리그 7라운드를 치른다.,http://news1.kr/articles/?3731703,
