company_id,company_name,news_title,news_text,news_url,posted_at
195,카프이엔지,"카프이엔지, 베트남 국립 ENT병원 의료 기자재 납품사업 수주","카프이엔지, 베트남 국립 ENT병원 의료 기자재 납품사업 수주 ▲카프이엔지가 하노이 국립 ENT 병원 의료 기자재 납품 사업에서 HIS 부문 수주에 성공한 가운데 직원들이 검수작업을 하고 있다. (사진=카프이엔지제공) ［메디컬투데이 김준수 기자］카프이엔지는 2017년 ‘MEDICAL EQUIPMENT SUPPLY FOR THE...",http://www.mdtoday.co.kr/mdtoday/index.html?no=300391,
195,카프이엔지,"카프이엔지, 탄자니아서 잇따라 수주 성공","카프이엔지, 탄자니아서 잇따라 수주 성공 ▲카프이엔지가 아프리카 지역을 비롯해 아시아, 남아메리카 등에서 다양한 규모의 사업 수주에 성공하고 있는 가운데 탄자니아에서도 잇따라 수주하고 있다. (사진=카프이엔지제공) ［메디컬투데이 김준수 기자］카프이엔지가 국내를 넘어 해외에서도 기술력을...",http://www.mdtoday.co.kr/mdtoday/index.html?no=292978,
195,카프이엔지,"미코바이오메드,카프이엔지와 23억 공급계약",지난 10월 22일 코넥스에서 코스닥으로 이전 상장한 미코 그룹 계열 체외진단기기 회사 미코바이오메드가 1일카프이엔지와 23억6006만원 규모의 공급계약을 체결했다고 공시했다. 코로나19 진단장비 및 진단키트 공급계약이다. 계약기간은 2020년 12월 1일부터 2021년 3월 31일까지 총...,http://www.itooza.com/common/iview.php?no=2020120113401013918,
195,카프이엔지,[누리호 3차 발사 성공] 한화에어로 `우주산업` 경쟁력 증명… HD현대重 사업...,"체계종합에서 한화에어로스페이스가 체계총조립을 맡았다면 유콘시스템,카프마이크로, 우레아텍, 한양이엔지, 제이투제이코리아는 지상제어시스템·하니스·시험장치·설계 등을 담당했다. 추진기관·엔진 분야에서는 한화에어로스페이스를 포함해 에스엔에이치, 비츠로넥스텍, 네오스펙, 스페이스솔루션...",http://www.dt.co.kr/contents.html?article_no=2023052602100232064001&ref=naver,
195,카프이엔지,발사 앞둔 누리호를 만드는 기업에 관련 투자자 '관심' 변수 '촉각',"체계 종합 참여 기업은 유콘시스템,카프마이크로, 우레아텍, 한양이엔지, 제이투제이코리아가 참여했다. 추진기관·엔진 참여 기업은 에스엔에이치, 비츠로넥스텍, 네오스펙, 스페이스솔루션이 참여했다. 구조체 참여 기업에는 이노컴, 한국화이바, 제이투제이코리아, 브이엠브이테크가 참여했다. 유도...",https://www.nbntv.co.kr/news/articleView.html?idxno=973257,
195,카프이엔지,'한국인×한국기업'…7대 우주강국 쏘아 올린 '300',"KAI를 비롯해 지상제어시스템, 시험장치, 설계에 △유콘시스템 △카프마이크로 △우레아텍 △한양이엔지△제이투제이코리아 등의 업체가 함께 참여했다. '누리호의 심장' 엔진총조립 맡은 한화에어로스페이스 누리호는 독자적인 우주 수송 능력 확보를 위해 1.5톤급 실용위성을 지구 상공 600~800km...",https://www.nocutnews.co.kr/news/5775587,
195,카프이엔지,'누리호' 타고 비상할 중소기업들,"한양이엔지는 '엄빌리컬 타워'를 비롯해 발사대의 추진체 공급시스템과 지상 기계설비의 등에 참여했고,카프마이크로는 전자 장비를 이어주는 와이어하네스를 만들어 납품했다. 이밖에도 우레아텍, 제이투제이코리아 등이 체계종합 분야에서 힘을 보탰다. 누리호 로켓 엔진에 꼭 필요한 '터보펌프'의...",http://www.smedaily.co.kr/news/articleView.html?idxno=233244,
195,카프이엔지,[누리호]민관 협력 산물 누리호,"이외에도 △체계종합(유콘시스템,카프마이크로, 우레아텍, 한양이엔지, 제이투제이코리아 등) △추진기관·엔진(에스엔에이치, 비츠로넥스텍, 네오스펙, 하이록코리아 등) △구조체(두원중공업, 에스앤케이항공, 이노컴, 한국화이바 등) △유도제어·전자(스페이스솔루션, 덕산넵코어스, 단암시스템즈...",http://www.etnews.com/20220621000121,
195,카프이엔지,"미코바이오메드, 10억 규모 코로나19 진단 키트 공급계약","46% 상승한 1만400원이다. 투자지표 기업정보 전자공시 [미코바이오메드] 최신 투자 정보 GDP 대비 시총비율 118.2%...전일비 0.2%P ↓ - 15일 미코바이오메드,카프이엔지와 23억 공급계약 [기관 매도 동향] 성호전자 6.39% 매도…같은 기간 주가 16.4%↑ [연속 순매도] 외인, 엔씨소프트 9일째 팔아",http://www.itooza.com/common/iview.php?no=2021030914132811824,
195,카프이엔지,"<전국> 관세청, 한국형 전자통관시스템(UNI-PASS) 해외 확산을 위한 민관협의...","* 참석기관(업체) : 행안부, 외교부, 대한무역투자진흥공사(KOTRA), 한국국제협력단(KOICA), 전자정부수출진흥협회, 국가관세종합정보망연합회, 한화 S&C, ㈜한국무역정보통신, ㈜엔티로보틱스, 데이터월드, 소프트아이텍, ㈜라인월드, KCNET,카프이엔지, 지에프컨설턴트, 한진정보통신 ** UNI-PASS(우리나라...",http://www.newsfarm.co.kr/news/articleView.html?idxno=31928,
