company_id,company_name,news_title,news_text,news_url,posted_at
7750,에이피씨소프트,[표][(18일/Top 50 상승률(코스닥 주가)]피씨디렉트 주가 상승률 1위 29.03%...,"FINTECHPOST [(18일/Top 50 상승률(코스닥 주가)]피씨디렉트 주가 상승률 1위 29.03% 올라 장마감…오공, 씨젠, 파마리서치프로덕트, 웰크론... ▲ (57위)지어소프트, 주가상승률 : 약 3.35% (거래량= 234684주), 18일 지어소프트190원 상승, 시가총액 856억원, 회전율 : 약 1.61% (=하루거래량...",http://www.fintechpost.co.kr/news/articleView.html?idxno=101724,
7750,에이피씨소프트,"한빛소프트, +4.52% 상승폭 확대","(126870),피씨디렉트(051380), 한빛소프트(047080), 샘코(263540), 네온테크펄어비스(263750), 플레이위드(023770), 드래곤플라이(030350), NAVER(035420), 바른손이앤에이(035620), 엔씨소프트(036570), 넥슨지티(041140), 네오위즈(095660), 네오위즈홀딩스(042420), 한빛소프트(047080)...",https://biz.chosun.com/site/data/html_dir/2020/07/02/2020070201528.html?utm_source=naver&utm_medium=original&utm_campaign=biz,
7750,에이피씨소프트,[표][(20일/Top 50 하락률(코스닥 주가)] 이에스에이주가 하락률 1위 -23.56...,"56% 내려 장마감…제이웨이, 퓨전, 브릿지바이오테라퓨틱스,피씨디렉트 주가 순으로 상위 기록. 20일 한국거래소에 따르면 이에스에이... ▲ (42위)캐리소프트, 주가하락률 : 약 -4.37% (거래량= 231691주), 20일 캐리소프트350원 상승, 시가총액 517억원, 회전율 : 약 3.42% (=하루거래량...",http://www.fintechpost.co.kr/news/articleView.html?idxno=96026,
7750,에이피씨소프트,"[코스닥 주가 하락률 Top 10] 이에스에이, 제이웨이, 퓨전, 브릿지바이오테라...","FINTECHPOST 이에스에이, 제이웨이, 퓨전, 브릿지바이오테라퓨틱스,피씨디렉트 주가 순으로 23일 장 마감. 23일 가격제한폭을 제외한 종목 중... 루미마이크로 (2380원으로 루미마이크로 종가로 장마감),캐리소프트(7650원으로 캐리소프트종가로 장마감). 코닉글로리 (1305원으로 코닉글로리...",http://www.fintechpost.co.kr/news/articleView.html?idxno=96039,
7750,에이피씨소프트,"한빛소프트, +5.33% 상승폭 확대","(126870),피씨디렉트(051380), 한빛소프트(047080), 샘코(263540), 네온테크펄어비스(263750), 플레이위드(023770), 드래곤플라이(030350), NAVER(035420), 바른손이앤에이(035620), 엔씨소프트(036570), 넥슨지티(041140), 네오위즈(095660), 네오위즈홀딩스(042420), 한빛소프트(047080)...",https://biz.chosun.com/site/data/html_dir/2020/06/23/2020062302120.html?utm_source=naver&utm_medium=original&utm_campaign=biz,
7750,에이피씨소프트,"한빛소프트, +2.43% 상승폭 확대","(126870),피씨디렉트(051380), 한빛소프트(047080), 샘코(263540), 네온테크펄어비스(263750), 플레이위드(023770), 드래곤플라이(030350), NAVER(035420), 바른손이앤에이(035620), 엔씨소프트(036570), 넥슨지티(041140), 네오위즈(095660), 네오위즈홀딩스(042420), 한빛소프트(047080)...",https://biz.chosun.com/site/data/html_dir/2020/06/22/2020062201700.html?utm_source=naver&utm_medium=original&utm_campaign=biz,
7750,에이피씨소프트,"한빛소프트, +1.69% 상승폭 확대","(126870),피씨디렉트(051380), 한빛소프트(047080), 샘코(263540)펄어비스(263750), 플레이위드(023770), 드래곤플라이(030350), NAVER(035420), 바른손이앤에이(035620), 엔씨소프트(036570), 넥슨지티(041140), 네오위즈(095660), 네오위즈홀딩스(042420), 한빛소프트(047080), 액토즈소프트...",https://biz.chosun.com/site/data/html_dir/2020/06/08/2020060801763.html?utm_source=naver&utm_medium=original&utm_campaign=biz,
7750,에이피씨소프트,"한빛소프트, +10.04% 상승폭 확대","(126870),피씨디렉트(051380), 한빛소프트(047080), 샘코(263540)펄어비스(263750), 플레이위드(023770), 드래곤플라이(030350), NAVER(035420), 바른손이앤에이(035620), 엔씨소프트(036570), 넥슨지티(041140), 네오위즈(095660), 네오위즈홀딩스(042420), 한빛소프트(047080), 액토즈소프트...",https://biz.chosun.com/site/data/html_dir/2020/06/04/2020060401515.html?utm_source=naver&utm_medium=original&utm_campaign=biz,
7750,에이피씨소프트,"한빛소프트, +9.63% 상승폭 확대","(126870),피씨디렉트(051380), 한빛소프트(047080), 샘코(263540)펄어비스(263750), 플레이위드(023770), 드래곤플라이(030350), NAVER(035420), 바른손이앤에이(035620), 엔씨소프트(036570), 넥슨지티(041140), 네오위즈(095660), 네오위즈홀딩스(042420), 한빛소프트(047080), 액토즈소프트...",https://biz.chosun.com/site/data/html_dir/2020/05/06/2020050601798.html?utm_source=naver&utm_medium=original&utm_campaign=biz,
7750,에이피씨소프트,"한빛소프트, +3.61% 상승폭 확대","(126870),피씨디렉트(051380), 한빛소프트(047080), 샘코(263540)펄어비스(263750), 플레이위드(023770), 드래곤플라이(030350), NAVER(035420), 바른손이앤에이(035620), 엔씨소프트(036570), 넥슨지티(041140), 네오위즈(095660), 네오위즈홀딩스(042420), 한빛소프트(047080), 액토즈소프트...",https://biz.chosun.com/site/data/html_dir/2020/05/04/2020050401386.html?utm_source=naver&utm_medium=original&utm_campaign=biz,
