company_id,company_name,news_title,news_text,news_url,posted_at
9521,페이스북코리아(유),"김수현 가고 변우석 왔다…'선재 업고 튀어', 방송가도 놀라게 한 흥행 요인은...","7일 방송된 10회 시청률은 수도권 평균 6.0%(닐슨코리아, 유료 가구 기준), 최고 7.2%, 전국 평균 4.8%, 최고 5.6%로 자체 최고 시청률을 기록했습니다. tvN... 또 2월 26일부터 이달 2일까지 공개된 영상 콘텐츠의 총 누적 조회수(유튜브, 틱톡, SMR, 인스타그램,페이스북PGC-UGC 합산)는 3억5000만 뷰를 넘습니다. 유튜브...",https://www.etoday.co.kr/news/view/2358503,
9521,페이스북코리아(유),“변우석과 비교돼”... '선업튀' 김혜윤 소속사 아티스트컴퍼니에 불만 터진...,"시청률 조사기관 닐슨코리아에 따르면 전국 가구 기준 1.2%에서 시작한 타깃 시청률은 3주 만에 2배 이상 상승하며 4주 연속 전 채널 1위를 기록했다.... 2월 26일에서 5월 2일까지 공개된 영상 콘텐츠의 총 누적 조회수(유튜브, 틱톡, SMR, 인스타그램,페이스북PGC-UGC 합산)는 3억 5388만 회이며, 유튜브 댓글...",https://www.wikitree.co.kr/articles/950038,
9521,페이스북코리아(유),지난해 통신업계 ESG경영 관심도 1위 'SK텔레콤'…KT·LG유플러스가 뒤이어,6일 데이터앤리서치는 뉴스·커뮤니티·블로그·카페·트위터·인스타그램·유튜브·페이스북·카카오스토리·지식인·기업/단체·정부/공공 등 12개... ESG코리아와 기술 결합 프로그램에 선정됨에 따라 추진된 것으로 알려졌다. 이어 KT가 분석 기간 6542건의 ESG 관련 포스팅 수를 나타내며 2위를 기록했다....,http://www.womentimes.co.kr/news/articleView.html?idxno=72073,
9521,페이스북코리아(유),"""변우석과 비교돼"" '선업튀' 김혜윤, 물 들어오는데 노 안 젓나 '원성폭발'[이...","닐슨코리아전국 가구 기준 1.2%에서 시작한 타깃 시청률은 3주 만에 2배 이상 상승하며 4주 연속 전 채널 1위를 기록했고, 연령별 시청률도 여성 10대에서 50대까지 전 채널 1위를 차지했다. 또한 2월 26일에서 5월 2일까지 공개된 영상 콘텐츠의 총 누적 조회수(유튜브, 틱톡, SMR, 인스타그램,페이스북PGC-UGC...",https://www.spotvnews.co.kr/news/articleView.html?idxno=677393,
9521,페이스북코리아(유),[오늘의 장바구니] W컨셉·깨끗한나라·교원투어 외,오는 12일까지 진행되는 해당 이벤트의 자세한 내용은 레드페이스 공식 블로그와페이스북을 통해 확인할 수 있다. 위메프가 '월간 위메프 해외여행... 러쉬코리아가 선물을 더욱 특별하게 만들어 줄 커스텀 택배 서비스 '해피 박스'를 론칭했다. 해피 박스는 기존 러쉬코리아공식 온라인 스토어와 앱...,http://www.newsprime.co.kr/news/article.html?no=638652,
9521,페이스북코리아(유),"""캔유'스픽' 잉글리시?""","그는 스픽 합류 전 구글코리아와 구글 아태본부, 메타(페이스북) 아태본부 등에서 근무하며 글로벌 빅테크 기업의 성장을 직접 경험했다. 메타에서는 프로덕트 마케팅 매니저 일을 하며 당시에는 생소했던 퍼포먼스 마케팅과 타깃팅 광고와 관련된 업무를 했다. 이 같은 경험과 경력 덕분에...",https://zdnet.co.kr/view/?no=20240220170056,
9521,페이스북코리아(유),한국서 잘 나가는 4대 빅테크…매출 9조원·영업익 6천억대,"12월 결산 법인인 구글코리아와페이스북코리아의 지난해 매출은 각각 3천653억원, 651억원으로 집계됐다. 이들 4개 유한회사의 최근 1년간 매출과...유교수는 ""당국이 외국 디지털 기업에 과세하는 방안을 찾겠다고 하지만 쉽지 않은 실정""이라며 ""외국계보다 규모가 훨씬 작은 국내 디지털 기업이 세금은...",https://www.yna.co.kr/view/AKR20240419151800017?input=1195m,
9521,페이스북코리아(유),주현영 “지드래곤 좋아해서 아이돌 꿈꿔..JYP 오디션 봤다” (‘유퀴즈’)[O...,아이디 적혀 있으면페이스북들어가서 보는 거다”라고 자랑했다. 특히 주현영은 실제 아이돌 오디션을 본 적이 있었다고. 이에 대해 주현영은 “JYP... ‘SNL코리아’도 시작하고 드라마도 하고 있으니 ‘그냥 즐기자’ 싶다”라고 전했다. /mint1023/@osen.co.kr [사진] ‘유퀴즈 온 더 블럭’ 방송화면 캡처,http://www.osen.co.kr/article/G1112147061,
9521,페이스북코리아(유),"LG유플러스·메타, 인스타 노하우 나눈다…디지털마케팅 '맞손'",LG유플러스(대표 황현식)는 크리에이터 양성과 MZ세대 대상 디지털 마케팅 사례 발굴을 골자로 메타코리아(대표 김진아)와 전략적 디지털마케팅을 위한 업무협약을 체결했다고 14일 밝혔다. 양사는 인스타그램과페이스북운영 경험에 기반한 메타의 크리에이터 생태계 육성 및 인플루언서 양성 노하우를...,https://www.kpinews.kr/newsView/179555613634953,
9521,페이스북코리아(유),"LG유플러스, 크리에이터와 핵심 서비스 함께 알린다","와이낫 부스터스를 소개하는 LG유플러스 모델.(사진=LG유플러스)/그린포스트코리아LG유플러스는 동영상 크리에이터가 직접 제작한 콘텐츠로 U... 이번 와이낫 부스터스에는페이스북, 인스타그램 운영사 '메타'와 구독자 263만명을 보유한 인기 유튜버 '진용진'이 멘토로 참여해 콘텐츠 제작 노하우를...",http://www.greenpostkorea.co.kr/news/articleView.html?idxno=207390,
