company_id,company_name,news_title,news_text,news_url,posted_at
3747,사나이,'놀뭐' 양복사나이정체는 임원희…유재석도 놀란 반전 록스피릿,"예고편에 등장한 유재석의 아는 형 '양복사나이'의 정체에 수많은 추측이 쏟아진 가운데, 방송에 앞서 공개된 선공개 영상에는 그의 정체가 배우 임원희로 밝혀져 관심을 모으고 있다. 공개된 사진 속 유재석은 임원희가 소속된 밴드의 음악을 들으며 열광하고 있다. 유재석은 평소 알고 있던 부끄러움 많은...",https://www.news1.kr/articles/5412716,2024-05-11 10:13
3747,사나이,"'놀뭐' 유재석, 웃겨서 눈물까지 흘린 사연..'양복사나이' 정체는",그 중 유재석은 부끄러움을 무릅쓰고 무대에 서고 싶다며 전화를 걸어온 의문의사나이를 만나러 간다. 공개된 사진 속 유재석은 면접을 신청한 의문의 양복사나이와 마주하고 있다. 밴드 음악을 한다는 양복사나이는 알고 보니 유재석이 잘 알고 있는 형이었다고. 유재석은 3년 만에 뮤지션이 되어 돌아온...,http://biz.heraldcorp.com/view.php?ud=202405100932100346974_1,
3747,사나이,"'기록의사나이' 여오현, 코치로 새 출발 ""같이 호흡하는 지도자 되겠다""","'기록의사나이' 여 코치는 2005년 V-리그 원년부터 2023~2024시즌까지 20시즌을 소화했다. 역대 최다인 625경기를 뛰었고 리시브 정확 1위(8005개), 디그 성공 1위(5219개)에 올랐다. 지난 시즌에도 22경기에 출전해 노익장을 과시했다. 45세에 은퇴하겠다는 '45세 프로젝트'를 성공적으로 달성한 여 코치는 ""45세나 600경기...",https://www.newsis.com/view/?id=NISX20240509_0002729688&cID=10506&pID=10500,
3747,사나이,"'기록의사나이' 최정, 통산 4000루타-1500타점 대기록도 눈앞","SSG랜더스 최정. 사진=연합뉴스 SSG랜더스 최정이 개인 통산 4000루타까지 7루타, 1500타점까지는 15개만을 남겨두고 있다. 최정은 9일 현재 통산 3993루타를 기록 중이다. 앞으로 7루타를 더하면 이승엽 두산베어스 감독, KIA 최형우(KIA)에 이어 KBO리그 통산 3번째이자 30대 선수로서는 첫 번째로...",http://starin.edaily.co.kr/news/newspath.asp?newsid=01430086638887280,
3747,사나이,"""고향에선 첫 등판. 롯데 응원 익숙해"" 26세 부산사나이가슴엔 'LG' 그리고 ...","고향에 오니까 좋다. 롯데(자이언츠) 팬들이 정말 많이 오셨는데, 보면서 힘이 났다. 사직에선 첫 등판이었는데, 결과가 좋다."" 고향 야구팬들과의 첫 만남을 강렬하게 장식했다. LG 트윈스 손주영의 표정은 밝았다. 손주영은 11일 부산 사직구장에서 열린 롯데 자이언츠전에서 6이닝 4피안타 1볼넷 무실점으로...",https://sports.chosun.com/baseball/2024-05-11/202405110100074260010554,2024-05-11 22:13
3747,사나이,'9240억원의사나이' 오타니 홈런 선두…MBL 전체 단독 1위,‘9240억원의사나이’ 오타니 쇼헤이(로스앤젤레스 다저스)가 사흘 연속 홈런을 터뜨리고 미국 프로야구(MLB) 전체 홈런 단독 1위에 이름을 올렸다. 7일(현지 시각) 오타니는 미국 캘리포니아주 로스앤젤레스 다저스타디움에서 마이애미 말린스와 벌인 홈경기에 2번 지명 타자로 출전해 존재감을...,https://biz.chosun.com/sports/2024/05/07/VZWVDACUXJAZ5EWRD7DPLGFZTI/?utm_source=naver&utm_medium=original&utm_campaign=biz,
3747,사나이,"KIA 24세 거포 1루수의 조용한 시위…AVG 0.350·OPS 1.020 맹폭, 어쩌면 억세...","어쩌면 억세게 불운한사나이. KIA 타이거즈 오른손 거포 1루수 변우혁(24)은 지난 2월 호주 캔버라 스프링캠프에서 2023시즌에 큰 의미를 뒀다. 당시 그는 “기회를 많이 못 받았다고 생각하지 않는다. 내가 더 잘 해야 했다”라고 했다. 거포지만, 정확하고 간결한 스윙으로 애버리지부터 올리면 장타는...",https://mydaily.co.kr/page/view/2024051000420459122,
3747,사나이,4타수 4안타 2홈런…‘7억 달러의사나이’ 오타니 원맨쇼,‘7억 달러의사나이’ 오타니 쇼헤이(29·LA 다저스)가 물오른 타격 재능을 마음껏 뽐냈다. 오타니는 6일(한국시간) 미국 캘리포니아주 로스앤젤레스 다저스타디움에서 열린 메이저리그(MLB) 애틀랜타 브레이브스와의 홈 경기에 2번 지명 타자로 선발 출전해 홈런 2개 포함 4타수 4안타 3타점 2득점으로...,https://www.joongang.co.kr/article/25247424,
3747,사나이,[NBA PO] 'PO 평균 출전 시간 46.8분' 뉴욕을 이끄는 두 개의 심장의사나이,뉴욕의 핵심은 두 개의 심장의 소유자 하트다. 뉴욕 닉스는 9일(한국시간) 미국 뉴욕주 뉴욕 매디슨 스퀘어 가든에서 열린 2023-2024시즌 NBA 플레이오프 2라운드 인디애나 페이서스와의 경기에서 130-121로 승리했다. 뉴욕은 시리즈 전적 2승 0패를 기록하며 컨퍼런스 파이널 진출에 유리한 고지를 선점했다. OG...,https://m.sports.naver.com/basketball/article/065/0000262734,
3747,사나이,"2경기 연속골 강원 정한민, 수중전사나이","프로축구 강원FC가 어린이날 펼쳐진 ‘수중전’에서 수원FC에 짜릿한 역전승을 거두고 연패에서 벗어났다. 강원은 5일 수원종합운동장에서 열린 수원FC와의 하나은행 K리그1 2024 11라운드 원정 경기에서 후반 이승우에게 먼저 한 골을 내줬으나 조진혁, 정한민의 연속 골에 힘입어 2-1로 이겼다. 2연패에서...",https://sports.khan.co.kr/news/sk_index.html?art_id=202405051718003&sec_id=520101&pt=nv,
