company_id,company_name,news_title,news_text,news_url,posted_at
9599,엠엘에스에스,"[18일 낙찰/계약 동향] 탱크,CO2 STORAGE SYSTEM,CO2 저장용,기술규격서 참조...","▲ 낙찰업체 : (주)엠엘에스에스, 계약금액(낙찰가격) : 4,995,120(원), 계약명 : 교육용또는직업용도서. 계약기관 : 재단법인중구문화재단, 계약일자 : 2020-04-08, 계약방법 : 수의계약, 발주처(수요기관) : 재단법인중구문화재단, 계약 : (주)엠엘에스에스- 재단법인중구문화재단 (교육용또는직업용도서...",http://www.fintechpost.co.kr/news/articleView.html?idxno=109777,
9599,엠엘에스에스,"[5일 낙찰/계약 동향] 2020년 월명실내수영장 셔틀버스 임차 용역, 정밀의료 ...","▲ 낙찰업체 : (주)엠엘에스에스, 계약금액 : 2,800,000(원), 계약명 : [화정] 2020년 전자책 및 사이버강좌 홈페이지 유지보수. 계약기관 : 경기도 고양시 도서관센터, 계약일자 : 2019-12-31, 계약방법 : 수의계약, 발주처(수요기관) : 경기도 고양시 도서관센터, 계약 : (주)엠엘에스에스- 경기도 고양시...",http://www.fintechpost.co.kr/news/articleView.html?idxno=98040,
9599,엠엘에스에스,"안산대, '2015 도서관 전자정보 박람회' 개최","행사에 참여한 업체는 서울정보시스템, 한국산학경영연구소, ㈜학지사, ㈜학술교육원, ㈜북큐브네트웍스, ㈜누리미디어, ㈜엠엘에스에스, ㈜한국학술정보 등 8개 업체로, 전자저널, e-book(전자책), 동영상강좌 등의 시연 행사와 박람회 참가자를 대상으로 다양한 경품 이벤트가 진행됐으며, 500여명의 대학...",http://www.enewstoday.co.kr/news/articleView.html?idxno=426437,
9599,엠엘에스에스,"안산대학, '도서관 전자정보 박람회' 개최","이날 박람회에는 서울정보시스템, 한국산학경영연구소, ㈜학지사, ㈜학술교육원, ㈜북큐브네트웍스, ㈜누리미디어, ㈜엠엘에스에스, ㈜한국학술정보 등 8개 업체가 참여했다. 이자희 도서관장은 ""도서관에서 서비스 중인 전자정보자료 활용법 등을 알리기 위해 이 행사를 준비했다""며 ""대학구성원들이...",http://news.unn.net/news/articleView.html?idxno=151897,
9599,엠엘에스에스,"e북업계 ""아파트에 길이 있다""","지난해 8월 아파트 전자책도서관 시장에 뛰어든 교보문고(대표 권경현 kyobobook.co.kr)도 지난 5일 웹콘텐츠 총판사인엠엘에스에스(대표 윤정미)와 대림산업간 오산 원동 e편한세상 아파트 주민을 위한 전자책 도서관 계약을 체결, 5월 말 현재 약 20억원의 매출을 올렸다. 교보문고는 현재 2곳 이상의 아파트...",http://www.etnews.co.kr/news/detail.html?id=200706080115,
