company_id,company_name,news_title,news_text,news_url,posted_at
8245,위드바톤,"디지털 MICE 전문 기업위드바톤김준현 대표, ICT 컨버전스 2023 어워즈서 경...","시상자로 나선 한국정보과학진흥협회 박승진 이사장(왼쪽)과 경기도의회의장상을 수상한 김준현위드바톤대표(오른쪽) 디지털 MICE 전문 기업인위드바톤(With BATON, 대표 김준현)이 지난 12월 18일 개최된 ‘ICT Convergence 2023 Awards’에서 경기도의회의장상을 수상했다. ‘ICT Convergence Awards’는...",https://ditoday.com/%eb%94%94%ec%a7%80%ed%84%b8-mice-%ec%a0%84%eb%ac%b8-%ea%b8%b0%ec%97%85-%ec%9c%84%eb%93%9c%eb%b0%94%ed%86%a4-ict-%ec%bb%a8%eb%b2%84%ec%a0%84%ec%8a%a4-2023-%ec%96%b4%ec%9b%8c%ec%a6%88%ec%84%9c/,
8245,위드바톤,"위드바톤, 금투협 주최 ICSA 2023 연차총회 및 국제 컨퍼런스 성공 운영","김정각 금융위 상임위원, 백혜련 정무위원장, 어반퓨너레드 ICSA회장, 서유석 금융투자협회장, 이복현 금융감독원장 등 300여명이 ‘ICSA(국제증권협회협의회) 국제컨퍼런스’에 참석했다.(사진=금융투자협회 제공) 10여년 동안 300여개의 국제 컨퍼런스 및 이벤트를 운영한 경력의 MICE 전문가 그룹,위드바톤이...",https://ditoday.com/%ec%9c%84%eb%93%9c%eb%b0%94%ed%86%a4-%ea%b8%88%ed%88%ac%ed%98%91-%ec%a3%bc%ec%b5%9c-icsa-2023-%ec%97%b0%ec%b0%a8%ec%b4%9d%ed%9a%8c-%eb%b0%8f-%ea%b5%ad%ec%a0%9c-%ec%bb%a8%ed%8d%bc%eb%9f%b0%ec%8a%a4/,
8245,위드바톤,[어제장 오늘장] 외국인에서 개인으로?…매수세 '바톤터치' 이루어질까,"오늘(27일)의 키워드 <바톤터치> 입니다. 달리기 계주를 할 때 승리를 하기 위해선 주자들이바톤을 잘 넘기는 게 가장 중요하죠. 올 초 시장 상승을... 이 자리에서 중국은 올해 경제성장을 위한 청사진을 제시할텐데, 전문가들은 올해는위드코로나 전환 효과에 힘입어 5∼6% 선의 성장률 목표를 내놓을...",https://biz.sbs.co.kr/article_hub/20000105279?division=NAVER,
8245,위드바톤,"선화랑, 이영지 작가 개인전 ‘스테이위드미’ 선보여",사진=선화랑 선화랑이 이달 12일부터 다음달 8일까지 이영지 작가의 개인전 ‘스테이위드미(Stay with me)’를 연다. 2016년 선화랑이 주목한 젊은 작가를... 작가에게 차기 K-컬처의바톤을 맡기고자 하는 이유는 ‘우리’에 기반한 치유의 콘텐츠들이 세계인들에게도 똑같은 효과를 거둘 수 있다고 확신하기...,https://weekly.cnbnews.com/news/article.html?no=150797,
8245,위드바톤,로꼬·한해 오고 크러쉬 간다 ‘軍바톤터치한 무대 ★들’,"래퍼 로꼬, 한해가 전역 후 대중 곁으로 돌아온 지 두 달, 이젠 크러쉬가바톤터치를 이어받았다. 지난 2018년 2월 같은 날 입대한 로꼬와 한해는 지난... 크러쉬는 지난 10월 20일 새 EP 앨범 '위드허' 발매를 시작으로 네이버 NOW '아웃나우(#OUTNOW)'에 출연해 마지막 콘서트를 펼쳤다. 뿐만 아니라 각종 예능...",https://www.newsen.com/news_view.php?uid=202011131135084810,
8245,위드바톤,'장르만 로맨스' 개봉날 박스오피스 1위...위드코로나 시대 화려한 포문,위드코로나 시대 250만 관객을 동원한 '이터널스'의 흥행바톤을 이어 받아 한국영화로는 8주 만에 1위에 등극한 것으로 그 의미가 값지다. 이처럼 '장르만 로맨스'는 유쾌한 웃음뿐만 아니라 남녀노소 누구나 공감할 수 있는 스토리로 쟁쟁한 외화 경쟁 속에서도 당당히 한국영화의 자신감을 지켰다. “미친...,https://hobbyen.co.kr/news/newsview.php?ncode=1065571036119546,
8245,위드바톤,[위클리 PC방] 핵앤슬래시 붐바톤터치! 'PoE' 파죽지세,"제공=더로그 전국 PC방 총 사용시간은 약 1,505만 시간으로,위드코로나 발표 이후 전주 대비 0.2% 증가했다. 이는 전월 대비 5.6%, 전년 대비 24.8% 감소한 수치이다. 주간 평균 PC방 가동률은 12.0%(평일 평균 10.8% 주말 평균 15.1%)를 기록했다. 1위 '리그 오브 레전드'의 PC방 사용시간은 전주 대비 1% 증가했고...",http://www.khgames.co.kr/news/articleView.html?idxno=131834,
8245,위드바톤,위드코로나…오프라인 유통株 주목,박 연구원은 “위드코로나는 오프라인에 절호의 기회”라며 “온라인보다 오프라인 위주인 유통주가 강세를 보일 것”이라고 했다. “지난 2년간 코로나19로 일정 부분 혜택을 받은 e커머스 시장은 내년에는 다소 숨 고르기에 진입하며 성장바톤을 오프라인으로 넘겨줘야 할 상황”이라는 것이다. “소비...,https://www.hankyung.com/finance/article/202110277438i,
8245,위드바톤,[부고] 강신영씨 外,"실장)·이명기(다원인터내셔널 대표)·장해술(위드바톤이사)씨 장인상, 이시내씨 시부상=13일 분당서울대병원, 발인 15일 오전 8시, 031-787-1509 ▶김인환씨 별세, 김인환(프로야구 롯데 자이언츠 전 구단주 대행)씨 본인상=13일 삼성서울병원장례식장 14호실, 발인 17일 오전 10시, 02-3410-3151",https://news.joins.com/article/olink/23196281,
8245,위드바톤,"새단장한 2018 서울베이비페어, 주말도 관람객 발길 이어져","이번 서울베이비페어에는 엠엔비, 미즈코스, 세영통상,위드바톤, 태민이맘, 원마운트, 몽슈레, 비엔티 코리아, 웅진씽크빅, 고려제약, 베이비파크, 몽뜨레솔, 구희물산 등 총 450부스로 170여개 브랜드 업체가 참여했다. 전시 품목으로는 유모차, 아기띠, 힙시트, 이유식기, 수유용품, 젖병 소독기, 공기 청정기...",https://kizmom.hankyung.com/news/view.html?aid=201810270935o,
