company_id,company_name,news_title,news_text,news_url,posted_at
11011,코프리,2달러짜리 팔아서 억만장자 됐다.. 대박 난 '이 음료',최근엔 중국 내 첫 커피숍인 ‘코프리’(Coffre)를 선보이며 사업 영역을 확장하고 있다. IPO 안내서에 따르면 차바이다오가 업계 후발주자임에도 성공할 수 있었던 것은 중국 소비자들이 가격에 민감하다는 점을 공략한 덕분이다. 업계 평균 가격인 약 5달러보다 훨씬 저렴한 2달러에 버블티를...,http://www.edaily.co.kr/news/newspath.asp?newsid=02473126638858744,
11011,코프리,3000원짜리 팔아 '대박'…중국 억만장자 줄줄이 만든 이 음료,"지난 1월 중국 외 지역 최초로 서울에 매장을 오픈했고, 중국에선 첫 커피숍 '코프리(Coffre)'를 선보였다. 차바이다오는 0.5ℓ 버블티를 2달러가 조금 넘는(약 3000원) 가격에 판매해왔고, 이 저렴한 가격이 급성장을 이끌었다. 업계 평균 버블티 가격은 5달러(6900원)에 가까운 수준이다. 차바이다오는...",http://news.mt.co.kr/mtview.php?no=2024042214031281565,
11011,코프리,"[리뷰] '이강인 교체 출전' PSG, 최하위 클레르몽과 홈 맞대결에서 힘겹게 1-...","양쪽 윙백은 네투 보르지스, 짐 알레비나, 스리백은 막시밀리아노코프리, 앤디 펠마르, 크리슬랑 마치마였다. 마삼바 은디아예가 골문을 지켰다. 전반 13분 이날 경기 첫 슈팅이 나왔다. 마율루가 동료와 패스를 주고받으며 전진한 뒤 하무스에게 패스를 내줬다. 하무스의 슈팅이코프리맞고 벗어났다....",http://www.footballist.co.kr/news/articleView.html?idxno=181925,
11011,코프리,"[미리보는 메가쇼]코프리, 기능성 우산 선보일 예정","코프리(대표 구향서, www.korpri.com)는 오는 7월 3일(목)부터 6일(일)까지 킨텍스에서 열리는 '메가쇼 2014 SEASON I'에 참가해 기능성 우산을 선보일 예정이다. (사진설명: 한글우산) 한글우산은 700mm 사이즈에 풀컬러로 인쇄된 듀스포 원단으로 제작됐으며, 중봉은 알루미늄과 니켈도금으로, 살대는 FRP...",http://kr.aving.net/news/view.php?articleId=954632&Branch_ID=kr&rssid=naver&mn_name=news,
11011,코프리,"이승우-코프리에즈, `한국-벨기에의 톰과 제리` [MK포토]","JS컵 한국vs벨기에. 1일 수원월드컵경기장에서 열린 '2015 수원 JS컵 U18 국제청소년 축구대회' 벨기에와 대한민국의 경기, 후반 한국 이승우가 벨기에 수비와 볼다툼을 벌이고 있다. 안익수 감독이 이끄는 U-18 대표팀은 JS파운데이션(이사장 박지성) 주최로 수원월드컵경기장에서 지난달 29일...",http://sports.mk.co.kr/view.php?no=418362&year=2015,
11011,코프리,[포토엔]샬토코프리‘엘리시움의 용병 크루거’,"[ 영화 '엘리시움'(감독 닐 블롬캠프) 기자회견이 8월 14일 오전 11시 서울 영등포구 여의도동 콘래드서울에서 개최됐다. 영화 '엘리시움' 기자회견에는 첫 내한한 할리우드 배우 맷 데이먼, 샬토 코플리가 참석했다. '본' 시리즈를 통해 최고 액션스타로 자리매김한 맷 데이먼은 우주에서 경비가 가장 삼엄한...",http://www.newsen.com/news_view.php?uid=201308141225421810,
11011,코프리,"첫 내한 멧데이먼, ""또 오고파"" vs 샬토코프리, ""'강남스타일'의 나라""",그 영화의 주연을 맡았던 샬토코프리가 또 한번 출연해 기대를 높이고 있다. 2154년을 배경으로 황폐해져 버려진 지구에 사는 사람들과 우주공간의 유토피아인 엘리시움에서 사는 선택받은 1%의 사람들을 보여주는 영화다. 29일 개봉. ▶ 모바일 주식매매 파트너 ‘ ’,http://starin.edaily.co.kr/news/newspath.asp?newsid=01295606602907320,
11011,코프리,"핀란드, 요정, 피겨…'키이라코프리'","체조경기장에서 열리고 있는 김연아의 아이스쇼, 그 빼놓을 수 없는 재미를 포토로 감상해 보자. 핀란드의 요정이 한국을 찾았다. 지난 2010 밴쿠버 동계올림픽에서 빼어난 외모로 국내외 팬들을 사로잡은 키이라코프리의 우아한 백조에서 '비욘세'가 되어 열광적인 무대를 선사했다. 최유경 기자 뉴데일리",http://www.newdaily.co.kr/html/article/2010/04/18/ARTnhn45178.html,
11011,코프리,동물 플랑크톤의 과거,"연구팀은 학계에 보고된 적 없는 이 신종 화석에 취식 특징을 고려해 '티모레베스티아-코프리아이'라는 라틴어 학명을 붙였다. 티모레베스티아 (Temorebestia)는 '공포스러운 괴물'을,코프리아이 (kopri-i)는 연구를 주도한 극지연구소의 영문 이니셜*을 의미합니다. * Korea Polar Research Institute, KOPRI 신종...",http://www.astronomer.rocks/news/articleView.html?idxno=90802,
11011,코프리,지금은 고작 3㎝지만… 5억년 전엔 바다 주름잡았죠,"연구팀은 신종 화석에 ‘티모레베스티아-코프리아이’라는 라틴어 학명을 붙였다. 티모레베스티아는 ‘공포스러운 괴물’,코프리아이는 연구를 주도한 극지연구소의 영문 이니셜을 의미한다. 연구팀은 “5억년 전 화살벌레는 먹이를 통째로 삼키는 최초의 포식자로 추정된다”면서 “먹잇감들이...",https://www.chosun.com/economy/science/2024/01/11/TV5E5UXGNFHWXEZV4YVOTWIA2Y/?utm_source=naver&utm_medium=referral&utm_campaign=naver-news,
