company_id,company_name,news_title,news_text,news_url,posted_at
9979,네페코리아,"네페코리아, 파이프 S/S 론칭",네페코리아(대표 송동석 강윤나)의 프리미엄 스트릿 워크웨어 브랜드 파이프가 21 S/S 시즌의 새로운 컬렉션 ‘CABARET’을 공개했다. 하이엔드 캐쥬얼을 표방하는 파이프는 지난 2020년 F/W 시즌을 겨냥한 첫번째 컬렉션 ‘파란 불꽃(Blue Flame)’을 공개하며 혜성처럼 등장했다. 무한한 우주의 공간을 유려하게...,http://www.fashionbiz.co.kr/FL/?cate=2&recom=2&idx=183521,
9979,네페코리아,"바이에른 뮌헨 이적 핵심 인물, 김민재 영입 후 극찬→다이어 영입 후 경질 위...","뮌헨은 파바드와 스타니시치가 떠난 이후 대체 선수를 영입하고 싶어했다. 바이에른 뮌헨은 센터백과 라이트백 문제가 발생했다. 바이에른 뮌헨은 선수 보강을 할 수 있다고 생각했지만 대처가 늦었고 선수를 찾지 못했다""며 불만을 나타냈다. [바이에른 뮌헨 테크니컬 디렉터네페. 사진 = 게티이미지코리아]",https://mydaily.co.kr/page/view/2024012415023293999,
9979,네페코리아,"'김민재-케인-데 리흐트 영입 주도' 뮌헨 디렉터, 10년 만에 구단과 결별",텔은 케인의 후계자로 기대받는 유망주다.네페는 뮌헨의 전력 강화에 적지 않은 공을 세웠지만 이제 양측은 결별을 준비하고 있다.네페가 떠난다면 그는 뮌헨을 10년 만에 떠나게 된다. 뮌헨이네페대신 어떤 인물을 디렉터로 데려올지 지켜볼 일이다. 사진= 게티이미지코리아,https://www.sportalkorea.com/news/view.php?gisa_uniq=2024012319071071§ion_code=2070&cp=se&sp=A,
9979,네페코리아,김민재와 케인 영입한 디렉터 떠난다… 바이에른 영입 담당 물갈이,"지난해 여름 김민재, 해리 케인 영입의 핵심에 있었던 마르코네페바이에른뮌헨 기술이사가 팀을 떠난다. 독일 '스카이스포츠' 등 현지매체들은 23일... 있지만, 하필 바이엘04레버쿠젠이 15승 3무의 압도적인 성적을 내고 있어 승점차가 7점이나 되는 2위다. 사진= 바이에른뮌헨 홈페이지 캡처, 게티이미지코리아",http://www.footballist.co.kr/news/articleView.html?idxno=178507,
9979,네페코리아,"네이크업페이스, 씻을 필요 없는 각질제거 크림 내놔",[머니투데이 중기협력팀 배병욱 기자] 기능성 화장품 브랜드 ‘네이크업페이스’를 운영하는네페코리아(대표 강병기)가 각질제거제 ‘아하 스케일링 크림’을 출시했다고 밝혔다. 아하 스케일링 크림/사진제공=네페코리아이 제품은 피부에 바른 후 씻어낼 필요가 없다는 게 가장 큰 특징이다. 타 필링 제품처럼...,http://www.mt.co.kr/view/mtview.php?type=1&no=2014071115261148529&outlink=1,
9979,네페코리아,"네이크업페이스, '커버킹파우더 쿠션' 출시","네페코리아브랜드 기획팀은 “봄을 품은 절제된 핑크로 시선이 머무는 특별한 로즈골드 패키지와 기존 지성 피부 소비자들이 쉽사리 선택하지 못했던 쿠션 팩트의 커버력, 지속력, 무너짐의 단점을 보완해 컨실러가 필요 없는 꼭 필요한 쿠션 파운데이션""이라며 ""여심의 취향을 저격할 패키지를 기획해...",http://www.segye.com/content/html/2016/03/22/20160322002992.html?OutUrl=naver,
9979,네페코리아,"네이크업페이스, 물빛페이스 위한 '워터킹 커버 쿠션' 출시","(주)네페코리아브랜드 기획팀은 ""컨템포러리한 감성을 추구하는 미러타입 스퀘어 패키지와 피부 결점 커버력은 높이고 촉촉함은 그대로 유지해 이번 F/W 트렌드로 떠오르고 있는 매끈하면서도 자연스럽게 윤기 나는 메이크업에 꼭 필요한 머스트해브 아이템이다""라고 말했다. 한편, 현재 네이크업페이스는...",http://www.sisaweek.com/news/articleView.html?idxno=58703,
9979,네페코리아,"네이크업페이스, 다이아몬드 고농축 앰플 마스크팩 출시","다이아몬드 진주프로틴 앰플이 함유된네페코리아의 '다이아몬드 앰플 웨딩 마스크'는 피부의 맑은 빛을 찾아주는 진주추출물이 자외선, 스트레스, 각종 공해물질에 의해 발생되는 활성산소인 수퍼 옥사이드를 제거해주는 항산화 작용을 하고 세포 손상 및 피지 성분의 산화를 방지하여 피부 노화를...",http://news.mtn.co.kr/health/view.mtn?gidx=2015091118000128740,
9979,네페코리아,하이엔드 캐주얼 ‘파이프’ 런칭,"뷰티기업네페코리아(대표 송동석, 강윤나)가 하이엔드 패션 ‘파이프(PIPE)’를 이번 시즌 런칭한다. ‘파이프’는 에이지리스, 유니섹스를 기반으로 한 컨템포러리 무드의 캐주얼로, 스타일과 시대에 얽매이지 않는 유니크한 스타일을 지향한다. 패션 업계 ‘젠틀몬스터’를 지향, 감도 높은 비주얼 마케팅과...",http://www.apparelnews.co.kr/news/news_view/?idx=186631,
9979,네페코리아,"‘SON과 헤어질 수 없는 운명’ 토트넘 잔류 분위기 ‘바이에른 뮌헨의 1,437...","바이에른 뮌헨의 CEO 얀 크리스티안 드레센과 기술 이사 마르코네페는 프리시즌 투어에 합류하지 않았다. 드레센과 기술 이사네페는 런던으로 건너가... 할 수 있는 손흥민과 케인은 토트넘이 위기에 빠지거나 존재를 필요할 때 찰떡 호흡을 선보이면서 위력을 과시했다. 사진=게티이미지코리아, 90min, SPORT 360",https://www.sportalkorea.com/news/view.php?gisa_uniq=2023080808143536§ion_code=2010&cp=se&sp=A,
