company_id,company_name,news_title,news_text,news_url,posted_at
6910,위즈온협동조합,"[포토]광주시 동구,고향사랑기부금 전달",광주시 동구(청장 임택)는 28일 접견실에서 고향사랑기부금 전달식을 개최했다. 이날위즈온협동조합(대표 오영진)에서 동구의 발전과 구민복지 증진을 위한 고향사랑기부금 500만 원을 전해왔다.,https://www.wikitree.co.kr/articles/907410,
6910,위즈온협동조합,오영진위즈온대표 “장애인 위한 기금사업 크게 감동”,"광주 동구(청장 임택)는 오영진위즈온 협동조합대표가 고향사랑기부제 기금사업인 ‘발달장애 청소년 E.T 야구단 지원 프로젝트’에 고액(500만 원) 지정 기부를 했다고 8일 밝혔다. 고액 지정 기부자로 이름을 올린 오영진 대표는 근육세포가 자라지 않고 파괴되는 근이영양증을 앓고 있지만, 장애인과...",http://www.g-enews.com/ko-kr/news/article/news_all/202312081413325243d1148eefd_1/article.html,
6910,위즈온협동조합,"광주 동구, 오영진위즈온대표... '발달장애 청소년 E.T 야구단 지원' 고액 ...","광주시 동구(청장 임택)는 오영진위즈온 협동조합대표가 고향사랑기부제 기금사업인 '발달장애 청소년 E.T 야구단 지원 프로젝트'에 고액(500만 원) 지정 기부를 했다고 7일 밝혔다. 고액 지정 기부자로 이름을 올린 오영진 대표는 근육세포가 자라지 않고 파괴되는 근이영양증을 앓고 있지만, 장애인과...",http://www.newsworker.co.kr/news/articleView.html?idxno=310171,
6910,위즈온협동조합,사회적경제 이야기 - 사회적 기업 (주)위즈온 협동조합,"'공유지도 서비스'로 정보 소외계층 삶의 질 높인다 대전광역시 중구 대흥동에 위치한위즈온협동조합은 취약계층과 사회적 경제에 초점을 맞춰 정보접근성 향상을 위한 홈페이지, 모바일 웹 등을 제작하는 IT사회적기업이다.위즈온협동조합은 장애인을 비롯한 모든 사람들이 스스로 사회의 한 구성원으로...",http://www.jbnews.com/news/articleView.html?idxno=1216132,
6910,위즈온협동조합,원도심 임대료 지원 청년기업위즈온협동조합이전 개소,"대전시, 임대보증금 등 지원 권선택 대전시장이위즈온협동조합이전개소식에 참석해 축하의 말을 전하고위즈온협동조합의 발전을 위해 개소식 참가자들과 화이팅을 외치고 있다. 사진제공=대전시 [서울경제] 대전시는 청년들의 설자리 마련과 원도심 활성화를 위해 추진중인 원도심 청년공간...",http://www.sedaily.com/NewsView/1OKWB03R5V,
6910,위즈온협동조합,"[인터뷰] 오영진위즈온이사 ""장애 청년 커뮤니티 운영하며 고객 니즈 파악""","오영진(37)위즈온사회적협동조합이사는 후자를 택했다. 근육세포가 자라지 않고 파괴되는 근이영양증으로 휠체어 생활을 하는 오 이사에게 자신에게 맞는 회사를 찾기란 쉽지 않았다. 장애인에 대한 부정적인 인식과 그로 인한 취업난, 구조조정, 비장애인 위주의 인프라 때문이다. 오영진위즈온이사는...",https://www.joongdo.co.kr/web/view.php?key=20231113010004220,
6910,위즈온협동조합,"신협, 교통약자 저상버스 예약시스템 구축 위해 대전시·SK행복나눔재단·위즈...",▲신협사회공헌재단이 교통약자 저상버스 예약시스템 구축을 위해 대전시·SK행복나눔재단·위즈온협동조합과 업무협약을 체결했다 (사진=신협사회공헌재단) 신협사회공헌재단이 국내 최초 교통약자 저상버스 예약시스템 구축 추진하기 위해 대전시·SK행복나눔재단·위즈온협동조합과 상호협력한다....,https://idsn.co.kr/news/view/1065577343513720,
6910,위즈온협동조합,"SK행복나눔재단, 대전광역시-신협사회공헌재단-위즈온협동조합과 지역 내 교통...","SK그룹의 사회공헌재단인 행복나눔재단은 대전광역시, 신협사회공헌재단,위즈온협동조합과 16일 '교통약자 저상버스 탑승 예약 시스템 구축 및 서비스 제공'을 위한 업무 협약을 맺었다고 밝혔다. 4개 기관은 협약에 따라 대전 지역의 저상버스 탑승 예약 시스템(이하 시스템) 개발을 위해 긴밀하게 협력한다....",https://www.eroun.net/news/articleView.html?idxno=30243,
6910,위즈온협동조합,"대전관광공, 관광벤처 13곳에 사업자금 쏜다","또한 대전·세종관광기업지원센터 입주혜택, 컨설팅 및 액셀러레이팅, 판로개척 등의 지원도 받게 된다.선정 기업은 관광 체험 서비스, 지역특화 콘텐츠, 관광 인프라, 관광 딥테크 등 4개 분야로 △엑스크루 △다함께차차茶 △위즈온협동조합△리리 △글림 △하이든든 △에이케이피 △로이쿠...",https://www.asiatoday.co.kr/view.php?key=20240422010011787,
6910,위즈온협동조합,[금강일보-대전시 공동기획 : 2020 대전 청년을 말하다] 1. 오영진위즈온협동...,오영진(35)위즈온협동조합이사장이 모두가 동등하게 기회와 경험을 접할 수 있는 세상을 꿈꾸는 이유다.위즈온협동조합오영진 이사장 ◆ 세상과 당당하게 마주하다 오 이사장은 근이영양증이라는 희소질환을 앓고 있다. 근육세포가 점점 파괴되는 질환이다. 그래서 보장구(전동휠체어) 없인 자력 이동이...,http://www.ggilbo.com/news/articleView.html?idxno=751158,
