company_id,company_name,news_title,news_text,news_url,posted_at
11225,진수,톡톡 튀는 팝아트의진수...미국 팝아트 거장 다 모였다!,"앤디워홀, 리히텐슈타인, 로버트 인디애나, 미국의 팝아트 거장 8명 작품을 한꺼번에 볼 수 있는 전시회가 진행 중입니다. 한국의 팝아트를 이끄는 작가 10명의 작품도 함께 구성해 보는 재미를 더했습니다. 김정아 기자가 다녀왔습니다. [기자] 만화책의 작은 한 장면이 크게 부풀려지고 선명해졌습니다. 로히...",https://www.ytn.co.kr/_ln/0106_202405120224170947,2024-05-12 03:10
11225,진수,루네이트진수'오우학'에서 만나요,"그룹 루네이트의진수가 지난달 4일 오후 매향 여자정보 고등학교에서 열린 웹예능 '오늘 우리 학교는' 녹화 현장에서 포즈를 취하고 있다. '오늘 우리 학교는'은 다양한 장르의 아티스트들이 전국 각지의 학교를 기습 방문해 학생들과 선생님들과의 특별한 만남을 통해 더 가고 싶은 학교, 매일매일이 즐거운...",https://www.news1.kr/photos/view/?6641574,
11225,진수,실내악의진수'베를린 필하모닉 스트링 콰르텟' 대구 온다,실내악의진수를 보여줄 올해 상반기 최고의 내한공연이 대구 북구에서 펼쳐진다. 11일 행복북구문화재단에 따르면 어울아트센터 명작시리즈 두 번째 공연 '베를린 필하모닉 스트링 콰르텟'의 무대가 오는 26일 대구 어울아트센터 함지홀에서 개최된다. 베를린 필하모닉 스트링 콰르텟은 베를린 필하모닉...,https://www.newsis.com/view/?id=NISX20240511_0002731466&cID=10810&pID=10800,
11225,진수,"[포토]루네이트진수, 깜찍하게","그룹 루네이트의진수가 지난 4일 오후 매향 여자정보 고등학교에서 열린 웹예능 '오늘 우리 학교는' 촬영현장에 참석해 포즈를 취하고 있다. '오늘 우리 학교는'은 다양한 장르의 아티스트들이 전국 각지의 학교를 기습 방문해 학생들과 선생님들과의 특별한 만남을 통해 더 가고 싶은 학교, 매일매일이 즐거운...",http://biz.heraldcorp.com/view.php?ud=202405091626289650252_1,
11225,진수,베를린 필하모닉 '스트링 콰르텟' 대구 공연... 실내악진수선보인다,대구 어울아트센터 제공 베를린 필하모닉 오케스트라의 공식 콰르텟으로 활동하고 있는 '스트링 콰르텟'이 대구를 찾아 실내악의진수를 보여준다. 11일 행복북구문화재단에 따르면 어울아트센터 명작시리즈 두 번째 공연 '베를린 필하모닉 스트링 콰르텟'의 무대가 오는 26일 대구 어울아트센터 함지홀에서...,https://www.dkilbo.com/news/articleView.html?idxno=442035,2024-05-12 14:10
11225,진수,천연염색진수보여줄 '천연염색 페스타' 나주서 개최,"대한민국 천연염색의 성지 전남 나주시에서 전국 최대 규모의 천연염색 축제가 열린다. 나주시천연염색문화재단이 오는 17일부터 19일까지 한국천연염색박물관 일원에서 '2024 천연염색 페스타'를 개최한다고 8일 밝혔다. 천연염색 페스타는 '영산강을 물들이다'란 주제로 천연염색 관련 전시, 교육과 체험...",http://news.mt.co.kr/mtview.php?no=2024050811080763972,
11225,진수,"단양군, 남한강 관공선진수식 진행",단양군은 새롭게 건조한 관공선을 지난 8일진수하고 본격 운영에 들어갔다. 군은 이 관공선으로 남한강 내 불법 유도선·수상레저 활동 단속 및 유사시 인명구조 등 공공행정업무를 수행할 예정이다. 이날진수식은 단양읍 상진리...,http://www.breaknews.com/1031504,
11225,진수,"산다라박, 역시! 살아있네!…싱가포르 마리나 베이, “스트릿 댄스진수보여...","산다라박이 댄스머신의 진면목을 유감없이 보여줬다. 가수 겸 방송인 산다라박이 11일 오후 싱가포르의 상징적인 마리나 베이 샌즈 호텔을 배경으로 한 독특한 스트릿 댄스 영상을 공개하며 팬들의 이목을 집중시켰다. 이 호텔은 그 유명한 세 개의 타워와 거대한 스카이파크로 잘 알려져 있으며, 이곳에서 촬영된...",https://www.mk.co.kr/article/11013292,
11225,진수,"나주시, 영산포 홍어축제","20회째 맞은 나주 최장수 음식문화축제 … 600년 전통 숙성홍어진수선봬 50%상설 할인판매, 시식 체험, 축하공연 등 즐길거리 풍성 전라도 지역에선... 막힌 코가 뻥 뚫리는 잊을 수 없는 맛, '숙성 홍어'의진수를 보여 줄 남도음식의 대향연이 전라남도 나주에서 펼쳐진다. 나주시(시장 윤병태)는 5월 24일부터...",http://www.bzeronews.com/news/articleView.html?idxno=659841,2024-05-12 15:10
11225,진수,"하모나이즈, 미니 앨범 'Be Myself' 발매…현대 합창 음악의진수",쇼콰이어 그룹 하모나이즈가 현대 합창 음악의진수를 선보인다. 하모나이즈는 8일 정오 각종 온라인 음원 사이트를 통해 첫 번째 미니 앨범 'Be Myself(비 마이셀프)'를 발매한다. 'Be Myself'는 살아가는 가운데 결국 우리에게 가장 필요한 것은 '나 자신을 스스로 지켜 나가는 것'이라는 메시지를...,https://www.etnews.com/20240508000142,
