company_id,company_name,news_title,news_text,news_url,posted_at
11651,쓰리디포커스,"차 의과학대, '콘텐츠원캠퍼스 구축운영사업' 5년 연속 선정","한편, 콘텐츠원캠퍼스 구축운영 지원사업은 산·학·연·관 교육 협력체계를 바탕으로 융복합 창의인재를 육성하는 사업이다. 차 의과학대는 경기콘텐츠진흥원, ㈜쓰리디포커스, 구스랩스와 산ㆍ학ㆍ연ㆍ관 협력 체계를 구축해 이번 사업에 참여했다.",https://www.medipana.com/article/view.php?news_idx=326034&sch_cate=H,
11651,쓰리디포커스,"[미래기업포커스]하이쓰리디, 3D 배전설계 앱으로 해외 시장 공략",하이쓰리디가 지난달 홍콩에서 열린 '글로벌 소시스 모바일 일렉트로닉스' 전시회에서 3D 배전설계 애플리케이션(앱)으로 25개사와 약 5억원 규모 수출 상담을 했다고 6일 밝혔다. 지난해 7월 설립 이후 일군 첫 해외 사업이다. 하이쓰리디가 개발한 3D 배전설계 앱은 한양대 ERICA 캠퍼스와 한국전력공사...,https://www.nbnews.kr/news/articleView.html?idxno=40414,
11651,쓰리디포커스,"[미래기업포커스]굿쓰리디, 주얼리용 정밀 3D 프린터로 시장 개척","굿쓰리디(대표 김광현)가 주얼리, 액세서리 조형에 최적화된 3D프린터 'G프린터 주얼리'로 시장 개척에 나섰다. 굿쓰리디3D프린터 신제품은 신규 시장을 공략하기 위한 전략 제품이다. G프린터 주얼리는 레이어에 조사되는 픽셀 크기인 'XY 해상도'를 62마이크론까지 줄여 세밀한 3D 프린팅 작업이 가능하다....",http://www.etnews.com/20170526000283,
11651,쓰리디포커스,"차 의과학대, '콘텐츠원캠퍼스 구축운영 사업' 5년 연속 선정","한편, 콘텐츠원캠퍼스 구축운영 지원사업은 산·학·연·관 교육 협력체계를 바탕으로 융복합 창의인재를 육성하는 사업이다. 차 의과학대는 경기콘텐츠진흥원, ㈜쓰리디포커스, 구스랩스와 산∙학∙연∙관 협력 체계를 구축해 이번 사업에 참여했다.",http://www.thefirstmedia.net/news/articleView.html?idxno=144671,
11651,쓰리디포커스,"'2019 넥스트콘텐츠페어' 참가,쓰리디팩토리 정사교 이사가 말하는 체험형 게...","게임포커스는쓰리디팩토리의 정사교 이사에게서 체험형 게임의 대중화와 지방 콘텐츠의 용합에 대한 자세한 이야기를 들을 수 있었다. 먼저 VR 게임 보급 초기부터 시장에 뛰어든쓰리디팩토리는 VR 캠프 오픈 초창기, 아직 시장이 생성 단계였고 지자체 공무원 또한 처음하는 사업이었기 때문에 여러...",http://gamefocus.co.kr/detail.php?number=98226,
11651,쓰리디포커스,"[미래기업포커스]쓰리디팩토리, 국내 최초 VR테마파크 착수",차세대 3차원(3D) 전문 기업쓰리디팩토리(대표 오현옥)가 `가상현실(VR)플레이 존`을 구축한다. 올해 말까지 VR 1인칭 슈팅게임(FPS)을 개발하고 VR게임을 즐길 수 있는 플래그십 매장을 선보인다. 미래창조과학부가 추진하는 `VR 관광 및 엔터테인먼트` 사업에 선정된쓰리디팩토리는 총 18억원을 투자한다....,http://www.etnews.com/20160824000308,
11651,쓰리디포커스,대한병원협회 제42대 이성규 회장 취임 外,"차 의과학대는 경기콘텐츠진흥원,쓰리디포커스, 구스랩스와 산ㆍ학ㆍ연ㆍ관 협력 체계를 구축해 이번 사업에 참여했다. ◇안양시가족센터, 한림대성심병원에 사랑의 애착인형 기증 ▲ (왼쪽부터)황윤택 모두가족봉사단, 문지혜 의료사회복지사, 오세경 총무팀장, 김은경 사회사업팀장, 이승대...",http://www.newsmp.com/news/articleView.html?idxno=240692,
11651,쓰리디포커스,쓰리디프린팅 3D프린터 '메이커박스' 공동 구매 시 40% 할인 이벤트 진행,[게임포커스- 신은서 기자]쓰리디프린팅(주)에서 3D프린터를 직접 조립하면서 3D프린터 원리를 배우고자 하는 마니아들을 위해 3D프린터 키트를 할인제공하는 '메이커박스 공동 구매' 사은 행사를 실시한다. 3D프린터 메이커박스는 독자적인 고유모델과 디자인을 적용한 국산 교육용 3D프린터키트로...,http://gamefocus.co.kr/detail.php?number=73492,
11651,쓰리디포커스,"한국테크놀로지, '스마트 시티' 솔루션 개발 5자 업무협약 체결","한국테크놀로지는 지난달 28일 한양대 산하 안산건축도시연구센터, 친환경건축기술센터,쓰리디포커스, 대우조선해양건설과 스마트 시티 솔루션 공동개발 및 보급을 위한 전략적 업무협약을 체결했다고 4일 밝혔다. 이번 업무협약으로 5개 단체는 정부 산하 4차산업혁명위원회가 추진 중인 스마트시티 사업을...",http://www.newspim.com/news/view/20190304000605,
11651,쓰리디포커스,[판포커스] 아차차! 정치 9단도 실수에 예외 없다,"홍준표 후보 (삼디 프린팅 의도하신 거예요?) ""아이 그거쓰리디삼디 그거 똑같은 말인데. 그거 그 문재인이 한테 막 그랬듯이…"" 바쁘고 정신 없는 선거 과정에 실수야 있을 수 있습니다. 그래도 집권 후에는 실수를 하면 안 되겠죠. 판포커스였습니다. / shong@chosun.com * 뉴스제보 : 이메일(tvchosun@chosun.com)...",http://news.tvchosun.com/site/data/html_dir/2017/04/18/2017041890169.html,
