company_id,company_name,news_title,news_text,news_url,posted_at
1519,엘디엘컴퍼니,‘아미스’ 임준태 이사 “문화 통해 아이들이 성장할 수 있는 시스템 구축하...,"모나리자,엘디엘컴퍼니, Rmm, 비베레(Vivere), 브리얀떼플레르, 얼스레시피, 33뮤즈먼트, 마인성형외과, 런웨이 등 50여 브랜드들이 후원 및 협찬 했다. 한달에 한번씩 피부과, 성형외과 분야의 병원들과 사회각계각층의 후원을 얻어 자선 바자회를 통해, 사회에서 지원의 사각지대에 놓인 어려운 가정을 돕는...",http://www.sportsworldi.com/content/html/2018/06/28/20180628001313.html?OutUrl=naver,
1519,엘디엘컴퍼니,"봉사단체 AMIS(아미스), 소외계층어린이 위해 자선바자회 개최... 17일 머그포...","모나리자,엘디엘컴퍼니, Rmm, 비베레(Vivere), 브리얀떼플레르, 얼스레시피, 33뮤즈먼트, 마인성형외과, 헬로드라니코, 머스포레빗, 런웨이 등 50여 브랜드들이 후원 및 협찬한다. 한편, 봉사단체인 AMIS(아미스)는 Amicus, Ad, Aras의 줄임 말로 영원한 벗, 즉 죽을 때까지 영원한 우정을 평생 함께하자라는 의미로...",http://news.wowtv.co.kr/NewsCenter/News/Read?articleId=A201806130137&t=NN,
1519,엘디엘컴퍼니,"유서진 결혼, 예비신랑 큰 키에 훈남형…1살 연상의 사업가",사진 =엘디엘 컴퍼니유서진과 예비 신랑은 10여년 전 가까운 친구들과 가진 모임에서 처음 만나 우정을 쌓아오다가 지난해 연인으로 발전했다. 만난 지 1년 만에 결혼에 골인하게 됐다. 유서진은 오는 11월 22일 서울 강남구 삼성동 그랜드인터컨티넨탈호텔에서 결혼식을 치른다. 예비 신랑이...,http://biz.heraldcorp.com/view.php?ud=201409300044517169976_1,
1519,엘디엘컴퍼니,"유서진 결혼, 10년지기 친구와 오는 11월 웨딩마치",MBC 공채탤런트로 데뷔한 유서진은 '온에어' '시크릿 가든' '맛있는 인생' 등 인기 드라마에 빠짐없이 출연하며 인정받아온 배우다. 세련되고 지적인 이미지로 인기를 얻은 그는 결혼 뒤에도 연기활동을 이어갈 예정이다. 사진 =엘디엘컴퍼니,http://www.newsinside.kr/news/articleView.html?idxno=267036,
1519,엘디엘컴퍼니,"유서진, 11월에 결혼…남편은 한 살 연상 사업가","[톱스타뉴스=김명수 기자] ""유서진 /엘디엘컴퍼니"" 유서진이 오는 11월 화촉을 밝힌다. 29일 유서진 소속사 측에 따르면 유서진은 11월 22일 서울 삼성동 그랜드인터컨티넨탈호텔에서 결혼식을 올린다. 예비 신랑은 한 살 연상의 사업가로 두 사람은 10여년 전 가까운 친구들과 가진 모임에서 처음 만나...",http://www.topstarnews.net/detail.php?number=75570,
1519,엘디엘컴퍼니,"유서진, 한 살 연상 사업가와 11월 화촉 “성격·가치관 잘 맞아”","‘온에어’ ‘맛있는 인생’ ‘대왕세종’ ‘시크릿가든’ 등 다양한 작품에 출연했다. 다음 달 첫방송되는 케이블채널 tvN 아침드라마 ‘가족의 발견’에서 팜므파탈 마홍주 역으로 시청자들과 만날 예정이다. [김지연 기자 news@fashionmk.co.kr / 사진제공=엘디엘컴퍼니] [ⓒ 시크뉴스, 무단전재 및 재배포 금지]",http://fashion.mk.co.kr/view.php?no=1252241&year=2014,
1519,엘디엘컴퍼니,2014 전국고교 방송대본공모전 열린다,"한국청소년방송단연맹이 주최하고 한국방송예술교육진흥원이 주관하는 이번 공모전은 한국시나리오작가협회, 판도라TV, LDL엘디엘컴퍼니, 한국방송정보교육단체연합회, 서울영상위원회, 한국방송촬영감독연합회, 한국영화프로듀서조합이 후원한다. 접수 방법 등이나 관련 문의 사항은 한예진...",http://www.etnews.com/20140509000190,
1519,엘디엘컴퍼니,2014 전국고교 방송대본공모전 열린다,"사단법인 한국청소년방송단연맹이 주최하고 한국방송예술교육진흥원이 주관하는 이번 공모전은 (사)한국시나리오작가협회, 판도라TV, LDL엘디엘컴퍼니, (사)한국방송정보교육단체연합회, 서울영상위원회, 한국방송촬영감독연합회, (사)한국영화프로듀서조합이 후원한다. 접수 방법 등이나 관련 문의...",http://www.inews365.com/news/article.html?no=340726,
1519,엘디엘컴퍼니,KBS 성우들과 함께하는 고교 성우 캠프 개최,"인터넷 접수가 진행 중이며 더 자세한 내용은 고교 성우캠프 공식 네이버 카페(http://cafe.naver.com/voicecontest)에서 확인할 수 있다. 이번 행사는 한국청소년방송단연맹, 한국연예매니지먼트협회, 판도라TV, 인터넷방송국, KBATV,엘디엘컴퍼니가 후원한다. [ ][이데일리 TV][이데일리 ON][ ][마켓포인트]",http://starin.edaily.co.kr/news/newspath.asp?newsid=01174246603007360,
1519,엘디엘컴퍼니,"한국방송예술교육진흥원, 내년1월 고교 성우캠프 개최","kbe.or.kr)에서 인터넷 접수중이며 기타 자세한 내용은 고교성우캠프 공식 네이버 카페(http://cafe.naver.com/voicecontest)에서 안내 받을 수 있다. 한편 이번 행사는 (사)한국청소년방송단연맹, (사)한국연예매니지먼트협회, 판도라TV, 인터넷방송국 KBATV,엘디엘컴퍼니가 후원한다.",http://www.mediawatch.kr/news/article.html?no=243083,
