company_id,company_name,news_title,news_text,news_url,posted_at
8254,퍼틸레인,"퍼틸레인·보령컨슈머헬스케어, ‘리큐덤’ 광고 캠페인 선보여","종합 광고 대행사퍼틸레인이 보령컨슈머헬스케어와 손잡고 습윤 드레싱 브랜드 ‘리큐덤’의 새로운 TV 광고를 선보인다. 이번 광고 캠페인은 상처 치유 분야에 새로운 패러다임을 제시하며, 캠페인의 일환으로 전 국민이 공감할 수 있는 ‘리큐덤 송’을 소개한다. ‘리큐덤 송’은 단순하면서도 즐거운...",https://biz.chosun.com/distribution/living/2024/04/15/YL23EO6SVJBQFPWIOE3LYKO7MY/?utm_source=naver&utm_medium=original&utm_campaign=biz,
8254,퍼틸레인,"퍼틸레인, `2023 대한민국 디지털 광고 대상` 2관왕 달성",마케팅 그룹퍼틸레인(대표이사 김진)은 '2023 대한민국 디지털 광고 대상(KODAF 2023)'에서 2관왕을 수상했다고 26일 밝혔다. 지난해 3개 부문 본상 수상에 이은 2년 연속 수상이다. 한국디지털광고협회가 주최·주관하는 '대한민국 디지털 광고 대상'은 국내 최대 규모의 디지털 광고 시상식이다. 디지털 환경에서...,https://www.dt.co.kr/contents.html?article_no=2023122602109923056004&ref=naver,
8254,퍼틸레인,"퍼틸레인, '2023 대한민국 디지털 광고 대상' 2개 부문 수상","마케팅 그룹퍼틸레인(대표이사 김진)이 '2023 대한민국 디지털 광고 대상(KODAF 2023)'에서 2관왕을 차지했다고 밝혔다. 이번 수상은 지난해에 이어 2년 연속 수상한 것으로, 한국디지털광고협회가 주최·주관하는 이 대상은 국내 최대 규모의 디지털 광고 시상식이다. 디지털 광고 산업의 혁신 성장과 경쟁력...",https://www.nbntv.co.kr/news/articleView.html?idxno=3008103,
8254,퍼틸레인,"퍼틸레인자회사 '블루오렌지', 상반기 취급고 250억 기록",마케팅 그룹 '퍼틸레인(대표 김진)'은 자회사 '블루오렌지커뮤니케이션즈(블루오렌지)'가 올해 상반기 취급고(광고 수주금액 합계) 250억원을 기록했다고 5일 밝혔다. 사진=퍼틸레인퍼포먼스 마케팅 에이전시 '블루오렌지커뮤니케이션즈'가 국내 광고 시장 둔화에도 불구하고 올 상반기 성과를 냈다. 마케팅...,http://www.bizwnews.com/news/articleView.html?idxno=61218,
8254,퍼틸레인,"퍼틸레인, 퍼포먼스 마케팅 대행사 블루오렌지커뮤이케이션즈 인수",▲ 김진퍼틸레인대표(왼쪽)와 이상화 블루오렌지커뮤니케이션즈 대표가 M&A 체결 기념사진을 찍고 있다. 종합 마케팅 에이전시퍼틸레인은 블루오렌지커뮤니케이션즈(이하 블루오렌지)를 인수했다고 1일 밝혔다. 블루오렌지는 다양한 산업군의 퍼포먼스 마케팅 수행과 네이버·카카오의 공식 대행사 선정을...,http://www.datanet.co.kr/news/articleView.html?idxno=180603,
8254,퍼틸레인,"국내 최대 게임 마케팅 에이전시퍼틸레인, 블루픽스 인수합병… '브랜드 마케...","국내 최대 게임 마케팅 에이전시퍼틸레인이 광고 대행사 블루픽스 커뮤니케이션즈(이하 블루픽스)를 인수합병(M&A)했다고 21일 밝혔다. 이를 통해퍼틸레인은 디지털 마케팅 역량을 강화하고 경쟁력을 끌어 올릴 계획이다. 블루픽스는 2010년 3월에 설립된 마케팅 대행사로 정보기술(IT), 제약, 뷰티 등...",https://www.gamechosun.co.kr/webzine/article/view.php?no=191620,
8254,퍼틸레인,"퍼틸레인, DRX 롤드컵 본선 진출에 힘입어 e스포츠 기반 게임 마케팅에 힘 쏟...","게임 마케팅 에이전시퍼틸레인은 관계사 DRX가 2022 '리그 오브 레전드' 월드 챔피언십(이하 롤드컵) 본선에 진출함과 동시에 e스포츠 마케팅에 적극 나서겠다고 오늘(7일) 밝혔다. DRX는 최근 롤드컵 플레이인 스테이지를 전승으로 마무리하며, 그룹 스테이지에 진출했다. DRX는 지난 3일 매드 라이온스를...",https://www.thisisgame.com/webzine/game/nboard/225/?n=159406,
8254,퍼틸레인,"[IT이슈]퍼틸레인, 컴투스 ‘서머너즈 워: 크로니클’ 런칭 캠페인 진행 外","◆퍼틸레인, 컴투스 ‘서머너즈 워: 크로니클’ 런칭 캠페인 진행퍼틸레인은 컴투스 MMORPG ‘서머너즈 워: 크로니클(이하 크로니클)’의 런칭 마케팅 캠페인을 진행했다고 24일 밝혔다.퍼틸레인관계자는 ""크로니클은 8년 이상 전 세계에서 높은 인기를 구가하고 있는 ‘서머너즈 워’ IP...",http://www.lawissue.co.kr/view.php?ud=20220824155421510204ead0791_12,
8254,퍼틸레인,"게임 마케팅 에이전시퍼틸레인, P2E 인재 채용",퍼틸레인이 P2E(Play to Earn•돈 버는 게임) 게임 시장 공략을 위해 인재 채용에 나선다. 국내 최대 게임 마케팅 에이전시퍼틸레인은 P2E 인재 채용을 진행한다고 14일 밝혔다. 관련 역량을 내재화해 국내 게임사의 글로벌 시장 진출 조력자로서 지위를 굳히겠다는 방침이다. 이번 공개 채용은 총 두 자릿 수...,https://www.itbiznews.com/news/articleView.html?idxno=74109,
8254,퍼틸레인,"퍼틸레인, 고려은단 오메가3 제품 캠페인 진행",퍼틸레인은 고려은단과 ‘퓨어 알티지 DHA 오메가3’ 마케팅 캠페인에 맞손을 잡았다고 18일 밝혔다. 이번 마케팅 캠페인은 게임 마케팅 에이전시와 대한민국 대표 건강기능식품 기업 간 이색 협업이다. 퓨어 알티지 DHA 오메가3는 고려은단이 2020년 선보인 오메가3 제품이다.퍼틸레인은 퓨어 알티지 DHA...,https://www.news1.kr/articles/?4684451,
