company_id,company_name,news_title,news_text,news_url,posted_at
5136,트리콤미디어,"[KOBA 2016]트리콤미디어, 'BOSCH'의 디지털 회의 관리 시스템 'DCN Next Ge...","트리콤미디어(Tricom Media)는 24일(화)부터 27일(금)까지 4일간 코엑스(Coex) A,C,D홀에서 열리는 '국제 방송, 음향, 조명기기전(KOBA 2016)'에 참여해 'BOSCH'의 디지털 회의 관리 시스템 'DCN Next Generation'을 선보였다.트리콤미디어는 이번 전시에서 주력적으로 소개한 'BOSCH'의 'DCN Next Generation'은 새롭게...",http://kr.aving.net/news/view.php?articleId=1368934&Branch_ID=kr&rssid=naver&mn_name=news,
5136,트리콤미디어,[구축사례] 상암 MBC 신사옥 보안 시스템,열린 문화공간과 국가중요시설 보안 모두 만족 [보안뉴스=트리콤미디어] 상암동에 새롭게 건설되는 MBC는 열린 문화공간으로 제공될 수 있도록 많은 부분이 개방돼 있다. 하지만 방송국은 ‘국가중요시설 지정 및 방호 훈령 제5조’에 의해 국가중요시설의 대상로 지정된 곳이기에 이에 대한 보안은 매우...,http://www.boannews.com/media/view.asp?idx=40965&kind=1,
5136,트리콤미디어,"<AsiaNet>엑스트리콤,특별한 목적으로 제작된 802.11n 무선 LAN 시스템 발표","2002년 설립된 엑스트리콤은 모토롤라를 포함한 전략적 투자가들이 참여한 비상장 기업이다. 일반 문의: http://www.extricom.com . (1) ""Key Challenges Arise for 802.11n Deployments,"" Gartner, 25 July 2007, by Ken Dulaney.미디어: Erin Talbot, Abelson Group, +1-212-289-1218, erin.talbot@abelsongroup.com 애널리스트: Mike Doheny...",https://n.news.naver.com/mnews/article/001/0002015992?sid=104,
5136,트리콤미디어,"<PRNewswire>시미트리콤, 소무선 구역과 LTE 통신망 동기화 위해 신제품 소개","http://www.nokiasiemensnetworks.com SYMM-P 시미트리콤문의: Tracy Schriver Symmetricom, Inc. t: +1-408-964-7649 tschriver@symmetricom.com미디어문의: Liam Rose GolinHarris for Symmetricom t: +1-415-318-4380 lrose@golinharris.com 출처: Symmetricom, Inc. Symmetricom Introduces a New Class of...",https://n.news.naver.com/mnews/article/001/0006260247?sid=104,
5136,트리콤미디어,"<PRNewswire>큐셀, 시미트리콤소프트클락 솔루션을 4G/LTE 스몰 셀 솔루션과...","SYMM-P 시미트리콤문의: Tracy Schriver Symmetricom, Inc. t: +1-408-964-7649 tschriver@symmetricom.com미디어문의: Liam Rose GolinHarris for Symmetricom t: +1-415-318-4380 lrose@golinharris.com 출처: 시미트리콤(Symmetricom, Inc.) Qucell Integrates Symmetricom SoftClock Solutions...",https://n.news.naver.com/mnews/article/001/0006247449?sid=104,
5136,트리콤미디어,"<AsiaNet> 엑스트리콤, 파트너어드밴티지 채널 파트너 프로그램 개시","2002년 설립된 엑스트리콤은 모토롤라를 포함한 전략적 투자가들이 참여한 비상장 기업이다. 일반 의문 사항: http://www.extricom.com.미디어/애널리스트: Mike Doheny, +1-708-557-5007, mike.doheny@extricom.com; or Leo Tignini, Horn Group +1-646-202-9760, LTignini@horngroup.com; or Charlotte Sandy, Cohesive Communications, +44...",https://n.news.naver.com/mnews/article/001/0001966694?sid=101,
5136,트리콤미디어,"쌍용·해군, 2함대 해상종합훈련장 끝없는 소송전","원고는 쌍용정보통신,트리콤미디어, 콤스텍(보조참가)이다. 피고는 대한민국이다. 소송가액은 236억3104만3820원이다. 보조참가는 소송 결과에 영향을 받는 제 3자가 한쪽 당사자 승소를 목적으로 소송에 참여하는 제도다. 쌍용정보통신 등은 2013년 컴퓨터와 시뮬레이터로 실전에 가까운 대(對)잠수함, 조함(배를...",http://www.nongaek.com/news/articleView.html?idxno=53612,
5136,트리콤미디어,"쌍용·해군, 2함대 해상종합훈련장 대금 236억 소송전","원고는 쌍용정보통신,트리콤미디어, 콤스텍(보조참가)이다. 피고는 대한민국이다. 소송가액은 236억3104만3820원. 보조참가는 소송 결과에 영향을 받는 제 3자가 한쪽 당사자 승소를 위해 소송에 참여하는 제도다. 쌍용정보통신 등은 2013년 컴퓨터와 시뮬레이터로 실전에 가까운 대(對) 잠수함(대잠), 조함(배를...",http://www.nongaek.com/news/articleView.html?idxno=48450,
5136,트리콤미디어,"보쉬시큐리티, 일렉트로보이스 고객 대상 사운드 경험 행사 개최","감동을 마음껏 즐기는 시간이 됐으면 하는 마음으로 자리를 마련했다""고 밝혔다. 특히 이번 행사에는 보쉬시큐리티시스템즈의 총판사인 디라직, 코오롱베니트,트리콤미디어, 한양전자산업이 함께 참가해 부스 전시를 통해 제품과 솔루션을 고객에게 설명하는 자리도 함께하여 그 풍성함을 더했다.",http://www.cctvnews.co.kr/news/articleView.html?idxno=59367,
5136,트리콤미디어,`산학협력·융합`… 성동구 IT기업·한양대 속도낸다,"행사에는 오수철 디인시스템 대표, 송원길 사람과정보 대표, 안동욱 미소정보기술 대표, 어기호트리콤미디어대표, 임준규 이렌컴 대표, 전승민 엠투소프트 대표, 경지수 오보코리아 대표, 신향숙 애플앤유 대표, 차승희 다미컬렉션 대표, 최원재 파슬넷 대표, 류희수 다산에이디 대표가 참석했다. ▶ 전자신문...",http://www.etnews.com/20170216000202,
