company_id,company_name,news_title,news_text,news_url,posted_at
219,아이디맥스,"[더벨][thebell interview]""컨트로맥스, 이스라엘 IAI와 R&D 통해 기술 고도화...","""최근 한국·이스라엘 산업연구개발재단(KORIL-RDF) 국제 공동 연구개발 프로젝트에 컨트로맥스가 선정됐다. 이스라엘항공우주산업(IAI)과 핵심 기술 공동...아이디벤처스, IBK캐피탈, 비하이인베스트먼트, 키움자산운용, 블루버스인베스트먼트, 엠엠에스브이로부터 52억원 규모 투자를 받았다. 확보한 자금은...",https://www.thebell.co.kr/free/content/ArticleView.asp?key=202402281333305520105547,
219,아이디맥스,"[더벨][2024 VC 로드맵]김은섭아이디벤처스 대표 ""투자사 8곳, 상장 기대감""","◇투자·회수·펀딩 성과, 매출·영업이익 '고공행진' 벤처투자 혹한기에도아이디벤처스의 활약은 이어졌다. 지난해 19개 기업에 279억원의 투자를 집행했다. △양자 컴퓨팅 기술 기업 '큐노바' △자동차 사이버보안 전문기업 '페스카로' △구동장치(엑추에이터) 개발·생산 기업 '컨트로맥스' 등이 대표적...",https://www.thebell.co.kr/free/content/ArticleView.asp?key=202401292139545680101590,
219,아이디맥스,"김태연아이디맥스대표, “스마트공장은 새로운 기회…편의성 높은 검사 장비...","[헬로티] 2008년 설립한아이디맥스는 휴대폰과 자동차 시장에 자동인식 및 자동화 솔루션을 제공하며 성장했고, 이를 바탕으로 비전 검사와 마킹 시스템, 센서 등 다방면으로 사업 영역을 확장하고 있다. 특히 스마트 팩토리 시대에 맞는 편의성 높은 검사 장비와 솔루션 개발에 역량을 집중하고 있다....",http://www.hellot.net/new_hellot/magazine/magazine_read.html?code=204&sub=001&idx=30816,
219,아이디맥스,자기 이름으로 적금 모으는 팬 발견하자 통 크게 '에어팟맥스' 선물한 이수혁,"여기에는 45만 5310원이 담겨 있었다.이를 본 이수혁은 인스타그램 스토리를 통해 ""스태프 동생이 알려줬는데 에어팟맥스구입 예정 날짜를 알려달라""고 말했고 이후 YG 직원에게아이디를 인증하고 선물을 받아가라는 글을 올린 것이다. 이 같은 이수혁의 반응에 A씨는 ""적금 모아서 집 산다고 할 걸 그랬다...",https://www.insight.co.kr/news/428487,
219,아이디맥스,"맥스무비, 1년 시사회 프리패스부터 예매권까지 ... '여름아 부탁해' 이벤트 ...","먼저,맥스무비 채널의 구독과 좋아요를 클릭하고 구독자아이디를맥스무비 이벤트 페이지에 댓글로 인증하면 된다. 당첨자는 이벤트 참여자 중 추첨을 통해 선정되며, 오는 19일(월) SNS를 통해 발표한다.맥스무비에서 진행하는 모든 시사회에 100% 당첨 혜택을 누릴 수 있는 1년 시사회 프리패스(5명), 영화...",http://www.marketnews.co.kr/news/articleView.html?idxno=37901,
219,아이디맥스,"벨킨, 아이폰14 프로·아이폰14 프로맥스용템퍼드 프라이버시 항균 강화유리...",바일 액세서리 시장 선두 주자 벨킨이 아이폰14 프로와 아이폰14 프로맥스전용 템퍼드 프라이버시 항균 강화유리 필름(SCREENFORCE™ TemperedGlass Privacy... 템퍼드 프라이버시 항균 강화유리 필름은 벨킨만의 투명 컷아웃 디자인이 적용되어 카메라와 페이스아이디(Face ID) 및 아이폰의 새로운 다이나믹...,http://sports.khan.co.kr/news/sk_index.html?art_id=202301272326003&sec_id=560101&pt=nv,
219,아이디맥스,"프리미엄급 성능에 복고풍 디자인 갖춘 애플 아이폰 SE 3세대, 아쉬운 점은?","3세대 아이폰 SE는 터치아이디만 지원하고 페이스아이디는 지원하지 않으며, 아이폰13 프로맥스는 반대로 페이스아이디만 지원하고 터치아이디를 지원하지 않는다. 두 가지 보안 기능이 모두 지원되는 모델이 나오면 좋겠지만, 아직까지는 루머에 그치고 있다. 단 하나의 카메라, 성능은?외형과...",https://news.appstory.co.kr/tech15544,
219,아이디맥스,"넷플에 이어 디즈니플러스도 ""아이디공유 금지""","유료 프로그램을 도입할 당시 디즈니플러스가 따라갈 가능성이 있다는 전망이 나오기도 했습니다. 디즈니플러스뿐만 아니라맥스(MAX) 역시 계정 공유 제한 정책을 검토 중입니다. NBC유니버설의 피콕(Peacock)은 같은 가구 내에서만 계정을 공유할 수 있다고 했지만, 위반할 경우 단속은 아직 하지 않고 있습니다.",http://mbn.mk.co.kr/pages/news/newsView.php?category=mbn00003&news_seq_no=4971972,
219,아이디맥스,"[뉴스]맥스무비/티켓링크, 롯데카드로 결제하면 영화 예매권 증정","경품 지급은 9월 10일맥스무비아이디에 영화예매권이 일괄 지급된다. 단,맥스무비아이디가 없을 경우 티켓링크아이디에 영화 예매권이 지급된다. 이벤트에 관련된 문의는 티켓링크 콜센터(1588-4567)와 롯데카드 콜센터(1588-8100)를 통해 자세히 안내받을 수 있다 전략사업팀 관계자는 “추첨이 아닌...",http://www.maxmovie.com/movie_info/news_read.asp?idx=MI0096542890,
219,아이디맥스,"컨트로맥스, 시리즈A 투자유치 성공","이번 투자는 국내 벤처캐피털이 신주와 구주를 인수하는 방식으로 진행됐으며 컨트로맥스에 들어오는 신규 자금은 52억8000만원 정도다. 비하이인베스트먼트를 비롯해아이디벤처스, 블루버스인베스트먼트 등이 투자자로 합류했다. 투자 유치 후(포스트밸류, Post Value) 기업가치는 250억원을 인정받앗다....",https://www.topdaily.kr/articles/94748,
