company_id,company_name,news_title,news_text,news_url,posted_at
9868,파란고래,"시즈니는 바다가 될게, NCT 드림은 그 안의고래가 되어줘[스경X현장]","앵콜 첫 곡으로 ‘파랑’을 두 번째 곡으로 ‘고래’를 불렀다.파란가운을 입은 멤버들의 모습은 바닷속 헤엄치는고래를 연상케 했다. 이에 시즈니는 ‘처음 만났던 그때 그대로, 시즈니도 영원할게요’라고 적힌 플랜카드로 멤버들을 감동시켰다. 세 번째 앵콜곡 ‘ANL’이 끝나고, 멤버들은...",https://sports.khan.co.kr/news/sk_index.html?art_id=202405071642003&sec_id=540301&pt=nv,
9868,파란고래,[새 책] 우주로 간고래외,"△우주로 간고래박지음 지음. 매년 '행성여행' 코스를 운영하는 근미래의 한국, 7년 전 우주선 폭발 사고로 승객 대다수가 사망하는 참사가 있었다.... 요정과 아이들이 마음을 모아 지구를 되살릴 씨앗을 틔워 내는 여정을 절제된 색채와 간결한 대사에 담아낸 그래픽노블.파란자전거·88쪽·1만1,900원",https://www.hankookilbo.com/News/Read/A2024041513270000952?did=NA,
9868,파란고래,"팜리퍼블릭, 증류식 소주 '파란고래' 선물세트 출시",제공=팜리퍼블릭강원도 양양 소재의 농업법인인 팜리퍼블릭이 추석을 맞아 증류식 소주 '파란고래' 선물세트를 선보인다고 22일 전했다.파란고래는 양양산 쌀과 송이·능이·오미자 등 토종 천연원료를 사용한 것이 특징인 제품으로 영하의 온도에서 불순물을 제거하는 공법을 거쳐 만들어진다. 선물세트는...,https://news.mtn.co.kr/news-detail/2023092216210959608,
9868,파란고래,[Tour List]고래가 있는 풍경...파란바다고래만나는 길,"인천 영종도 인스파이어 오로라, 미디어 아트쇼 인기 울산 장생포,고래바다여행선 운항 인천 영종도 인스파이어 오로라 ‘Under the blue land’ 미디어 아트쇼 현재고래때문에 가장 핫한 여행지가 된 곳이 있다. 인천 영종도 인스파이어 리조트의 ‘오로라’다. 지난해 11월 부분 개방한 인천 영종도...",http://mbn.mk.co.kr/pages/news/newsView.php?category=mbn00007&news_seq_no=5011716,
9868,파란고래,화폭에서 꿈꾸는 흰수염고래와 나비,그림 속파란 고래처럼 시원한 웃음을 가진 작가. 친숙하면서도 바로 기억에 남는 이름이다. 꽃님 작가는 지역 내에서 손에 꼽을 정도로 활발히 활동하는 작가 중 한 명이다. 작가에게도 대학을 졸업하고 결혼과 육아라는 과정 속에서 쉬어가던 시기가 있었다. 그 무렵 참여한 전시회를 통해 전환기를 맞게 되었다....,http://www.kbmaeil.com/news/articleView.html?idxno=978433,
9868,파란고래,"[르포] '제로 열풍' 타고 수도권 상륙 선양소주···""고래찾아 삼만리""","중간에 도달하자 탑승 전 제공받은파란 고래가 그려진 크라운 캡을 파란 분수대에 던지며 소원을 빌 수 있었다. 이날 보트를 같이 탄 한 여성은 ""일반 팝업스토어 수준이 아니라 실제로 보트를 타고 물길을 떠다니는 경험을 할 수 있어 신기하다""라며 ""선양소주는 크라운 캡(Crown Cap)을 적용해 뚜껑을 따서...",http://www.seoulfn.com/news/articleView.html?idxno=501776,
9868,파란고래,땅 속 수조에 갇힌 벨루가는 언제쯤 바다를 헤엄칠 수 있을까,파란물 속 벨루가(흰고래) 한 마리가 왼쪽 상단에서 오른쪽 하단으로 하얀 궤적을 그렸다. 머리를 양갈래로 바투 묶은 어린이가 말했다. “아빠 벨루 춤 줘.” 관람객 20여명의 시선이 벨루가 ‘벨라’를 향했다. 벨라가 바닥으로 갔다 다시 수면을 향하길 십수번. 갑자기 수면으로 올라가 허리를 굽히고 둥둥...,https://www.khan.co.kr/national/national-general/article/202405121603001,
9868,파란고래,[월드&포토] 시드니 비비드 축제 드론쇼…파란 고래가 하늘 위로 솟아올라,드론들이 어둠 속으로 사라지더니 난데없이 반짝이는파란 고래가 바다 위로 서서히 솟아오르자 사람들의 탄성이 터져 나왔습니다. 야광 고래는 한동안 공중에 꼿꼿이 선 채 매혹스러운 몸부림을 보였습니다. 곧이어 남반구의 겨울바람이 세차게 부는 가운데 어느새 하늘 위에는 작은 태양계가 나타나서...,https://www.yna.co.kr/view/AKR20230605145300093?input=1195m,
9868,파란고래,[현장] 실내에 보트도 띄웠다…성수동에 바다 만든 ‘플롭 선양’,"‘팝업의 성지’ 서울시 성동구 성수동에파란 고래가 나타났다. 22일 현장을 찾으니 벽화에 기대어 ‘인증샷’을 찍는 방문객의 모습에 즐거움이 가득했다. 고래와 함께 바다로 떠나는 맥키스컴퍼니 소주 선양(鮮洋)의 팝업스토어 ‘플롭 선양’이다. 선양의 팝업스토어는 ‘퐁당, 물에 빠지다’란 뜻의...",http://www.segyebiz.com/newsView/20231123503412?OutUrl=naver,
9868,파란고래,"빨간고래,파란코끼리…식품·외식업계, '캐릭터 마케팅' 활발","오비맥주 발포주 브랜드 필굿 또한 2월 '필구(파란 고래)', '텐구(초록 고래)', '칠구(빨간 고래)' 등 고래 캐릭터 3종을 내놨다. 이는 각각 '필굿 오리지널', '필굿 엑스트라', '필굿 세븐' 등 세 가지 제품 맛을 상징하는 것으로 MZ세대와의 소통 강화를 위해 기획됐다. 하이트진로는 최근 필라이트의 코끼리...",https://www.kpinews.kr/newsView/179548287742465,
