company_id,company_name,news_title,news_text,news_url,posted_at
11762,만을,'21년만에 최강' 태양 폭풍에 세계 곳곳서 오로라,"""심각한 피해 보고 없어""…위성통신 기능 저하 등 일부 영향 약 21년만에 가장 강력한 태양 폭풍이 일면서 지구 곳곳에서 형형색색의 오로라가... 다만당초 우려됐던 대규모 정전 등 심각한 피해는 보고되지 않았고, 전력망과 통신 등에 작은 혼란만초래한 것으로 보인다고 AP는 전했다. 미...",https://www.yna.co.kr/view/AKR20240512007300009?input=1195m,2024-05-12 08:21
11762,만을,유전자변형 돼지신장 이식받은 美 60대 환자 두달만에 숨져,"달만에 숨졌다고 AP 통신이 11일(현지시간) 보도했다. 이 환자는 리처드 슬레이먼으로, 지난 3월 16일 62세의 나이에 매사추세츠 종합병원(MGH)에서 돼지... 뇌사자에게 돼지 신장을 이식한 사례는 이전에 있었지만살아있는 사람 몸에 돼지 신장을 이식한 것은 슬레이먼이 처음이었다. 또 과거에 두 남성이 유전자...",https://www.yna.co.kr/view/AKR20240512025000009?input=1195m,2024-05-12 12:21
11762,만을,"남양주 7인조 특수강도, 주범 셋 2년만에 세부서 검거",만에 필리핀에서 붙잡혔다. 경찰청은 2022년 6월 남양주에서 발생한 7인조 특수강도 사건과 관련해 해외로 도피한 피의자 3명을 지난 3일 필리핀 세부에서 검거했다고 12일 밝혔다. 이들은 2022년 6월 22일 복면과 모자로 얼굴을 가리고 남양주시 별내읍 아파트에 침입한 후 피해자들을 폭행·협박해 1억3000만원...,https://www.kmib.co.kr/article/view.asp?arcid=0020089776&code=61121111&cp=nv,2024-05-12 11:21
11762,만을,"""사장보다 더 많이 벌 수 있다""…LG전자 '파격 행보'","100만달러, 그 이상을 주더라도 영입할 의사가 있다”고 설명했다. 최근 빅테크를 중심으로 AI 인재 쟁탈전에 LG전자도 뛰어들겠다는 것이다. 조 사장은 “핵심 인재 영입도 중요하지만, 더 중요한 건 회사가 좋은 사람을 담는 ‘그릇’이 되어야 한다”며 “새 인재가 회사에 잘 적응하고 능력을 발휘할 수...",https://www.hankyung.com/article/202405123306i,2024-05-12 12:21
11762,만을,장진호 전투서 숨진 19세 미군 장병 유해 73년만에 고향으로,"아들 오매불망 기다리다 돌아간 모친과 유해로 상봉 美 국방부 전쟁포로·실종자 확인국, 전사자 유해 신원 확인 6·25전쟁(한국전쟁)에 참전했다 장진호 전투에서 숨진 미군 병사의 유해가 사후 70여 년만에 최근 신원 확인으로 고향 땅에 묻히게 됐다. 미국 국방부 전쟁포로·실종자 확인국(DPAA)은 한국전쟁...",https://www.munhwa.com/news/view.html?no=2024051201039930114001,2024-05-12 08:21
11762,만을,필리핀으로 달아난 특수강도 3인방...공조 수사로 2년만에 검거,"7인조 강도 행각을 벌이고 해외로 달아난 일당이 범행 2년만에 붙잡혔습니다. 우리 경찰과 필리핀 당국이 한 팀을 이뤄 체포 작전을 벌인 끝에 검거할 수 있었습니다. 김이영 기자의 보도입니다. [기자] 어두운 밤, 문이 열리자마자 집 안으로 사람들이 들이닥칩니다. 당황한 남성들이 막아서 보지만곧바로...",https://www.ytn.co.kr/_ln/0103_202405120918247195,2024-05-12 09:21
11762,만을,"카카오, 3년만에 유럽 웹툰 사업 철수…일본 시장 집중",카카오의 콘텐츠 자회사 카카오픽코마가 유럽 진출 약 3년만에 사업을 정리한다. 12일 관련 업계에 따르면 카카오픽코마는 유럽 현지 법인을 철수 결정하고 관련 절차를 진행 중이다. 유럽만화·웹툰 플랫폼 픽코마는 오는 9월 서비스를 종료할 예정이다. 이번 결정은 예상과 달리 유럽 웹툰 시장 성장세가...,https://view.asiae.co.kr/article/2024051219504202320,2024-05-12 20:21
11762,만을,휘발유 가격 7주만에 하락,"휘발유 가격이 7주만에 하락 전환했다. 12일 서울의 한 주유소에서 시민들이 주유를 하고 있다. 이날 한국석유공사 유가정보서비스 오피넷에... 7원, 경유 판매가격은 5.5원 하락한 리터당 1560.8원으로 나타났다. 지난주까지 6주 연속 오른 휘발유 가격은 7주만에 하락으로 돌아섰다. 2024.5.12/뉴스1",https://www.news1.kr/photos/view/?6644921,2024-05-12 11:21
11762,만을,21년만에 최강 '태양 폭풍'‥국내 위기경보 '주의' 발령,"◀ 앵커 ▶ 21년만에 가장 강력한 태양 폭풍이 지구에 도달하면서, 유럽과 미국 등 세계 곳곳에서 오로라가 관측되고 있는데요. 전파 교란 가능성이... G5 등급의 지자기 폭풍이 지구를 강타한 것은 21년만에 처음입니다. [이안 코헨/존스 홉킨스 응용물리학연구소] ""이 현상은 플레어(흑점 폭발)와 관련될 수...",https://imnews.imbc.com/replay/2024/nwdesk/article/6597449_36515.html,
11762,만을,휘발유 7주만에 내림세,한국석유공사 유가정보시스템에 따르면 이번 주 전국 주유소 휘발유 평균 판매가는 전주 대비 리터당 1.2원 내린 1711.7원으로 7주만에 내림세로 돌아섰다. 2024.05.12. photocdj@newsis.com 공감언론 뉴시스가 독자 여러분의 소중한 제보를 기다립니다. 뉴스 가치나 화제성이 있다고 판단되는 사진 또는...,https://www.newsis.com/view/?id=NISI20240512_0020336341,2024-05-12 12:21
