company_id,company_name,news_title,news_text,news_url,posted_at
1442,나라대부금융,"[금융이모저모]우리銀, 취약계층금융지원 위해 363억 출연한다",아울러 KB국민은행은 저신용 취약차주의 제도권금융이용 활성화와 이자부담 완화를 위해 서민금융우수대부업체에게 1000억원 규모의 저금리 자금을... 포브스는 매년 각나라별 최고 수준의 은행을 선정하기 위해 글로벌 리서치사 '스태티스타(Statista)'와 함께 약 4만9천여 명이 넘는 전 세계금융소비자를...,https://www.greened.kr/news/articleView.html?idxno=313477,
1442,나라대부금융,카드사는 '악덕기업'인가요? [슬기로운금융생활],"이 때문에금융권에서도 늘상 '미운오리새끼'로 전락해 규제 개혁이라곤 먼나라이야기일 수밖에 없는 산업이 됐습니다. 카드사는 정말 서민들의 등골만... 마지막 보루인 카드사에서 돈을 빌리지 못 하면금융소비자들은대부업, 사채시장 등 사실상 사금융으로 내몰릴 위기에 놓일 수밖에 없기 때문입니다....",http://www.wowtv.co.kr/NewsCenter/News/Read?articleId=A202404190474&t=NN,
1442,나라대부금융,"[금융브리핑] 새마을금고 , 그린MG 걷기 좋은 날 캠페인 추진","계약으로금융시장 변동성 확대, 유동성 경색 등 유사시에 사용되는 안정적인 외화조달수단 중 하나라고 설명했다. 미즈호은행과 원화/엔화 양방향... 아울러 KB국민은행은 저신용 취약차주의 제도권금융이용 활성화와 이자부담 완화를 위해 서민금융우수대부업체에게 1,000억원 규모의 저금리 자금을...",http://www.rightknow.co.kr/news/articleView.html?idxno=29292,
1442,나라대부금융,[CFO 리포트] 오케이금융최윤의 꿈과 다모클레스의 칼,"살았던나라이기도 하다. 디오니시우스의 특별허가로 다모클레스가 '하루 왕 노릇'을 하며 깨달은 최고권력자의 삶에 내재된 '위험'과 '자리의...금융업을 리스크 프리미엄 순으로 좌우로 길게 펼치면 리스크가 가장 높은 제도권 밖의 사금융을 제외하면 제도권 내에서는대부업 저축은행 캐피털, 카드...",https://www.bloter.net/news/articleView.html?idxno=614823,
1442,나라대부금융,"[성공예감] GDP의 6%를 재정적자로 쓰는 미국,금융시장 흔들 수 있어 – 김학...",그래서 저는 일단은 그래도 한미일 장관이 좀 만나면서 2008년도 이후로 글로벌 경제가 참 어떻게 보면 시장 중심 논리로 움직이기보다는 중간중간에 전쟁이 있고 이런 것도 있지만 이 관료들 특히 중앙은행들이 막 움직이는데 일반적으로 중앙은행이 그나라경제의 최종대부자 역할을 한다 그러죠. 막금융기...,https://news.kbs.co.kr/news/pc/view/view.do?ncd=7946347&ref=A,
1442,나라대부금융,"[정유신의 핀테크 스토리]소상공인 포용금융, 다양한 핀테크 수단 활용해야","소상공인을 포함한 자영업자는 우리나라취업자의 20~25%로, 이들의 제도권금융으로부터의금융소외는 국민통합 장애의 대표적 요인 중 하나다. 그동안... 우수대부업체에 대해 시행하고 있는 '저금리 대출자금조달 방안'을 우수 P2P업체에도 적용한다든지, 보증보험 등을 활용한 대출 허용, 소상공인 대출을...",https://www.etnews.com/20240421000046,
1442,나라대부금융,"한국 부동산, 바닥 밑 지하실 나올수도…글로벌금융권의 경고",글로벌금융권이 우리나라의 부동산 프로젝트파이낸싱(PF) 등의 대출 위험노출액 증가에 대해 우려를 표했다. 블룸버그통신은 지난 23일 부동산 대출... 하지만 금리가 오르기 시작하면서 한국의 주요대부업체 연체율은 지난해 6.55%로 거의 2배로 뛰었다. 한국의 부동산 경기 침체로 인한 최악의 상황은 아직...,https://realty.chosun.com/site/data/html_dir/2024/04/24/2024042401165.html,
1442,나라대부금융,연해주 독립운동대부…그의 집에서 안중근 단지동맹 맺어,최재형 선생은 바로 이곳에서 항일독립운동의대부로서 역할을 하다 순국했다. 난로 뜻하는 ‘최 페치카’ 애칭 얻기도 1860년 함경도 북단의 경원에서...나라사랑의 일념으로 성공한 인생을 동포와 조국에 모두 바친 선생의 노블레스 오블리주 정신은 한민족사에 영원히 기억될 것이다. 김석동 전금융위원...,https://www.joongang.co.kr/article/25242278,
1442,나라대부금융,"""3년간 임금동결""...OK금융그룹 노조, 최윤 회장 집 앞 집회 예고 ""투쟁격화""...","OK저축은행은 지난 2022년 말 부실채권을 같은 계열사인 오케이에프앤아이대부에 908억여원을 매각해 '일감 몰아주기' 의혹이 빚어진 바 있다.... 일반 직원을 갈라치기 하려는 의도도 엿보인다""고 말했다. 【 청년일보=이나라기자 】 OK금융그룹 CI [이미지=OK금융그룹] 최윤 OK금융그룹 회장. [사진=OK금융그룹]",https://www.youthdaily.co.kr/news/article.html?no=150967,
1442,나라대부금융,[기자수첩]대부업체 빈자리가 허전하다,"우리나라금융시장에서대부업체는 그간 '미운 오리'처럼 여겨졌다. 제도권금융기관 중 유일하게 저신용 서민들에 대해 자금을 지원하고 있음에도 불구하고, 단순히 이자가 높다는 이유만으로 지탄을 받아왔다. 정치권과 정부 역시 '고금리' 하나에만 눈이 멀어 이자를 낮추라고 강조할 뿐,대부업체의...",http://www.m-i.kr/news/articleView.html?idxno=1002272,
