company_id,company_name,news_title,news_text,news_url,posted_at
10967,하진,"[속보]윤 대통령 “개각, 조급하게 할 생각없다”",윤석열 대통령이 차기 국무총리 포함해 개각 인선과 관련해 “조급하게하진않겠다”고 밝혔다. 윤 대통령은 이날 용산 대통령실에서 열린 '윤석열 정부 2년 국민보고 및 기자회견'에서 “좀 너무 고집불통이라고 비판하는 분도 있지만 취임 이후부터 지금까지 개각이라는 걸 정국 국면 돌파용으로 쓰지는...,https://www.etnews.com/20240509000124,
10967,하진,"[르포] 아직 큰 혼란 없다지만…""대체 언제까지"" 불안함에 피마르는 환자들","""집단 휴진 때문에 걱정했는데 막상 와보니 전보다 혼란스럽거나하진않아요. 그래도 이런 소식 들리면 불안하죠. 위암 수술받고 경과를 봐야 제대로... 암병원 혈액검사실 앞에 대기 중이던 장모씨(49)는 ""걱정했는데 다행히 혼란스럽거나하진않은 분위기""라면서도 ""초음파·위내시경 등 검사가 계속 취소되고...",http://news.mt.co.kr/mtview.php?no=2024051011133453642,
10967,하진,단양 주차된 차 안에서 50대 남성 숨진 채 발견…경찰 수사,10일 경찰과 소방당국에 따르면 전날 오전 8시 30분쯤 충북 단양군 적성면하진리 피암터널 인근 2차선 도로에 주차된 차량에서 50대 남성이 숨진 채 발견됐다. 도로변에 며칠째 주차 중인 차량이 의심스럽다는 주민의 신고를 받고 출동한 경찰은 차 안에서 숨져있는 이 남성을 발견했다. 차량 안에는 번개탄을...,https://www.news1.kr/articles/5411658,
10967,하진,"조국, 교섭단체 20인 구성 난항… ""사람 빼오면서까지하진않을 것""",22대 국회에서 12석을 확보한 조국혁신당이 교섭단체 구성에 난항을 겪고 있다. 더불어민주당과 범야권 비례대표 연합정당인 더불어민주연합이 합당 절차를 밟으면서 진보당·새진보연합 출신 당선인들이 원당으로 복귀하게 됐다. 하지만 이들과의 연대만으로 교섭 단체의 최소 조건인 20석을 충족하긴 어렵다....,https://www.moneys.co.kr/article/2024042316574032302,
10967,하진,"맨유, 감독 자를 때도 '토트넘-무리뉴'처럼하진않는다… FA컵 결승전까지 맡...",맨체스터유나이티드가 에릭 텐하흐 감독을 경질한다. 단 마지막 컵대회 결승전으로 명예롭게 물러날 기회는 준다. 영국 '풋볼 인사이더'와 '데일리 텔레그래프' 등은 맨유가 텐하흐 감독을 시즌 끝나고 내보낼 방침을 확고히 세웠다고 전했다. 텐하흐 감독의 이번 시즌은 경질에 대해 불멘소리를 하기 힘들...,http://www.footballist.co.kr/news/articleView.html?idxno=183395,
10967,하진,"김승혜, 동료 개그맨과 결혼전제 열애","""아직 결혼 관련 구체적인 대화를하진않았다""면서도 ""나이가 있어서 조심스럽게 관계를 이어가고 있다""고 했다. 최근 김승혜는 티엔엔터테인먼트와 계약이 만료 돼 소속사 없이 홀로 활동 중이다. 입장을 듣기 위해 연락을 취했으나 닿지 않았다. 김승혜는 2007년 SBS 9기 공채 개그맨으로 데뷔...",https://www.newsis.com/view/?id=NISX20240502_0002722003&cID=10601&pID=10600,
10967,하진,"600만↑ ‘범죄도시4’ 허명행 감독, “흥행 부담이 왜 있죠?”[인터뷰]",관심이 없다는 건 거짓말인데 기대를하진않아요. 손익분기점만 넘겼으면 좋겠습니다.” ‘범죄도시4’ 허명행 감독이 영화 개봉 전날 서울 종로의 한... 이어 흥행에 대한 부담이 있냐는 질문에 허 감독은 “부담이 왜 있죠?”라고 되물으며 “관심이 없다는 건 거짓말인데 기대를하진않는다. 이미 내 손을...,https://sports.khan.co.kr/news/sk_index.html?art_id=202405030914003&sec_id=540401&pt=nv,
10967,하진,"""휴대폰 재미있어서 애 안 낳는다더라""... 부총리 자문기구의 진단","""설문조사를하진않고 강의시간 등에 심층 인터뷰를 많이 했습니다. 가장 재미있던 답변은 휴대폰을 보여주면서 이거 때문에, 재밌는 게 너무나 많은데 애를 낳을 생각이 굳이 안 든다는 것이었습니다."" '인구위기 극복을 위한 중장기 정책과제'를 연구하는 기획재정부 중장기전략위원회 발표 질의응답 중...",https://www.hankookilbo.com/News/Read/A2024042915520004828?did=NA,
10967,하진,부킹닷컴이 소개한 5월을 맞아 결혼식하진좋은 로맨틱한 전 세계 여행지 6선,"'5월의 신부'라는 말이 있을 만큼 5월은 따뜻한 봄날 많은 사람들의 축복을 받으며 결혼을 꿈꾸는 달이다. 로맨틱한 해변을 자랑하는 발리부터 하버 브리지 위에서 특별한 경험을 즐길 수 있는 시드니까지, 디지털 여행 선도 기업 부킹닷컴이 완연한 봄의 계절을 맞아 사랑의 서약을 하기 가장 매력적이고...",https://www.discoverynews.kr/news/articleView.html?idxno=1043024,
10967,하진,왜 빅테크 기업들은 ‘작지만 강한’ AI를 만들까,AI 기술을 활용하고자 하는 모든 사업자가 거대한 시스템을 필요로하진않는 만큼 괜찮은 성능을 갖추면서도 비용은 저렴한 ‘가성비’ 모델들이 주목받고 있는 것이다. 마이크로소프트(MS)는 자사가 개발한 소형언어모델(SLM) ‘파이(Phi)-3’ 제품군을 발표하고 앞으로 내놓을 3가지 소형 모델 중 가장...,https://www.khan.co.kr/economy/economy-general/article/202404241523001,
