company_id,company_name,news_title,news_text,news_url,posted_at
4061,케이에스자산관리,"케이에스앤픽·씨와이, 가상인간으로 K뷰티 홍보","AI 엔터테크 기업케이에스앤픽(이하 KSNPICK, 대표이사 양규석)과 서비스형소프트웨어(SaaS) 구축·운영관리전문기업 씨와이(이하 CY, 대표이사... 신제품 개발관리솔루션으로서, 국내외 화장품 브랜드사와 제조사를 연결하고 프로젝트관리및 데이터자산화를 지원하며 업계의 큰 관심을 받고 있다.",http://www.newspim.com/news/view/20230623000050,
4061,케이에스자산관리,"[소비자만족대상]KS자산관리, 고객별 맞춤 보험 비교·분석","[머니투데이 창조기획팀 이동오 기자]케이에스자산관리㈜(대표 김승현, www.inr.kr)의 보험비교닷컴이 머니투데이 선정 2015 소비자만족대상을 수상했다. 본문 이미지 영역 김승현 대표/사진제공=KS자산관리현재 국내 손해보험 약 10개사와 제휴 중인 보험비교닷컴은 손해보험 가격비교 서비스 전문...",http://www.mt.co.kr/view/mtview.php?type=1&no=2015031617481440686&outlink=1,
4061,케이에스자산관리,"금감원, 블로거 제휴 보험대리점 '경고'",실제 지난 8일 금감원은케이에스자산관리보험대리점에 위와 같은 이유로 기관경고 및 과태료 5000만원을 부과했다.케이에스자산관리보험대리점은 업무제휴를 맺은 인터넷 블로거에게케이에스자산관리가 운영하는 보험비교견적 사이트로 블로그 이용자를 안내하도록 하고 이 사이트를 통해 수집한...,http://www.kbanker.co.kr/news/articleView.html?idxno=53590,
4061,케이에스자산관리,파워블로거에 수수료 준 보험대리점 제재,"9일 금융감독원에 따르면케이에스자산관리㈜ 보험대리점은 블로거에게 보험모집관련 수수료를 지급한 것으로 조사됐다. 보험업법은 보험대리점은 같은 보험회사와 모집에 관한 위탁계약이 체결된 다른 보험대리점, 소속 보험설계사 외에는 타인에게 보험모집을 하게 하거나, 모집에 관해 수수료...",http://www.nocutnews.co.kr/news/4351424,
4061,케이에스자산관리,"하이픈, 펌뱅킹 기반 자금관리솔루션 '하이픈-CMS' 선보여","30조원 이상으로 추산되는 데이터 마켓을 겨냥해 API 마켓플레이스를 운영하는 하이픈은 토탈 페이먼트 솔루션 기업케이에스넷으로부터 인적분할... 통상 통합자산관리모니터링, 실시간 자금이체, 수납 및 입금 등의 기능을 수행한다. 최근 오스템임플란트(KOSDAQ 048260) 등 상장기업 가운데 횡령 사고가...",https://www.itbiznews.com/news/articleView.html?idxno=61102,
4061,케이에스자산관리,"유리자산운용, CMO에 부국증권 출신 오경수 영입...""올해 글로벌 VC 핀테크 투...","지난해 아태 지역의 주요 핀테크 거래에는 2억3700만 달러 규모의 한국 결제솔루션기업인케이에스넷(KSNET)의 바이아웃 거래가 8위에 올랐다. 삼정KPMG 핀테크 리더인 조재박 전무는 ""코로나19 팬데믹으로 지난해 글로벌 핀테크 투자가 주춤했지만 하반기에자산관리, 디지털은행에 대한 VC 투자가...",https://www.asiatime.co.kr/article/20210308500406,
4061,케이에스자산관리,"""전화 보험판매 절차 미흡"" 보험대리점 15곳 제재",이번에 경영유의 조치를 받은 보험대리점은 △웰스라이프 △인포유금융서비스(구 메리츠금융서비스) △인스밸리 △푸른신호등 △밸류마크 △에이티에셋 △유엔아이인슈컨설팅 △미래인슈 △케이에스자산관리△리더스금융판매 △보험프라자 △글로벌금융판매 △보험몰닷컴 △씨제이이엔엠 △리치앤코...,http://www.fnnews.com/news/201907141733126401,
4061,케이에스자산관리,"보험상품 비교 파워블로거, 판매수당 챙기면 '불법'",11일 금감원에 따르면케이에스자산관리㈜ 보험대리점은 지난 2012년 4월2일부터 이듬해 6월29일 간 이 같은 방법으로 135명의 블로거를 통해 4455건의 손해보험계약을 모집했고 해당 블로거들에게 고객 한명 당 7만원씩 총 3억1200만원을 인센티브로 지급했다. 또 같은 방식으로 지난 2013년 1월24일부터...,http://view.asiae.co.kr/news/view.htm?idxno=2015011020273201510,
4061,케이에스자산관리,"`상폐` 현대금속, 소액주주들이 샀다","현대금속 컴퍼니는 현대금속 소액주주들이 모여서 만든 특수목적 법인으로, 파트너인 에이쓰리자산관리(구케이에스인베스트먼트)와 함께 총 44% 의 지분을 확보, 경영권을 확보했다. 아울러 경영권 확보에 대한 등기도 마쳤다. 현대금속은 지난해 자료 미제출로 외부감사인의 '감사의견 거절'을 받아 최종...",http://www.edaily.co.kr/news/newspath.asp?newsid=02053286596316160,
4061,케이에스자산관리,2천억 목전서 '용'이된 휴온스 VS '승천 못한' 경동제약... 무엇이 차이 갈랐...,스마트케이자산관리△킹고투자파트너스 및 펀드 1건 등에 각각 투자를 진행하고 있다. 반면 △KT △한국단자공업 △삼성전자 △대한항공 △환인제약... 지투이 △케이에스비튜젠 △셀비온 △아리바이오 △펀드 7건 등에 투자 중인데 거의 대다수가 제약바이오와 관련이 있다. 투자처는 분산하되...,http://www.hitnews.co.kr/news/articleView.html?idxno=54324,
