company_id,company_name,news_title,news_text,news_url,posted_at
7830,씨앤비멀티플렉스,보성 차문화멀티플렉스‘봇재’ 핫플레이스 인기,"▲ CNB,씨앤비,시앤비,CNB뉴스,씨앤비뉴스 ‘봇재’ 그린다향 모습.(사진=보성군) 방문객 2배 증가... 오는 8월 6일부터 봇재 작은음악회 열려 보성군은 차문화멀티플렉스인 ‘봇재’ 방문객이 작년 동기간 대비 2배 이상 증가했다고 밝혔다. 7월 말 기준 ‘봇재’ 방문객은 4만 3천 명이다. 보성군은 ‘봇재’...",https://www.cnbnews.com/news/article.html?no=558260,
7830,씨앤비멀티플렉스,"서산시, 드림스타트 가족과 함께 영화관람 지원 행사 열어",31일 시에 따르면 서산시와씨앤비멀티플렉스(주)(대표 임석기)가 공동으로 지원한 이번 행사는 취약계층 가족 구성원의 결속력을 강화하고 아동 정서발달에 도움을 주고자 마련됐다. 참가자들은 애니메이션 영화인 '바커스:고양이를 조심해!'를 감상하며 서로 공감대를 형성하고 결속력을 강화하는 시간을...,http://www.joongdo.co.kr/web/view.php?key=20221031010007913,
7830,씨앤비멀티플렉스,"보성군, 다시 불 켜진 봇재! 빛나는 봇재!","▲ CNB,씨앤비,시앤비,CNB뉴스,씨앤비뉴스 차문화멀티플렉스인 ‘봇재’ 모습.(사진=보성군) 편안함과 안락한 분위기 조성 박차… 시설 환경개선 정비에 나서 보성군은 단계적 일상 회복에 따라 소비가 회복되고 관광이 재개될 것을 대비하여 각종 관광 시설 및 환경개선에 힘쓰고 있다. 특히, 차문화...",https://www.cnbnews.com/news/article.html?no=521849,
7830,씨앤비멀티플렉스,"메가박스, 신작 개봉 지원 5월까지 연장...‘영화산업 정상화 도움’","▲ CNB뉴스, CNBNEWS,씨앤비뉴스 사진=메가박스멀티플렉스영화관인 메가박스가 신작 개봉을 계속 독려하고 영화산업 활성화에 앞장서기 위해 신작 개봉 지원금 지급을 오는 5월까지 연장하기로 했다고 12일 밝혔다. 메가박스가 이처럼 결정을 내린 것은 지원금 지급이 한국 영화시장 정상화에 도움이 될...",http://www.cnbnews.com/news/article.html?no=486955,
7830,씨앤비멀티플렉스,영화 '기생충' 900만 관객 돌파…순위는 4위로 하락,"▲ CNB저널, CNBJOURNAL,씨앤비저널 서울 시내 한멀티플렉스에 '기생충'의 대형 포스터가 걸려 있다. (사진 = 연합뉴스) 봉준호 감독의 영화 '기생충'이 개봉 25일 만에 누적 관객 수 900만 명을 돌파했다. 영화진흥위원회 통합전산망에 따르면 이 영화는 23일 오전 10시 기준 누적 관객 수 900만 284명을...",http://weekly.cnbnews.com/news/article.html?no=128569,
7830,씨앤비멀티플렉스,"'엔드게임', '타이타닉' 넘었다…역대 글로벌 흥행기록 2위","▲ CNB뉴스, CNBNEWS,씨앤비뉴스 서울시내 한멀티플렉스영화관의 '어벤져스; 엔드게임' 포스터. (사진 = 연합뉴스) 마블 스튜디오의 슈퍼히어로 영화 '어벤져스: 엔드게임'(이하 엔드게임)이 '타이타닉'을 넘어 역대 글로벌 흥행기록 2위에 올라섰다. 이제 남은 영화는 '아바타'뿐이다. '엔드게임'은 지난...",http://www.cnbnews.com/news/article.html?no=408969,
7830,씨앤비멀티플렉스,모차르트의 오페라 '돈 조반니' 영화관서 본다,"▲ CNB저널, CNBJOURNAL,씨앤비저널멀티플렉스영화관 메가박스(대표 여환주)가 인간의 욕망을 그린 모차르트의 오페라 '돈 조반니'를 상영한다. 바람둥이의 대명사 '돈 후안'을 다룬 '돈 조반니'는 희극적인 요소뿐만 아니라 철학적 요소를 더해 인간의 끝없는 욕망과 간교함을 보여준다. 오페라 '돈 조반니'는...",http://weekly.cnbnews.com/news/article.html?no=116041,
7830,씨앤비멀티플렉스,‘잘츠부르크 페스티벌 2014’ 오페라를 극장에서 즐기다,"▲ CNB뉴스, CNBNEWS,씨앤비뉴스멀티플렉스영화관 메가박스가 세계적인 음악축제 ‘잘츠부르크 페스티벌(Salzburg Festival) 2014’의 단독 중계를 시작한다. 메가박스는 8월 4일부터 가장 인기 있는 라이브 중계 프로그램인 잘츠부르크 페스티벌의 실황을 전국 11개 지점에서 중계한다고 밝혔다. 메가박스에서...",http://www.cnbnews.com/news/article.html?no=260446,
7830,씨앤비멀티플렉스,"삼성전자, 상하이에 세계 최초 ‘오닉스’ 전용멀티플렉스개관","▲ CNB저널, CNBJOURNAL,씨앤비저널 삼성전자와 글로벌 최대 극장 체인 완다(Wanda)그룹은 7일 중국 상하이 창닝구에 위치한 ‘아크(ARCH) 완다시네마’에 세계 최초 ‘오닉스’ 스크린 전용의 ‘삼성 오닉스멀티플렉스’를 개관했다. (사진 = 삼성전자) 삼성전자는 7일 글로벌 최대 극장 체인 완다...",http://weekly.cnbnews.com/news/article.html?no=125297,
7830,씨앤비멀티플렉스,"CJ CGV, ‘컬처플렉스’ 효과…멀티플렉스영화관 부문 8년째 1위","▲ CNB뉴스, CNBNEWS,씨앤비뉴스 CJ CGV는 한국생산성본부가 주관하는 국가브랜드경쟁력지수멀티플렉스영화관 부문에서 8년 연속 1위에 올랐다고 28일 밝혔다. 국가브랜드경쟁력지수는 연간 3만명이 넘는 소비자가 참여해 기업의 브랜드 인지도, 이미지, 고객 충성도 등을 두루 평가하는 브랜드...",http://www.cnbnews.com/news/article.html?no=356033,
