company_id,company_name,news_title,news_text,news_url,posted_at
2143,타임즈코어,"코어라인소프트, 英 폐암 검진 원격 판독시장 진출","코어라인소프트 서정혁 해외사업 이사는 ""DMC와 협력은 영국 진단 시장 내 점유율 확장 및 원격 의료 분야에서 주요한 매개로 자사의 영향력을 확보하는 계기가 될 것""이라며 ""앞으로도 다양한 글로벌 의료기기 리딩 기업과 협력 관계를 구축할 것""이라고 전했다. [바이오타임즈=]",http://www.biotimes.co.kr/news/articleView.html?idxno=15025,
2143,타임즈코어,"메타플렉스코어, 솔라나에서 MPLX 보상 도입해 NFT 표준 혁신","메타플렉스 재단은 획기적인 움직임을 통해 솔라나의 새로운 NFT 표준인 메타플렉스코어를 발표했다.코어는 채굴 비용을 80% 절감해 블록체인에서 NFT... 보유자가 향후 프로토콜의 발전에 기여할 수 있도록 할 것이다. [해당 기사는 이코노타임즈에 게재되어 있으며, 번역 퍼블리싱 허가를 받았습니다.]",https://www.tokenpost.kr/article-170846,
2143,타임즈코어,"[인터뷰]코어무브먼트, 빅데이터∙EMS 기술 융합한 스마트 헬스케어 제품으로...","건강 측정 데이터를 수집하고 분석해 개인화된 건강 플랫폼을 제시하겠다""며 ""AI와 빅데이터 기술을 활용해 개인의 건강 상태에 맞는 맞춤형 스마트 헬스케어 서비스를 제공하며 개개인 삶의 질 향상을 지원해 나가겠다""고 전했다. 지난해 8월 진행된 세계장애인대회(사진=코어무브먼트) [바이오타임즈=]",http://www.biotimes.co.kr/news/articleView.html?idxno=13579,
2143,타임즈코어,전문신문協 제27대 회장 (주)타임즈코어이덕수 회장 선출,"창립 52주년을 맞는 (사)한국전문신문협회는 26일 제52차 정기총회를 열고, 제26대에 이어 제27대 회장에 이덕수 ㈜타임즈코어회장/ 발행인을 회원 만장일치로 선출했다.타임즈코어는 주간 영자신문 틴타임즈, 주니어타임즈, 키즈타임즈, 킨더타임즈, 월간 영자신문 월드타임즈를 발행하고 있다. [오늘...",http://www.mt.co.kr/view/mtview.php?type=1&no=2016022514494490737&outlink=1,
2143,타임즈코어,하루 10초만 '이 자세'...男女 성생활에도 도움된다고?,"미국 뉴욕타임즈는 최근 플랭크가코어근육을 강화하고 심장 건강을 자극해 성 기능에도 유익하다는 전문가들의 인터뷰를 소개했다. 미국 시카고 성 치료사 레이첼 자르 박사는 ""매일 플랭크를 하면코어근육을 강화해 성관계 시 더 쉽게 움직일 수 있고 다양한 체위에서 안정성을 향상시키는 데 도움이 된다...",https://kormedi.com/?p=1685478,
2143,타임즈코어,한국전문신문협회 새 회장에 이덕수 ㈜타임즈코어회장,"한국전문신문협회는 27일 서울 정동 배재역사박물관에서 제50차 정기총회를 열고 이덕수 ㈜타임즈코어회장(사진)을 제26대 회장으로 선출했다.타임즈코어는 킨더타임즈, 키즈타임즈, 틴타임즈 등 어린이와 청소년의 눈높이에 맞춘 영자신문을 발행하는 영어전문 교육기업이다. 국제, 사회，경제...",http://www.segye.com/content/html/2014/02/27/20140227005571.html?OutUrl=naver,
2143,타임즈코어,[2013 중소기업품질대상] ㈜타임즈코어,"수준별 영자신문 구성, 질 높은 컨텐츠 제공타임즈코어가 발행하는 틴타임즈 /사진제공:타임즈코어이덕수 대표",https://n.news.naver.com/mnews/article/011/0002425666?sid=101,
2143,타임즈코어,[동정] 진영태타임즈코어상임고문 취임,"진영태 前 약업신문 사장이 최근 영자신문타임즈코어상임고문으로 취임했다. 진 상임고문은 대외협력업체와의 유대강화 및 경영지원 업무를 담당하게 된다. 진 상임고문은 지난 73년 약사공론 기자로 전문언론과 인연을 맺어 약사공론 편집국장, 총무국장을 지냈고, 명인제약 부사장을 거쳐 약업신문...",http://www.yakup.com/news/index.html?mode=view&cat=meet&cat2=36&nid=1700138357,
2143,타임즈코어,"진영태씨,타임즈코어상임고문 취임","진영태 前 약업신문 사장이 지난 23일 영자신문타임즈코어상임고문으로 취임했다. 진 상임고문의 주요업무는 대외협력업체와의 유대강화 및 경영지원 업무를 병행하는 것이다.타임즈코어(회장·발행인 이덕수)는 유아에서부터 초등학생, 중학생, 고등학생, 대학생, 직장인 등을 대상으로 주간과...",http://medipana.com/news/news_viewer.asp?NewsNum=166301&MainKind=A&NewsKind=5&vCount=12&vKind=1,
2143,타임즈코어,한국전문신문협회장 이덕수타임즈코어회장,한국전문신문협회는 최근 열린 제50차 정기총회에서 제26대 회장에 이덕수타임즈코어회장 겸 발행인(사진)을 추대했다고 밝혔다. 이 회장은 국내 최초 청소년 영자신문 '틴타임즈'를 창간했으며 어린이 영자신문 '키즈타임즈'와 유초등 영자신문 '킨더타임즈'를 발행하고 있다. 한국전문신문협회는 1964년...,http://news.mk.co.kr/news_forward.php?domain=news&no=331492&year=2014,
