company_id,company_name,news_title,news_text,news_url,posted_at
9907,비엔지센터,노동자가 뽑은 경남 최악 살인기업에 창원시청이 선정된 이유,"전국민주노동조합총연맹 경남본부, 중대재해없는세상만들기 경남본부는 25일 오후 경남도청 프레스센터에서 기자회견을 열어, '최악의 살인기업'에 창원시청, '특별상'에 현대비엔지스틸을 선정했다. 앞서 창원시가 발주한 오수관리 작업을 하던 노동자 중 2명이 사망했다. 현대비엔지스틸은 2022년 2건에 이어...",https://www.ohmynews.com/NWS_Web/View/at_pg.aspx?CNTN_CD=A0003024804&CMPT_CD=P0010&utm_source=naver&utm_medium=newsearch&utm_campaign=naver_news,
9907,비엔지센터,경남 노동계 “올해 최악의 살인기업은 창원시청”,특별상은 창원에 공장을 둔 현대비엔지스틸㈜이 받았다. 민주노총 경남본부와 ‘중대재해 없는 세상만들기 경남본부’는 25일 도청 프레스센터에서 2024년 경남지역 최악의 살인기업 선정식을 개최하고 선정 결과를 발표했다. 창원시청은 지난해 위탁·도급 현장에서 3명의 산재사망자가 발생했다. 2023년 8월...,http://www.knnews.co.kr/news/articleView.php?idxno=1431035,
9907,비엔지센터,"서구 월평2동, 헤어살롱비엔지와 후원협약 체결","대전 서구 월평2동(동장 나기일) 행정복지센터와 지역사회보장협의체(위원장 최우석)는 헤어살롱비엔지(대표자 정영문)와 관내 저소득 아이들을 위한 업무협약을 체결했다. 이번 협약으로 헤어살롱비엔지는 이·미용이 필요한 관내 저소득 아동을 대상으로 무료 봉사를 지원하며, 동 행정복지센터와...",http://www.dtnews24.com/news/articleView.html?idxno=724203,
9907,비엔지센터,"정일선 현대비엔지스틸 사장, 현대위아 '스마트팩토리 솔루션'에 관심…""공장...",현대비엔지스틸 대표이사 사장이 현대위아의 스마트팩토리 전시관을 방문해 ‘공장자동화’에 대한 높은 관심을 보였다. 현대위아는 최근... 특히 직접 대표가 전시장을 찾은 것은 이례적으로 눈길을 끈다”고 평가했다.현대위아의 고성능 5축 머시닝센터XF8500./사진=또한 정 사장은 IRIS에 대한 설명을...,http://www.asiatoday.co.kr/view.php?key=20180404010002686,
9907,비엔지센터,비엔지테크놀로지 / 에너지 절감형 수처리기기 시장전망도 밝아,2012년에 평택소사벌 수질복원센터드럼농축기를 진해하수처리장에는 하수슬러지 건조설비를 납품했다. 이처럼비엔지테크놀로지는 2006년 설립 이후 이듬해인 2007년부터 공공기관 등에 꾸준한 납품실적으로 올리며 제 2의 도약을 준비하고 있다. 특히 최근에는 전략 제품으로 저속 드럼농축기와...,http://www.hankookilbo.com/v/4ef0c8f2118e47dca0e66a8f722b5a4d,
9907,비엔지센터,"[단독]에이스탁,비엔지증권 인수 추진",두산그룹은 지난 해 4월 갑을상사에비엔지증권을 매각하기로 결정했지만 대주주 적격성 심사를 통과하지 못해 최종 철회됐다. 에이스탁은 미국의 인큐베이팅센터가 ‘글로벌1000선도기업’으로 선정해 지원하는 등 금융과 IT기술의 융합을 성공시킨 회사로 인정받고 있다. 장효빈 에이스탁 대표는 “미래에...,http://view.asiae.co.kr/news/view.htm?idxno=2014042219042760006,
9907,비엔지센터,[증권사 CEO 열전] 조강래비엔지증권 대표이사,""" 증자에 대비해 올 하반기 IB업무와 리서치센터설립 등을 준비하겠다고 밝힌 조강래 사장.비엔지증권을 걸출한 중소형사로 성장시킨 경영 능력 덕분에 그를 향한 시장의 러브콜은 앞으로도 계속될 전망입니다. WOW-TV NEWS 이기주입니다. < > < >",http://www.wownet.co.kr/news/vodnews/view2.asp?vodnum=45078,
9907,비엔지센터,[증권사 CEO 열전] 조강래비엔지증권 대표이사,""" 증자에 대비해 올 하반기 IB업무와 리서치센터설립 등을 준비하겠다고 밝힌 조강래 사장.비엔지증권을 걸출한 중소형사로 성장시킨 경영 능력 덕분에 그를 향한 시장의 러브콜은 앞으로도 계속될 전망입니다. WOW-TV NEWS 이기주입니다.",http://www.wownet.co.kr/news/wownews/view_nhn.asp?bcode=N07010000&artid=A201007120106,
9907,비엔지센터,"비엔지증권, CME야간선물 거래서비스 개시","최저수준 수수료로 정규시장 뿐만 아니라 야간시장에서도 선물거래를 할 수 있다""고 전했다.비엔지증권의 계좌는 제휴은행인 KB국민은행에서 개설할 수 있다. 기타 자세한 내용은비엔지증권 홈페이지(www.bngsec.com)를 참고하거나 고객지원센터(02-772-1004)로 문의하면 된다. 한경닷컴",http://www.hankyung.com/news/app/newsview.php?aid=2012062067616,
9907,비엔지센터,"비엔지증권, CME야간선물 거래서비스 개시","비엔지증권은 두산그룹 계열사로서 최저수준 수수료율, 입출금 기준 수수료율 등 차별화된 서비스를 선보이고 있다.비엔지증권의 계좌는 제휴은행인 KB국민은행에서 개설할 수 있으며 자세한 사항은비엔지증권 홈페이지(www.bngsec.com) 혹은 고객지원센터(02-772-1004)로 문의하면 된다.",http://www.edaily.co.kr/news/newspath.asp?newsid=01403846599563360,
