company_id,company_name,news_title,news_text,news_url,posted_at
10811,금산양전농원,‘금산양전농원’ 매출액 급증 “밥도둑 홍삼액이 뭐길래?”,[라이프팀] 인삼 홍삼 쇼핑몰 ‘금산양전농원’의 온라인 매출액이 매년 급증하고 있는 것으로 알려지며 그 비결에 이목이 집중되고 있다.금산양전농원의 매출증대의 효자 노릇을 톡톡히 하고 있는 아이템 중 하나는 ‘밥도둑 홍삼액’. 입맛이 없는 아이들에게 밥맛이 돌게 하는 홍삼액으로 방부제와...,http://wstarnews.hankyung.com/apps/news?popup=0&nid=03&c1=03&c2=03&c3=00&nkey=201403030903431&mode=sub_view,
10811,금산양전농원,"금산양전농원, 매출액 급증 “우리아이 입맛 사로잡은 ‘밥도둑 홍삼액’ 덕분...","인삼 홍삼 쇼핑몰 ‘금산양전농원’의 온라인 매출액이 매년 급증하고 있다. 매출증대의 효자 노릇을 톡톡히 하고 있는 아이템 중 하나는 ‘밥도둑 홍삼액’. 입맛이 없는 아이들에게 밥맛이 돌게 하는 홍삼액으로 방부제와 착향료, 첨가물 없이 A급 홍삼으로 제작되었다. 비타민과 홍삼, 천연벌꿀 외 어떠한...",http://bntnews.hankyung.com/apps/news?popup=0&nid=05&c1=05&c2=05&c3=00&nkey=201403030902123&mode=sub_view,
10811,금산양전농원,"금산양전농원, 추석선물로 정성이 가득 담긴 홍삼정과 마련",금산양전농원에서는 산지직접배송으로 저렴하고 우수한 품질의 인삼선물세트를 마련했다. 예로부터 우리나라 금산인삼이면 해외에서도 품질 좋기로 유명하다. 금산인삼은 건강에 가장 좋은 고급 건강식품이었지만 최근에는 요즘은 보편화된 건강식품 중 으뜸으로도 손꼽힌다.금산양전농원은 KBS리빙쇼에...,http://wstarnews.hankyung.com/apps/news?popup=0&nid=03&c1=03&c2=03&c3=00&nkey=201209131739001&mode=sub_view,
10811,금산양전농원,"금산양전농원, ‘불만제로 UP’ 4년근 홍삼 우수성 방송 후 인기몰이",[라이프팀]금산양전농원은 오래 전부터 4년근 홍삼의 우수성을 주장했던 홍삼 쇼핑몰이다. 과거 6년근 홍삼보다 4년근 홍삼의 우수성을 알리며 인터뷰 했던 것이 다시금 화제가 되어 그 사실을 알아봤다. 11월27일 방송된 MBC ‘불만제로 UP’에서는 국내 건강기능식품 선호도에서 부동의 1위를 지키고 있는...,http://bntnews.hankyung.com/apps/news?popup=0&nid=05&c1=05&c2=05&c3=00&nkey=201311281907303&mode=sub_view,
10811,금산양전농원,홍삼 다이어트로 건강과 미용을 동시에,"홍삼전문업체금산양전농원은 7일, 아름다움과 건강을 지킬 수 있는 홍삼다이어트제품을 출시했다고 밝혔다. 김현정금산양전농원대표는 “홍삼에 함유되어 있는 사포닌 성분은 위장에서 당과 콜레스테롤이 흡수되는 것을 억제하고, 지방분해를 유도하면서 교감신경계의 활성을 촉진해 체내에 축적되어 있는...",https://n.news.naver.com/mnews/article/003/0004327711?sid=101,
10811,금산양전농원,고구마 말랭이 다이어트! “먹으면서 관리하자”,이처럼 칼로리에 비해 높은 포만감과 함께 다이어트식품으로 각광받고 있는 고구마. 맛과 영양뿐만 아니라 안전하고 휴대가 간편한 ‘유기농 호박고구마 말랭이’로 건강한 다이어트에 도전해보자. (사진제공:금산양전농원) bnt뉴스 기사제보 beauty@bntnews.co.kr,http://bntnews.hankyung.com/apps/news?popup=0&nid=03&c1=03&c2=03&c3=00&nkey=201407101653203&mode=sub_view,
10811,금산양전농원,먹는 다이어트! 맛과 영양의 ‘고구마 말랭이’,이처럼 높은 포만감의 다이어트식품으로 각광받고 있는 영양식품 고구마. 맛과 영양뿐만 아니라 휴대가 간편한 ‘유기농 호박고구마 말랭이’로 안전하고 건강한 다이어트에 도전해보는 것은 어떨까. (사진제공:금산양전농원) news@wstarnews.com,http://wstarnews.hankyung.com/apps/news?popup=0&nid=03&c1=03&c2=03&c3=00&nkey=201407101921581&mode=sub_view,
10811,금산양전농원,"금산군, 1년 결산…신성장 동력 박차로 지속발전 가능성 확인","(구)인삼관광농원의 리노베이션을 통한금산향토관 조성 사업 역시금산변화의 큰 축을 형성한 것으로 평가받고 있다.금산역사관, 생활민속관... 여기에 혐오시설로 외면 받았던양전쓰레기 매립장은 체육공원으로 변모돼 군민의 휴식처가 됐고금산형 농촌지붕개량 및금산읍 공동주택 지원사업은 쾌적한...",https://n.news.naver.com/mnews/article/003/0003007467?sid=102,
10811,금산양전농원,[표]국민의당 창당발기인 1978명 전체명단,(태성농원대표) ▲박래용(전 새정치민주연합 인천시당 청소년선도위원장) ▲박명수(전 CS Korea 대전 공동대표) ▲박명옥(거제시의회 부의장) ▲박명현... (진주금산두산위브아파트 입주자대표회장) ▲양동철(전 고등학교 교감퇴직) ▲양동휘(청운효자동 바르게살기위원장) ▲양만호(전 아마튜어 복싱 국가대표...,http://www.newsis.com/view/?id=NISX20160110_0013828137&cID=10301&pID=10300,
