company_id,company_name,news_title,news_text,news_url,posted_at
12390,드림네트웍스,[SK그룹] 시가총액 5080억 감소...드림어스컴퍼니1.05% 상승 '눈길',1위드림어스컴퍼니 2885원(1.05%)▲2위 SK오션플랜트 1만3370원(0.98%)▲3위 SK아이이테크놀로지 5만9400원(0.85%)▲4위 SK이노베이션 10만9600원(0.55%)▲5위 SK네트웍스5040원(0.4%)▲6위 SK바이오사이언스 5만8800원(0.17%)▲7위 SK케미칼 5만9600원(0.17%)▲8위 SKC 11만3900원(0%)▲8위 SK리츠...,https://www.pinpointnews.co.kr/news/articleView.html?idxno=263652,
12390,드림네트웍스,"SK네트웍스, 美 실리콘밸리에 'AI 랩' 설립","SK네트웍스가 국내 기업으로는 이례적으로 세계 기술혁신의 메카로 불리는 실리콘밸리에 'AI 랩'을 구축했다. SK네트웍스는 24일(현지 23일) 미국... 랩 출범을 축하하는 동시에, 현지 파트너사 및 AI 분야 기술 선도 기업들과 만나 협력방안에 대해 이야기하고 향후 추가적인 논의를 이어가기로 했다. [뉴스드림]",http://www.newsdream.kr/news/articleView.html?idxno=58139,
12390,드림네트웍스,"CJ올리브네트웍스, hy 논산 신공장에 스마트팩토리 구축","수 있도록 정기적인 시스템 고도화는 물론 관련 R&D 등을 통해 파트너사로써 적극 지원해 왔다""면서 ""F&B 및 바이오 분야에 특화된 CJ올리브네트웍스만의 스마트제조분야 IT기술과 경쟁력으로 논산 신공장을 최첨단 기술이 집약된 스마트팩토리로 완성될 후 있도록 노력할 것이다""라고 말했다. [뉴스드림]",http://www.newsdream.kr/news/articleView.html?idxno=58060,
12390,드림네트웍스,[SK그룹] 상승률 상위종목은?... SKC·드림어스컴퍼니 상승률 상위권,1위 SKC 11만3900원(3.17%)▲2위드림어스컴퍼니 2855원(1.96%)▲3위 인크로스 9440원(1.61%)▲4위 SK오션플랜트 1만3240원(0.99%)▲5위 SK리츠... 58%)▲14위 SK네트웍스5020원(-0.59%)▲15위 SK디앤디 1만2030원(-1.23%)▲16위 SK케미칼 5만9500원(-1.65%)▲17위 SK이노베이션 10만9000원(-1.89%)▲18위...,https://www.pinpointnews.co.kr/news/articleView.html?idxno=263248,
12390,드림네트웍스,"CJ올리브네트웍스, '화이트햇 투게더' 시즌3 참가기업 모집","CJ올리브네트웍스가 한국인터넷진흥원(KISA) 및 파인더갭과 함께 중소 및 중견기업의 정보보호 역량 강화 지원을 위한 '화이트햇 투게더 시즌3'에 참가할... 화이트햇 투게더를 통해 정보보호 업무에 어려움을 겪는 기업들이 정보보호 역량을 강화해 나갈 수 있도록 적극 지원할 예정이다""라고 말했다. [뉴스드림]",http://www.newsdream.kr/news/articleView.html?idxno=57867,
12390,드림네트웍스,"'할인율 10%'…SK네트웍스, 최성환 지분 저가매각에 '주가 추락'","하는 일들인데, 오너 스스로도 미래에 대한 확신이 없으니까 지분을 정리한 것 같다""고 불만을 토로했다. 이와 관련, SK네트웍스측은 ""최성환 사장은 책임경영 차원에서 꾸준히 SK네트웍스주식을 매수해 왔다. 앞으로도 기업가치 제고 및 주주가치 증진을 위해 노력할 것""이라고 말했다. [뉴스드림]",http://www.newsdream.kr/news/articleView.html?idxno=58253,
12390,드림네트웍스,"CJ올리브네트웍스, 마케팅 컨퍼런스 '겟 리얼 위드 브레이즈' 성료","이번 GRB Seoul 컨퍼런스를 통해 한국 시장에서 브레이즈의 인지도 제고 및 사업 성장을 기대하고 있다""며 ""CJ올리브네트웍스도 이번 행사에서 선보인 '디지털 마케팅 올인원 서비스'를 중심으로 올해는 그로스 마케팅을 기반으로 퍼포먼스 마케팅까지 영역을 확장해 나갈 계획""이라고 말했다. [뉴스드림]",http://www.newsdream.kr/news/articleView.html?idxno=57518,
12390,드림네트웍스,"롯데피플네트웍스, 보바스어린이재활센터 건립 기부금 전달","네트웍스김용기 대표는 ""We Walking Donation 캠페인의 지속 가능한 힘은 전 직원의 업무간 진행되는 자연스러운 걷기를 가치화하고 이를 자발적으로 기부에 참여하도록 하는 데에 있다.""면서 ""앞으로도 당사만의 차별화된 역량을 바탕으로 롯데그룹의 사회적 책임을 다 할 것이다""고 밝혔다. [뉴스드림]",http://www.newsdream.kr/news/articleView.html?idxno=57595,
12390,드림네트웍스,[SK그룹 월간동향] 이달 상승률 상위종목은?...드림어스컴퍼니.SK네트웍스이...,"드림어스컴퍼니 뒤를 이어 SK네트웍스, 인크로스 종목도 각각 6.26%, 6.07%씩 상승해 상승률 상위권에 이름을 올렸다. 한편, SKC 종목은 -18.21%를 기록해 SK그룹 계열사 중 가장 부진한 흐름을 나타냈다. 지난 26일 SK그룹 전체 계열사의 1월중 주가 등락률은 다음과 같다....",https://www.pinpointnews.co.kr/news/articleView.html?idxno=241562,
12390,드림네트웍스,"1/19 주가 급등 종목 기술력, '다소 고평가' LS네트웍스.... '저평가'드림어...","LS네트웍스의 기술투자지수는 2,706.4, 기술력점수(TSS)는 1.45, 기업가치추정은 다소 고평가로 나타났다.드림어스컴퍼니의 기술투자지수는 71.1, 기술력점수(TSS)는 39.53, 기업가치추정은 저평가로 나타났다. 이날 코스피 시장에서 주가 급등 종목 중에서 상위 TOP10은 깨끗한나라, LS네트웍스, 신송홀딩스...",https://www.pointdaily.co.kr/news/articleView.html?idxno=188192,
