company_id,company_name,news_title,news_text,news_url,posted_at
11614,제주디자인파크,"제주TP, 도내 기업 지식재산 활용·사업화 촉진 방안 모색","제주테크노파크(원장 문용석,제주TP)가제주기업의 지식재산 활용과 사업화 촉진을 위한 방안 마련에 나선다.제주TP는 9일 벤처마루 9층 회의실에...제주TP는 기술적으로 품질이 우수한제주기업 제품들이디자인과 컨설팅 측면에서 전문기관의 지원이 절실하다는 점을 설명했다. 그러면서 EV배터리와...",https://www.newsis.com/view/?id=NISX20240509_0002729410&cID=10813&pID=10800,
11614,제주디자인파크,"'경사도 8%'제주, 자전거도시 실현될까… 도로 다이어트, 공유·전기자전거 ...","제주도 제공 박 교수는 “제주도는 탄소중립 실현 수단과 이동권 보장, 여가문화,디자인을 통한 명소화, 산업적 파급력 등을 활용해 지지층을 점차... 설계와디자인까지 반영될 수 있도록 해야 한다”고 말했다. 이어 “도시계획 및 도시설계 분야에서 주차, 오픈스페이스, 테마파크, 교차로, 전용 도로 조성...",http://www.segye.com/newsView/20240505504426?OutUrl=naver,
11614,제주디자인파크,"이랜드파크, '코럴 오션 리조트 사이판' 객실 업그레이드...신라면세점, 中 생...","인기디자인을 추가해 새롭게 선보였다. 신제품에는 특수 표면 처리 기술이 새롭게 적용돼 '미끄럼 저항 성능'을 강화, 사람은 물론 반려동물도 안전하게 보행할 수 있게 했다. 한국애견협회와 KOTITI시험연구원에서 부여하는 반려동물 제품 안전 인증인 PS 인증도 획득했다. /이랜드파크◇ 이랜드파크, '코럴...",http://www.4th.kr/news/articleView.html?idxno=2062266,
11614,제주디자인파크,"""제주자전거 친화도시 실현 도시 상호 연계성 가져야""","설계와디자인까지 반영될 수 있도록 해야 한다""고 말했다. 이어 ""도시계획 및 도시설계 분야에서 주차, 오픈스페이스, 테마파크, 교차로, 전용 도로 조성... 박 교수는 ""제주도는 탄소중립 실현 수단과 이동권 보장, 여가문화,디자인을 통한 명소화, 산업적 파급력 등을 활용해 지지층을 점차 확산시키는...",http://www.jejumaeil.net/news/articleView.html?idxno=336665,
11614,제주디자인파크,"제주도, 15분내 도시 연결·자전거 생활권 조성 지혜 모은다","설계와디자인까지 반영될 수 있도록 해야 한다”고 말했다. 이어 “도시계획 및 도시설계 분야에서 주차, 오픈스페이스, 테마파크, 교차로, 전용 도로... 박 교수는 “제주도는 탄소중립 실현 수단과 이동권 보장, 여가문화,디자인을 통한 명소화, 산업적 파급력 등을 활용해 지지층을 점차 확산시키는...",https://www.cnbnews.com/news/article.html?no=657907,
11614,제주디자인파크,"제주, 15분내 도시 연결·자전거 생활권 조성 논의 본격화","설계와디자인까지 반영될 수 있도록 해야 한다""고 말했다. 이어 ""도시계획 및 도시설계 분야에서 주차, 오픈스페이스, 테마파크, 교차로, 전용 도로 조성... 박 교수는 ""제주도는 탄소중립 실현 수단과 이동권 보장, 여가문화,디자인을 통한 명소화, 산업적 파급력 등을 활용해 지지층을 점차 확산시키는...",http://www.headlinejeju.co.kr/news/articleView.html?idxno=542927,
11614,제주디자인파크,"[게임 브리핑] FC 온라인 · FC 모바일, '2024 상반기제주도 교육여행' 실시...","제주공항 내 출발 도착 구역 LED 광고를 진행하며, 아시아 최대 규모 해양 테마파크'아쿠아플라넷제주'에서는 홍보 영상을 상영한다. ""'FC 온라인... 새롭게 탄생한 '하이로우'는 더욱 시원하게 확장된 게임룸과 2024년의 최신 트렌드를 반영한디자인을 통해 기존 이용자들뿐만 아니라 신규 이용자층을...",http://www.worktoday.co.kr/news/articleView.html?idxno=52110,
11614,제주디자인파크,"제주대,제주향토문화 활용 상표·디자인경지대회 개최","제주대학교 지식재산교육센터(센터장 김인중)는 '2024제주향토 문화 활용 상표·디자인& IP 정보 활용 발명아이디어 경진대회'를 개최한다고 25일... 오용석),제주테크노파크기업지원단(단장 부창산),제주관광대학교 LINC3.0사업단(단장 장예선), 서귀포산업과학고등학교(교장 김수환)가 공동으로 주관하여...",http://www.enewstoday.co.kr/news/articleView.html?idxno=2119668,
11614,제주디자인파크,"쿠팡, 테마파크·워터파크상품 최대 86% 할인...11번가 숏폼 '플레이', 3개월...","26일엔제주신화월드의 테마파크, 워터파크, 뷔페 등 다양한 부대시설 이용권을 판매한다. 쿠팡이제주신화월드 부대시설 이용권을 와우회원 전용... 포장용품으로는 연령과 상관없이 활용이 가능한 꽃실사 이미지의디자인상품을 선보인다. 뚜껑을 열면 아름다운 꽃 장식이 탐스럽게 피어나는 '정사각...",http://www.4th.kr/news/articleView.html?idxno=2061359,
11614,제주디자인파크,"제주TP, 성장사다리 지원사업 참여기업 모집","제주테크노파크(원장 문용석, JTP)가 오는 30일까지 지역기업 성장사다리 지원사업에 참여할제주기업을 모집한다. 사업은 전년도 매출액 1억 원 초과... 표준화,디자인·마케팅 등) ▷수출지원(해외시장성조사, 입점대행, 바이어미팅) ▷수출상담회 등 기업별 최대 5000만 원 상당의 지원을 할 계획이다....",https://www.pressian.com/pages/articles/2024041820061672268?utm_source=naver&utm_medium=search,
