company_id,company_name,news_title,news_text,news_url,posted_at
10893,가빈유통,암페타미닐·에조가빈등 7종 임시마약류 지정 예고,"암페타미닐, 데조신, 에조가빈은 중추신경계에 작용하거나 작용 가능성이 있는 물질로 오남용이 우려되는 신종물질이다. 암페타미닐은 독일... 식약처는 이번 임시마약류 신규지정 예고가 신종 마약류의유통을 차단해 국민 보건에 도움이 될 것으로 기대하며, 앞으로도 검찰·경찰·관세청 등 관련...",http://www.chemicalnews.co.kr/news/articleView.html?idxno=6443,
10893,가빈유통,"씨케이앤비, 정품인증 보안스티커 히든태그가빈에 공급","이번 히든태그 도입으로가빈은 오일필터, 브레이크 패드, 서스펜션, 라디에이터 등 다양한 부품을 포함하는 브랜드인 '코리아스타'와 '온누리'의 가품발생 및유통확산을 방지할 수 있게 됐다. 또가빈은 기업 이미지 제고 효과를 얻었다.가빈은 아시아, 북미, 중남미, 유럽, 아프리카, 오세아니아 등을...",http://www.incheonilbo.com/news/articleView.html?idxno=1061847,
10893,가빈유통,부산시 선정 ‘2019 우수 착한 가격업소’ <상> '논두렁추어탕' '가빈삼계탕',(051)553-5769◇ 사하구 당리동 '가빈삼계탕'- 맛·영양·가격 다 잡은 삼계탕 “닭발 3시간 우려낸 육수 자신”# 강판금 대표- “가족이 함께 운영하고 시골서 식자재 가져와유통비 줄이니 1만 원”사하구 당리동 ‘가빈삼계탕’에서는 1만 원으로 삼계탕을 먹을 수 있다. 이는 지역 평균가보다 30% 정도 저렴한...,http://www.kookje.co.kr/news2011/asp/newsbody.asp?code=1600&key=20191212.22020004129,
10893,가빈유통,"[2022 신년기획] '가빈이네 딸기농장' 김기덕, 가족·저녁이 있는 삶, 귀농이...","아직은 초보 농사꾼… 온라인 마케팅도 열심히 농작물 재배만큼이나 판로와유통도 신경써야 할 부분이다. “농업 일에 뛰어든 지 얼마되지 않다 보니 판매,유통까지는 해결할 문제가 많더라고요. 그나마 현재는 수확물 99%가 지인 또는 공판장으로 판매됩니다. 그런데 딸기는 택배 판매가 어렵습니다. 작물...",http://www.thekpm.com/view.php?ud=202201100902099656124506bdf1_17,
10893,가빈유통,부천 리첸시아 맛집 … 더 맛있는 고기집 '신포가빈' 부천직영점 오픈,"▲ 신포가빈부천직영점 (사진=강동완기자) @머니S MNB, 식품 외식유통· 프랜차이즈 가맹 & 유망 창업 아이템의 모든 것 고기&해물요리 브랜드인 '신포가빈'은 청정 프리미엄 냉장육 소고기를 중심으로 한 '소모듬+낙지세트'와 국내산 한돈만을 사용하는 덤앤덤 쪽갈비세트, 매장내 수족관에서 싱싱한...",http://www.moneyweek.co.kr/news/mwView.php?type=1&no=2018042716528026059&outlink=1,
10893,가빈유통,난감해진 LIG넥스원...고스트로보틱스 '킬러' 낙인 찍히고 美 시위 표적,"펜실베이니아 대학교가 고스트로보틱스에 투자한 것은 공동창업자인 아빅 데(Avik De),가빈케넬리(Gavin Kenneally)가 펜실베이니아 대학교 출신이기... 파트너십에 따라 로보티칸은 이스라엘 내 비전60 독점유통업체로 선정됐다. 또한 로보티간의 반자율 드론 '루스터'와 비전60을 통합해 가자지구에...",https://www.theguru.co.kr/news/article.html?no=70203,
10893,가빈유통,동양기전 내일 주총서 액분 결의예정,"동양기전은 ""실적에 비해 주가가 저평가상태인데유통물량이 적은 것이주요 이유라는 평가가 많아 이를 받아들였다""며 ""유통물량 증가로 거래가빈번해지면 투자자들의 관심을 끌고 주가도 재평가받을 기회가 될것""이라고 내다봤다. 한편 동양기전은 자사주 취득계획은 아직 없다고 밝혔다. 동양증권...",https://n.news.naver.com/mnews/article/018/0000013042?sid=101,
10893,가빈유통,[인터뷰] 마음을 담는 생활작가 '가빈(Gabin) 정현',따라서 이러한 사회 관계망을 통해 정보가 공유되고유통될 때 더욱 의미가 깊어질 수밖에 없다. 대부분의 SNS는 웹·앱 (Web·APP) 기반의 서비스로 블로그... ▲가빈(Gabin) 정현 최근 감성 SNS 마케팅으로 주목을 받고 있는 ‘가빈정현’ 생활작가님을 만나 SNS에 대한 깊이 있는 얘기를 들어봤다. 모쪼록 SNS를 처음...,http://www.itnews.or.kr/?p=21458,
10893,가빈유통,[이병태의 유니콘기업 이야기]<45>젊은이 문화를유통하는 그룹 '바이스 미디...,"코미디언인가빈맥이니스 등 예술가 세 명이 공동 창업했다. 그들의 창업 자금은 예술가를 위한 정부의 복지 자금 일환이었다. 우리는 이들 사례를 통해 콘텐츠 사업 성공의 길을 배울 수 있다. 우선 콘텐츠 사업은 좋은 콘텐츠를 생산할 수 있는 전문가, 즉 콘텐츠를 생산하고 공연을 통해 시연하고유통하는...",http://www.etnews.com/20181205000335,
10893,가빈유통,알제리 자동차부품 시장동향,"<알제리내 주요 자동차부품 브랜드> 브랜드 명 로 고 BOSCH SKF VALEO MAHLE NTN-SNR GATES가빈GMB KOREA [자료 : 각 사 자료 등 알제무역관 정리] 알제리 현지 파트너 기준으로 보면 SFB, SIA그룹, TB그룹 등이 다수의 자동차부품을 수입,유통하고 있다. <알제리내 주요 자동차부품 수입기업> 현지...",http://dream.kotra.or.kr/kotranews/cms/news/actionKotraBoardDetail.do?SITE_NO=3&MENU_ID=430&CONTENTS_NO=1&bbsGbn=254&bbsSn=254&pNttSn=202730,
