company_id,company_name,news_title,news_text,news_url,posted_at
9560,검빛닷컴,"양지의 집 돕기, 경마인의 밤 행사","경마포털 1위업체인검빛닷컴㈜은 21일 ‘뇌성마비재활원 양지의 집 돕기 경마인의 밤’을 그랑프리경주가 끝나고 개최한다.검빛닷컴㈜이 한국경주마기수협회와 함께 양지의집이 미인가 시절부터 펼쳐 온 이 행사는 해를 갈수록 참여자와 기부액이 늘어가는 추세다. 또한, 이날 2000여명의검빛닷컴...",http://sportsworldi.segye.com/Articles/LeisureLife/Article.asp?aid=20081219003810&subctg1=45&subctg2=00,
9560,검빛닷컴,<경마>'서울경마'. 연간 적중률 전 부문 1위,"경마포털검빛닷컴(gumvit.com), 코리아레이스(korearace.com), 에스레이스(srace.com) 등에 따르면 '서울경마'는 2017년 1월7일(토)부터 12월24일(일)까지 경마일 96일간 서울에서 시행된 1899개 경주 가운데 1242개를 5두 이내에 적중하면서 2위를 6개 차이로 따돌리고 1위에 올랐다. 적중률은 65.4%. 또한...",http://sports.chosun.com/news/ntype.htm?id=201801050100032480002117&servicedate=20180104,
9560,검빛닷컴,[10일 일요일 레이스 분석] 1경주=② - ⑧.⑫ 두방!!! 外,▲ 2경주=④ - ③.⑨ 두방!!! 뚜렷한 선행마필이 없는 경주이기에 레이스가 상당히 느리게 전개될 경주라는 게 이번경주의 포인트. 앞서가는 마필들이 무조건 유리한경주! ④뉴마이티가 중심이고! 선두권 공략할 ③피겨여왕과 순발력좋아진 ⑨피콜로어게인 두방승부!!! 정철검빛닷컴전문위원,http://sportsworldi.segye.com/Articles/LeisureLife/Article.asp?aid=20110408004383,
9560,검빛닷컴,[9일 토요일 레이스 분석] 1경주=② - ①.⑥ 두방!!! 外,▲ 3경주=④ - ① 한방!!! 단통!!! 능력의 편차가 들어난 경주로써 초반 순발력 상당히 좋아진 모습에 ④에스에스이천은 거리줄여 출전한 만큼! 강하게 믿고 들어가야할 강축. 후착권에서는 훈련시 힘이 꽉∼!찬 모습을 보여준 〈메니피〉자마 ①안성파티를 한방으로 노려보자! 정철검빛닷컴전문위원,http://sportsworldi.segye.com/Articles/LeisureLife/Article.asp?aid=20110408004389,
9560,검빛닷컴,[모 아니면 도]8R 단독선행 찬스 맞은 ‘신흥황제’ 버티기 가능,"갈색특급(9경주 7번) 출주주기가 정상으로 돌아오면서 컨디션이 뚜렷한 회복세를 보이고 있다. 모던보이나 글로리영광과 병합을 실시하며 강조교도 무난하게 소화해 냈다. 탄력이 최상의 모습이고, 경주여건도 좋아 추입력 발휘가 기대된다. 스포츠경마ㆍ검빛닷컴ㆍARS 060-707-2330ㆍSMS 060-801-9922(01)",http://sports.khan.co.kr/news/sk_index.html?cat=view&art_id=201011112203073&sec_id=561501&pt=nv,
9560,검빛닷컴,[모 아니면 도]10R 컨디션 회복한 '트리플신화' 선전 기대,트리플신화(10경주 5번) 여름철 더위로 인한 컨디션 난조로 기대 이하의 성적을 기록했으나 직전 대상경주에서 회복세 보이더니 금주 조교 시에는 입상시의 탄력을 거의 회복한 모습이라 선전 기대. 스포츠경마ㆍ검빛닷컴ㆍARS 060-707-2330ㆍSMS 060-801-9922(01),http://sports.khan.co.kr/news/sk_index.html?cat=view&art_id=201011041958043&sec_id=561501&pt=nv,
9560,검빛닷컴,[모 아니면 도]10R ‘동방건아’ 배당마로 관심 집중,동방건아(10경주 1번) 최근 악벽으로 주로조교를 거의 실시하지 못하면서 실전에서 한계를 보이고 있으나 오랜만에 내주로에서 습보로 놓아주며 강조교를 실시했고 경주여건도 유리해 배당마로 관심이 쏠린다. 스포츠경마ㆍ검빛닷컴ㆍARS 060-707-2330ㆍSMS 060-801-9922(01),http://sports.khan.co.kr/news/sk_index.html?cat=view&art_id=201010281954553&sec_id=561501&pt=nv,
9560,검빛닷컴,[모 아니면 도]지구력 보강한 4R ‘붉은해’ 배당마로 관심,물보라(10경주 4번) 조교패턴을 바꿔 지구력 보강에 주력했고 성과도 보이고 있다. 상대 선행마가 있으나 이번에는 선입으로 따라가도 충분히 선전이 가능할 정도로 컨디션이 좋아 입상 기대치가 높다. <스포츠경마·검빛닷컴·ARS 060-707-2330·SMS 060-801-9922(01)>,http://sports.khan.co.kr/news/sk_index.html?cat=view&art_id=201010212101243&sec_id=561501&pt=nv,
9560,검빛닷컴,[모 아니면 도]컨디션 좋은 '문랜드' 8R 배당마로 관심,"최고벌통(9경주 5번) 원래 조교 시 좋아 보이는 마필인데, 금주는 더 좋아졌다. 8조의 상투를 앞에 두고 의도적으로 추입하는데 여유있게 넘어섰다. 강한 편성이지만 선전이 기대된다. 스포츠경마ㆍ검빛닷컴ㆍARS 060-707-2330ㆍSMS 060-801-9922(01)",http://sports.khan.co.kr/news/sk_index.html?cat=view&art_id=201010141627343&sec_id=561501&pt=nv,
9560,검빛닷컴,[모 아니면 도]8R ‘대지주’ 승부조교로 고배당 안겨줄 듯,혜성(9경주 12번) 능력은 있으나 말몰이가 까다로운 마필이라 이번에는 끝번을 신청하면서 발주가 좋은 유현명 기수로 교체했고 컨디션도 상승세다. 오랜만에 입상의 기회를 맞이한 듯. 스포츠경마ㆍ검빛닷컴ㆍARS 060-707-2330ㆍSMS 060-801-9922(01),http://sports.khan.co.kr/news/sk_index.html?cat=view&art_id=201010071737563&sec_id=561501&pt=nv,
