company_id,company_name,news_title,news_text,news_url,posted_at
12494,구주네트웍,"노터스, '구주1주당 신주 8주 배정' 최대규모 무상증자","노터스는 독보적인 비임상 경험과네트웍을 활용해 반려동물을 위한 의약품, 건기식 등 다양한 제품군을 개발해 회사의 새로운 성장동력으로 삼을 방침이다. HLB그룹과의 시너지도 본격화되고 있다. 노터스는 표적항암제 '리보세라닙'의 국내 판권을 보유한 HLB생명과학과 협력해 리보세라닙을 반려견 유선암...",http://www.newsway.co.kr/news/view?tp=1&ud=2022051008385549953,
12494,구주네트웍,"노터스, '구주1주당 신주 8주 배정' 대규모 무상증자 단행","노터스는 독보적인 비임상 경험과네트웍을 활용해 반려동물을 위한 의약품, 건기식 등 다양한 제품군을 개발해 회사의 새로운 성장동력으로 삼을 방침이다. HLB(028300)그룹과의 시너지도 본격화되고 있다. 노터스는 표적항암제 ‘리보세라닙’의 국내 판권을 보유한 HLB생명과학과 협력해 리보세라닙을...",http://www.edaily.co.kr/news/newspath.asp?newsid=02738806632327280,
12494,구주네트웍,"SK네트웍스, 에스트래픽 전기차 충전사업 인수...신성장 동력 확보","SK네트웍스(대표이사: 박상규)는 23일 이사회를 열어 '전기차 충전사업 투자' 안건을 승인했다고 밝혔다. 에스트래픽이 전기차충전사업부를 물적 분할해 설립 예정인 신규 법인(가칭: 에스에스차저 주식회사)의구주인수 및 유상증자에 참여하는 것으로, 총 728억원을 투자해 50.1%의 지분을 확보하는 내용이다....",https://www.s-journal.co.kr/news/articleView.html?idxno=9648,
12494,구주네트웍,"SK네트웍스, 전기차 충전사업 본격화…'업계 선도' 다짐",SK네트웍스는 약 728억원을 투자해 교통 인프라 전문 회사인 에스트래픽의 전기차 충전 사업부 지분 50.1%를 확보할 예정이다. 에스트래픽이 전기차충전사업부를 물적 분할해 설립 예정인 신규 법인(가칭: 에스에스차저 주식회사)의구주인수 및 유상증자에 참여하는 방식이다. 이번 투자에는...,https://www.asiatoday.co.kr/view.php?key=20220823010014084,
12494,구주네트웍,[표] 신설법인 (4월 16일~ 4월 22일) 서울 - 건설,"단위 = 백만원 서 울 회 사 대표 자본금 업 종 주 소 건 설구주네트웍조창현 150 정보통신 공사 시흥동 984 시흥산업용재유통 센타 21동 232호, 233호 구포건설 정광자 500 실내건축공사 광장동 102 현대골든텔 제10층 제1110호 그린터치 이흥규 김연서 200 조경시설물제작, 설치ㆍ시공 사업...",http://news.mk.co.kr/news_forward.php?no=209147&year=2010,
12494,구주네트웍,"다산네트웍스, 美자회사 DZS 지배력 축소 감수한 이유",모회사인 다산네트웍스는 DZS 일반공모에구주매출 판매자로 참여하는 방식으로 유동성 확보에 나선다. 다산네트워크는 이번에 보유지분을 매각하면 향후 DZS에 대한 지배력이 약화하고 외형측면에서의 축소가 예상되지만 영업이익률과 부채비율 등 재무건전성 개선 및 유동성 확보를 통한 미래...,https://www.paxnetnews.com/articles/94671,
12494,구주네트웍,"[베스트&워스트］ 코스닥, SK컴즈, SKT 피인수 소식에 급등",위드윈네트웍은 같은 기간 2855원에서 4060원으로 뛰며 상승률 2위를 기록했다. 위드윈네트웍은 중국 1위 국영의약품사와 상품(5종류) 독점 공급... 가희는 주식분할에 따른구주권제출로 지난 25일부터 주권매매거래가 정지됐다. 한국전자금융은 로엔과 마찬가지로 수급에 밀려나며 17.48...,http://www.etoday.co.kr/news/section/newsview.php?idxno=1207540,
12494,구주네트웍,"(벤처투자 노하우를 말한다)④한국투자파트너스, 'YG엔터'로 '대박' 재현!","기자 : 현재 한국투자파트너스는구주매입 방식으로 75억원을 투자해서 46%지분을 가진 양현석씨 다음으로 지분율 20%를 보유하고 있습니다. 원래 조... [인터뷰 : 조영봉 (한국투자파트너스 투자이사)] ""제가 최근에 관심을 갖고 있는 분야는 LED 분야와 소셜네트웍분야입니다. LED분야는 LED TV를 기반으로 큰...",http://news.etomato.com/pagelog/popup_log.asp?newsseq=146677,
12494,구주네트웍,"차헬스케어,‘싱가포르 메디컬그룹’ 최대주주","차헬스케어는 20일 6,000만 싱가포르 달러(약 4,432만달러) 규모의구주및 전환사채 인수를 통해 총 24%의 SMG 지분을 취득하면서 최대주주로 올라섰다.... 파라곤, 마운트 엘리자베스, 노베나 등 싱가포르의 주요 의료 거점 및 인도네시아, 베트남의 주요 도시에 의료네트웍을 확보하고 있다. 이번 지분 확보로...",http://www.koreatimes.com/article/1232547,
12494,구주네트웍,"[유통가 레이더] SK네트웍스, 전기차 충전분야 진출... 에스트래픽 충전사업 ...","SK네트웍스(대표이사: 박상규)는 지난 23일 이사회를 열어 '전기차 충전사업 투자' 안건을 승인했다고 밝혔다. 에스트래픽이 전기차충전사업부를 물적 분할해 설립 예정인 신규 법인(가칭: 에스에스차저 주식회사)의구주인수 및 유상증자에 참여하는 것으로, 총 728억원을 투자해 50.1%의 지분을 확보하는...",http://www.greened.kr/news/articleView.html?idxno=297348,
