company_id,company_name,news_title,news_text,news_url,posted_at
7478,아이오티와이즈,[9월 16일 워크넷 채용정보] 센소프트·한국아이오티기술원·와이즈스톤·파웰...,한국아이오티기술원 소프트웨어 프로그래머 채용 ▷ 지원자격 : 대졸(4년)~석사·경력무관 ▷ 채용기간 : 10월 30일 오후 1시까지 ▷ 전형방법 : 팩스... (1식) ■와이즈스톤 ICT시험인증연구소 SW품질 연구 수석연구원 채용 ▷ 지원자격 : 최소 10년 이상·대졸(4년) ▷ 채용기간 : 11월 14일까지...,https://www.news2day.co.kr/article/20210916500053,
7478,아이오티와이즈,[국제그린에너지엑스포] 대구소재 에너지기업 6개사 나노융합실용화센터 공동...,"대구테크노파크 나노융합실용화센터의 지원으로 네트워크코리아,아이오티와이즈, 테코시스, 현창네오텍, 융합기술, 한백아이엔티 등 6개사는 4월 5일(수)부터 7일(금)까지 대구 엑스코에서 열리는 '2017 국제그린에너지엑스포'에 공동관으로 참가했다. 대구테크노파크 나노융합실용화센터는...",http://kr.aving.net/news/view.php?articleId=1377122&Branch_ID=kr&rssid=naver&mn_name=news,
7478,아이오티와이즈,대구시 에너지 기업 육성사업 ‘빛 본다’,"서창전기통신<주>은 배터리 ESS를 활용한 전기 동력 이동수단용 스마트충전요금 정산시스템을,아이오티와이즈<주>는 TCP/IP기반 스마트 분전반을, <주>드림파워텍은 에너지 절감 개선용 자동전압전원장치 TSP 적용 모듈을 각각 개발했다. 특히아이오티와이즈의 스마트 분전반은 대구TP 나노융합실용화센터에...",http://www.yeongnam.com/mnews/newsview.do?mode=newsView&newskey=20160815.010140748580001,
7478,아이오티와이즈,"대구시, 에너지기업 육성 지원사업 성과 가시화","기업별 주요 성과로는 ㈜S-Tech의 폴리실리콘 잉곳 고속 성장을 위한 원 포인트(One point) 직경 측정시스템 개발, 서창전기통신㈜의 Battery ESS를 활용한 스마트 충전요금 정산시스템 개발, ㈜아이오티와이즈의 TCP/IP기반 스마트 분전반 개발 등 현장 맞춤형 밀착 지원을 추진해 기술 경쟁력 확보와 생산성 향상...",http://ilyo.co.kr/?ac=article_view&entry_id=196924,
7478,아이오티와이즈,"비트나인, 제19회 SW기업경쟁력대상 '대상'수상...와이즈스톤, 비젠트로 기업...","비젠트로는 일자리창출 기여부문,와이즈스톤은 기업역량 강화부문 대상을 수상했다. 대한민국 SW기업경쟁력 대상은 인적자원·기술력·시장가치... 우수상은 △코난테크놀로지(IT솔루션)△인스웨이브시스템즈(IT인프라) △비에스지파트너스(시스템통합) △신성아이씨티(인터넷서비스) △아이오티플렉스...",http://www.etnews.com/20200225000119,
7478,아이오티와이즈,"[10일 낙찰/계약 동향] 다부2리(고속도로변) 농로 포장공사, 전주문화원 시설...","복합주차장 무인주차관제시스템 구축공사 계약을 수의계약 방식으로 주식회사 대영아이오티- (재)청주시문화산업진흥재단간 계약금액 21,780,000(원)... ▲ 낙찰업체 : (주)와이즈건설, 계약금액 : 9,510,000(원), 계약명 : 도이1리 농로포장 및 배수로 정비공사. 계약기관 : 충청남도 당진시 대호지면...",http://www.fintechpost.co.kr/news/articleView.html?idxno=104267,
7478,아이오티와이즈,인재 육성에 적극적인 중소기업 327개사 명단을 공개합니다,라온구조안전기술㈜ ㈜에이치에너지 ㈜극동엠이에스 ㈜메인라인 ㈜더와이즈㈜라파스 ㈜포르텍 ㈜생각연구소 ㈜스몰랩 ㈜타이거컴퍼니 ㈜씨에스리... 솔트웨어㈜ ㈜파인브이티 ㈜아정네트웍스 ㈜캐로스컴퍼니 ㈜클로봇 ㈜테크트리이노베이션 ㈜파스토 ㈜리스페이스컴퍼니아이오티플러스㈜ ㈜비디텍...,https://www.hankyung.com/article/202310057549i,
7478,아이오티와이즈,"비트코인 뉴욕증시 진출, 미국 SEC 가상화폐 ETF 상장 심사는 사실 … 만우절...","SEC가 자산운용사인 비트와이즈(Bitwise)와 투자회사 밴엑(VanEck)의 ETF 신청서를 승인했다는 보도가 나온 것이다. 이... 31 %) ≈ 1,393,512,225 원 141억아이오티체인 ITC/KRW 184 원 -30.00 원 (-14.01 %) ≈ 1,502,800,873 원 133억 아이앤에스 INS/KRW 504 원 -182...",http://www.g-enews.com/ko-kr/news/article/news_all/2019040220113847054a01bf698f_1/article.html,
7478,아이오티와이즈,‘소프트웨어 고성장클럽 200’ 사업 61개 기업 신규 선정,"스틸리언, 스프링클라우드, 시큐레터, 심스리얼리티,아이오티플렉스, 아키드로우, 애드히어로, 업데이터, 에스비정보기술, 에프앤에스홀딩스, 오투오,와이즈패션, 웨이센, 일, 지비소프트, 캐시멜로, 커먼컴퓨터, 코머신, 크리에이티브힐, 테스트웍스, 포지큐브, 핀텔, 핀투비, 한터글로벌",https://platum.kr/archives/139137,
7478,아이오티와이즈,‘SW 고성장클럽 200 사업’ 61개사 신규 선정··· 노르마·애자일소다 등,심스리얼리티 ▲아이오티플렉스 ▲아키드로우 ▲애드히어로 ▲업데이터 ▲에스비정보기술 ▲에프앤에스홀딩스 ▲오투오 ▲와이즈패션 ▲웨이센 ▲일 ▲지비소프트 ▲캐시멜로 ▲커먼컴퓨터 ▲코머신 ▲크리브에이티브힐 ▲테스트웍스 ▲포지큐브 ▲핀텔 ▲핀투비 ▲한터글로벌 등 50개사다.,http://www.ddaily.co.kr/news/article.html?no=193898,
