company_id,company_name,news_title,news_text,news_url,posted_at
9751,포텐,정동원 JD1 소소한 일상 매력포텐...비하인드 화제,매력의포텐이 터졌다는 찬사를 아끼지 않았다. 한편 정동원은 12일 오후 1시 17분 현재 4434득표로 5월 네티즌 어워즈 남자가수상 10위에 랭크돼있다. 정동원은 이 부문 우승을 차지한 바 있는 스타이다. 정동원이 최근 활약에 힘입어 5월 네티즌 어워즈에서 다시 한 번 뜨거운 팬심을 보여줄 지 여부에...,https://www.cbci.co.kr/news/articleView.html?idxno=467034,2024-05-12 13:42
9751,포텐,"'포텐터진' KT 부동산 사업, 비중 확대할까",현금흐름·투자활동 동시 상승 '선순환'…매출 비중 유일 상승세 KT의 부수입원이었던 부동산 부문이 본격적인 성장 궤도에 올라 사업 비중이 대폭 확대될 것이란 전망이 나오고 있다. 임대 포트폴리오 등 사업 구조를 한층 다각화해 그룹 탈(脫)통신 전략 한 축을 맡게 될 것이란 게 시장의 시각이다....,https://dealsite.co.kr/articles/122288,
9751,포텐,"다이몬 REX‧JO, 비주얼포텐터졌다…개인 콘셉트 포토 '시선 집중'","다이몬(DXMON)의 새로운 색깔이 베일을 벗었다. 다이몬(민재, 세이타, HEE, 태극, REX, JO)은 지난 5일 공식 SNS에 첫 번째 싱글 'HYPERSPACE 911(하이퍼스페이스 911)'의 첫 번째 솔로 콘셉트 포토를 공개했다. 이날 공개된 콘셉트 포토의 주인공은 REX와 JO로, 두 사람은 마치 만화 속에서 튀어나온 듯한 비주얼로...",https://www.etnews.com/20240506000061,
9751,포텐,"임영웅, 제2의 움파룸파 'Home' 댄스 챌린지…포텐터지는 '귀염 깜찍 뽀짝' ...",아이돌보다 더 곱고 고운 춤선으로 손끝까지 끼 부림을 장착한 사랑스러운 매력쟁이 임영웅이 신곡 'Home'의 댄스 챌린지를 선보이고 있다. 최근 임영웅의 공식 유튜브 채널 쇼츠에는 '간주 춤이 짱 귀여운 짱영웅의 Home 챌린지'라는 제목으로 영상이 게재되어 폭발적인 인기를 끌고 있다.공개된 영상 속...,http://www.topstarnews.net/news/articleView.html?idxno=15492056,
9751,포텐,강한나 네티즌 어워즈포텐언제 터지나...예능이 부캐(?),강한나 인스타그램 캡처. 5월 네티즌 어워즈 여자연기상에 합류한 강한나의 활약에 관심이 뜨겁다. 강한나는 9일 오후 5시 43분 현재 67득표로 여자연기상 10위를 달리고 있다. 이 부문은 국내 최고의 여자배우들이 각축전을 펼치고 있다. 강한나는 최근 JTBC 드라마 '비밀은 없어'에서 12년 차 예능작가 온우주...,https://www.cbci.co.kr/news/articleView.html?idxno=466870,
9751,포텐,"[60회 백상예술대상] 연기포텐터진 김고은, 이견 없는 최우수상","배우 김고은이 '천만 배우' 타이틀에 이어 백상예술대상 최우수연기상까지 거머쥐며 배우로서 최고의 시간을 완성했다. 김고은은 지난 7일 개최된 제60회 백상예술대상에서 '파묘'로 영화 부문 여자최우수연기상을 수상했다. '시민덕희' 라미란, '밀수' 염정아, '킬링 로맨스' 이하늬, '잠' 정유미를 제치고...",http://www.joynews24.com/view/1716748,
9751,포텐,"‘비밀은 없어’ 고경표, 강한나와 제대로 얽혔다","JTBC 수목드라마 ‘비밀은 없어’(극본 최경선, 연출 장지연, 기획 SLL, 제작 SLL·키이스트)가 연일 웃음포텐을 제대로 터뜨리며 안방에 힐링을 선사하고 있다. 불의의 감전 사고를 당하며 극의 중심축을 이끌고 있는 송기백 역의 고경표 역시 시청자들의 열띤 호응을 불러일으키고 있다. 지난 방송에서는 기백...",https://sports.khan.co.kr/news/sk_index.html?art_id=202405101108003&sec_id=540201&pt=nv,
9751,포텐,"‘비밀은 없어’ 주종혁, 新 ‘서브병’ 유발자 등극","JTBC 수목드라마 ‘비밀은 없어에서 최고 주가를 달리는 예능인이자 트롯 가수 김정헌으로 분한 주종혁은 탄탄한 연기력과 매력포텐을 동시에 터트리며 시청자들의 마음에 제대로 안착했다. 지난 8, 9일 방송에서는 온우주(강한나)를 향해 무한 직진 모드를 가동한 김정헌의 모습이 그려졌다. 우연을 가장해...",http://www.tvdaily.co.kr/read.php3?aid=17153341401710323002,
9751,포텐,"거장들이 선택한 안야 테일러 조이, '퓨리오사'로 역대급포텐폭발","5월 22일(수) 개봉을 앞두고 전 세계 팬들의 뜨거운 기대를 모으고 있는 영화 ‘퓨리오사: 매드맥스 사가’(감독 조지 밀러, 이하 ‘퓨리오사’)에서 젊은 시절의 ‘퓨리오사’ 역을 맡은 안야 테일러-조이가 희망 없는 세상에서 전설적인 사령관이 되기전까지의 대서사를 강렬한 열연으로 소화해내며 역대급포텐...",http://starin.edaily.co.kr/news/newspath.asp?newsid=01144726638861040,
9751,포텐,"포수 아니면 어때? … LG 김범석, 엄청난 위압감 거포포텐폭발!",그리고 올 시즌 김범석은 염경엽 감독의 지도 아래 자신의포텐을 만개하고 있다. 프로는 결국 강점과 강점이 부딪히는 세계다. 약점보다는 강점을 강화하고 자신의 강점을 더욱 갈고 닦는 것이 결국 프로에서 살아남는 가장 확실한 방법이다. 김범석의 장점은 누가 뭐라고 해도 방망이고 타격이다. 꼭 포수가...,http://www.fnnews.com/news/202404290155210863,
