company_id,company_name,news_title,news_text,news_url,posted_at
6426,메디컬아이피,"힐링사운드,아이피샵과 전략적 제휴 체결","힐링사운드 강준구 대표는 “아이피샵과의 제휴를 통해 K-Bio 헬스케어 시장에 새로운 형태의 BM(Business Model) 도입으로 빠른 시장 확산을 이루어 낼 계획이며, 의료 벤처기업으로서 입지를 다지는 한해로 만들어 나갈것”이라고 말했다. 한편 힐링사운드는 ICT와 헬스케어를 융합하여메디컬소프트웨어 및...",https://www.venturesquare.net/924007,
6426,메디컬아이피,"아이피샵, 힐링사운드와 솔루션공급계약 맺어","맺고아이피샵의 전략 솔루션 MPS(Music Providing System)를 공급하기 위한 공급계약을 체결했다고 밝혔다. ㈜힐링사운드는 ICT와 헬스케어를 융합하여메디컬소프트웨어 및 하드웨어 제품을 만들어 가는 의료 벤처기업으로서 의료용 스마트 이어플러그인 '힐링스톤', 휴대용 적외선 조사기 'EARNAP' 등...",https://www.mhns.co.kr/news/articleView.html?idxno=586594,
6426,메디컬아이피,"메디컬아이피, GTC서 디지털 트윈 시뮬레이션 플랫폼 공개",디지털 트윈 기반 의료 AI 솔루션 기업메디컬아이피(대표이사 박상준)가 지난 18일부터 21일까지 미국 샌프란시스코 산호세에서 열린 엔비디아(NVIDIA) 주최 세계 최대 AI(인공지능) 개발자 컨퍼런스 'GTC(GPU Tehcnology Conference) 2024'를 성공적으로 마무리했다고 22일 밝혔다. 전 세계에서 30만명 이상의...,http://www.bokuennews.com/news/article.html?no=241768,
6426,메디컬아이피,"메디컬아이피'메딥프로 AR', 범부처의료기기 우수과제 표창","메디컬아이피의 '메딥프로 AR'이 2024 범부처전주기의료기기연구개발사업의 10대 의료기기 대표과제로 선정돼 우수과제로 표창을 받았다. 범부처전주기의료기기연구개발사업단 김법민 단장,메디컬아이피박상준 대표메디컬아이피(대표이사 박상준)가 수행한 '환자 맞춤형 정밀수술을 위한 확장현실 기반...",http://www.bosa.co.kr/news/articleView.html?idxno=2218028,
6426,메디컬아이피,"[RSNA 2023]〈2〉메디컬아이피AI 3D 기술, 美 스포츠 구단 홀렸다","메디컬아이피가 디지털트윈 기반 3D 체성분 분석 의료 인공지능(AI) 솔루션을 의료기관 외에 다양한 분야로 확산을 노린다. 그동안 의료기관과 교육기관 대상으로메디컬아이피브랜드를 알렸다면, 내년을 기점으로 글로벌 스포츠 구단을 대상으로 선수 관리 솔루션으로써 입지를 다질 계획이다....",https://www.etnews.com/20231128000239,
6426,메디컬아이피,"메디컬아이피, 'RSNA 2023' 첫 참가...의료영상 AI 체성분 분석의 새로운 패러...",메디컬아이피박상준 대표이사의 AI Theater 발표 모습 인공지능 기반 디지털 트윈 솔루션 기업메디컬아이피(대표 박상준)가 현지시간 26일부터 30일까지 미국 시카고에서 개최되는 북미 최대 규모의 영상의학회 RSNA 2023에 참가했다. 올해로 109회째를 맞는 RSNA에서메디컬아이피는 'Body Composition...,https://www.aitimes.kr/news/articleView.html?idxno=29502,
6426,메디컬아이피,"[더벨][thebell interview]박상준메디컬아이피대표 ""난소암 조기진단 정복""","난소암은 조기 진단이 불가능한 꿈의 영역이지만,메디컬아이피의 기술로 가능하게 된 것이다."" 박상준메디컬아이피대표(사진)은 지난달 31일 서울 종로구 본사에서 더벨과 만나 난소암 환자의 3D(3차원) 영상 이미지를 보여주며 이같이 말했다. 난소암은 췌장암과 더불어 악성암으로 불린다. 질병이 의심돼...",https://www.thebell.co.kr/free/content/ArticleView.asp?key=202311020815456840106764,
6426,메디컬아이피,"메디컬아이피, 대한해부학회서 HMD 결합 VR 해부학 콘텐츠 선봬",인공지능 기반 디지털 트윈 솔루션 기업메디컬아이피(대표 박상준)는 지난 18일부터 20일까지 광주 김대중컨벤션센터에서 진행된 '제73회 대한해부학회 학술대회'에 참가했다고 20일 밝혔다. 이번 학술대회에서메디컬아이피는 3D로 디지털화된 해부학 구조물을 가상현실(VR) 속에 구현해 해부 실습을...,http://www.bosa.co.kr/news/articleView.html?idxno=2208091,
6426,메디컬아이피,"메디컬아이피, 대한해부학회서 HMD 결합 VR 해부학 콘텐츠 첫 선",인공지능 기반 디지털 트윈 솔루션 기업메디컬아이피㈜(대표이사 박상준)가 18일부터 20일까지 광주 김대중컨벤션센터에서 진행되는 '제73회 대한해부학회 학술대회'에 참가해 3D로 디지털화된 해부학 구조물을 가상현실(VR) 속에 구현해 해부 실습을 가능하게 하는 의료 교육용 플랫폼 'MDBOX' 다양한...,http://www.pharmnews.com/news/articleView.html?idxno=232672,
6426,메디컬아이피,"메디컬아이피, 기술혁신 유공 '중기부 장관상' 수상",인공지능(AI) 기반 디지털 트윈 솔루션 기업메디컬아이피(대표이사 박상준)가 '기술혁신' 유공을 인정받아 중소벤처기업부 장관 표창을 수상했다고 19일 밝혔다. 중소기업 혁신 유공자 시상식은 지난 17일부터 18일까지 양일간 '2023 중소기업 기술·경영 혁신대전'(K-INNO SHOW) 행사와 함께 부산 벡스코에서...,http://www.rapportian.com/news/articleView.html?idxno=166394,
