company_id,company_name,news_title,news_text,news_url,posted_at
1876,신영프린팅,"""3D프린팅허브도시 울산 조성에 앞장""","이와 함께 현대자동차의 무빙검구와신영의 3D프린팅기술을 적용한 아이템 발굴 및 제작을 위해 글로벌 3D프린팅엔지니어링 기업인 Materialise사와 컨설팅을 진행중이다. 장광수 원장은 ""울산의 주력산업에 3D프린팅기술이 폭넓게 적용되어 3D프린팅기술 기반 제조공정 고도화 및 원가절감으로 자동차...",http://www.ksilbo.co.kr/news/articleView.html?idxno=764694,
1876,신영프린팅,"울산TP, 3D프린팅기술활용 미래차 부품 품질개선 신규 사업 수주","3D프린팅기술을 활용한 미래차 알루미늄 차체 판넬 중 도어 아우터 판넬에 발생하는 면품질(미세면굴곡·면꺼짐 등) 문제를 개선하고자 한국산업단지공단에서 공모하는 2022년도 산업집적지경쟁력강화사업 다년도 대형 R&BD 과제에 지원, 신규 사업을 수주했다고 9일 밝혔다. 이번 사업엔 (주)신영이...",http://www.newsis.com/view/?id=NISX20221109_0002079041&cID=10814&pID=10800,
1876,신영프린팅,[Who Is ?] 오석송 메타바이오메드 대표이사 회장,유니온셀로판에서 직장생활을 시작해신영과 영보화학을 거쳐 대주실업에서 관리이사로 재직했다. 한국슈어프로덕트와 KS상사에서 대표이사를... △의료용 3D프린터 개발 메타바이오메드가 2023년 3월 3D프린팅(3D Printing) 사업의 주축인 신형 프린터를 개발해 선보였다. 메타바이오메드는 오는 2025년까지...,https://www.businesspost.co.kr/BP?command=article_view&num=349732,
1876,신영프린팅,"로킷헬스케어,국제포럼 IFAH서 ‘톱50 헬스케어 기업’ 수상",기술과 재료들을 이용해 의료기술과 유통 혁명을 이뤄내는 잠재력이 발휘되길 기대하고 있다”고 전했다. 한편 이 회사는 지난달 4일부터 6일까지 미국 텍사스 샌안토니오에서 열린 2019 AAPS 미국약제학회에서 3D프린팅과 피부재생 치료신영역을 주제로 발표해 ‘테크 챌린지’ 상을 받았다.,http://www.yakup.com/news/index.html?mode=view&cat=14&nid=239071,
1876,신영프린팅,"농식품부, 식품산업진흥기본계획 발표","‘개인 맞춤형 식품 3D프린팅’ 등신영역 창출과 원격주문을 필두로 하는 푸드테크의 확장, 지역농가와 외식업계 연계 등이 핵심이다. 여기에 청년의 외식·식품 스타트업 플랫폼을 구축해 집중 육성, 청년창업과 고용을 확대한다. 식품업계 수요에 맞는 생산자·기업 연계형 농산물 생산단지 활성화로...",http://www.joongboo.com/?mod=news&act=articleView&idxno=1240408,
1876,신영프린팅,"윤제균 감독, 16일 해운대 방문 ‘핸드프린팅’","핸드프린팅행사를 가진다고 8일 밝혔다. 이날 행사에는 윤제균 감독뿐 아니라 길영민 대표(JK 필름), 이용관 부산국제영화제 집행위원장, 오석근 부산영상위원장, 김진섭 제주신영영화박물관장 등 영화관계자들도 참석해 영화의 거리 준공을 축하할 예정이다. 윤 감독은 부산출신으로 사직고와 고려대를...",http://www.asiatoday.co.kr/view.php?key=20150208010004922,
1876,신영프린팅,"빅솔론, 1Q 실적으로 입증한 실력..목표가↑-신영","신영증권 연구원은 ""1분기 실적은 전년 동기대비 큰 폭으로 성장한 매출액 209억원, 영업이익 43억원을 달성했다""며 ""모바일 프린터 시장에서 확보한 신규고객 매출이 큰 폭으로 증가한 것이 주 원인""이라고 판단했다. 이어 ""최근 스마트폰과 태블릿PC의 확산으로 새로운 성장산업으로 떠오른 모바일프린팅...",http://www.mt.co.kr/view/mtview.php?type=1&no=2013050607484778670&outlink=1,
1876,신영프린팅,"국세청, '납세자의 날' 포상 후보자 869명 공개","주식회사신영프린팅대표이사 김광호 포상후보자 성실한 납세로 국가재정에 기여하고, 건전한 납세풍토를 조성한 모범납세자 60 주식회사 디케이오스텍 대표이사 김광홍 포상후보자 성실한 납세로 국가재정에 기여하고, 건전한 납세풍토를 조성한 모범납세자 61 하은닛시 대표 김교식 포상후보자...",http://www.joseilbo.com/news/news_read.php?uid=168894&class=7,
1876,신영프린팅,"SSCP, 하반기 주가 모멘텀..매수-대우","오프셋 인쇄 방법은 디스플레이 제조의신영역이라 불리는프린팅공정의 일종이다. 업계에서는 이를 적용하면 공정 리드타임을 기존 공정대비 30% 수준으로 줄이고, 전극 재료비는 절반 수준으로 줄일 수 있을 것으로 기대하고 있다. SSCP는 삼성SDI의 테스트를 통과한 상태로, 신기술이 적용되는...",http://www.edaily.co.kr/news/newspath.asp?newsid=01269366579980448,
1876,신영프린팅,울산 3D프린팅벤처집적 지식산업센터 10월 준공,"3D프린팅비즈니스모델 발굴 지원사업은 3D프린팅기술을 활용, 생산설비 분야 개선을 희망하는 수요기업을 발굴해 실제 매출이 발생할 수 있도록 공급기업을 매칭하고, 전문 컨설팅과 제품 제작을 지원하는 사업으로 지난 6월 중간보고회가 열렸다. 수요기업으로 현대자동차와 ㈜신영을 발굴하고 자동차용...",http://www.ujeil.com/news/articleView.html?idxno=259105,
