company_id,company_name,news_title,news_text,news_url,posted_at
12283,아라정보,"아라소프트, 한기대에 3천만원 발전기금 약정","강 대표는 경상국립대학교 경영정보학과 겸임교수로도 활동하고 있으며, 중소벤처기업부 모범중소기업인 표창, 경상남도 우수 투자기업 표창, 중소기업 기술혁신 유공자 국무총리 표창 등을 수상했다. 유길상 한기대 총장은 “경남지역 모범 기업인아라소프트의 아낌없는 지원에 진심으로 감사드리며...",https://zdnet.co.kr/view/?no=20240507174413,
12283,아라정보,"미래교육아카데미, 진주시립도서관 '챗GPT 활용아라e북 전자책 출판' 특강 참...","미래교육아카데미(대표 김진희)가 진주시립도서관에서 '챗GPT 활용아라e북 전자책 출판' 교육을 진행하여 참가자들의 큰 호응 속에 마무리가 되었다.... 자세한정보와 등록 방법은 진주시립도서관 웹사이트에서 확인할 수 있다. 한편, 미래교육아카데미에 대한 자세한정보나 강연 및 교육 문의는 네이버에...",http://www.fntoday.co.kr/news/articleView.html?idxno=320175,
12283,아라정보,'에어택시' UAM 통합실증 세계최초 성공...8월엔 인천아라뱃길,올 8월에는 실제 도심 내 실증이 인천아라뱃길 상공에서 이뤄질 예정이다. 국토교통부는 지난 24일 2025년 UAM 상용화를 목표로 한국형 UAM 운용기준을... 검증 항목은 ▲비행계획서 분석 ▲회랑 관리 ▲교통흐름 관리 ▲항로 이탈 감시 ▲운항안전정보생성·공유 ▲이착륙 순서 관리 등이다. 현대차는...,http://www.incheontoday.com/news/articleView.html?idxno=245514,
12283,아라정보,"""온라인 공간 속정보출처 확인 필수""","이에정보를 분석, 활용하는 디지털 리터러시 교육의 필요성이 커짐에 따라 제주도교육청은 올해 '디지털 미디어 리터러시 교육'을 초등학생 6학년을 대상으로 진행하고 있다. 25일에는아라초등학교에서 교육이 이뤄졌다. 25일 오전아라초등학교에서 제주도교육청이 올해 운영하는 '디지털 미디어 리터러시 교육...",http://www.jemin.com/news/articleView.html?idxno=771626,
12283,아라정보,[항공투데이] '에어택시' UAM 통합실증 세계최초 성공...8월엔 인천아라뱃길,"올해 8월에는 실제 도심 내 실증이 인천아라뱃길 상공에서 이뤄집니다. 국토교통부는 24일, 2025년 UAM 상용화를 목표로 한국형 UAM 운용기준을... 검증항목은 비행계획서 분석, 회랑관리, 교통흐름관리, 항로이탈감시, 운항안전정보생성공유, 이착륙순서관리 등입니다. 현대차는 UAM-육상교통 연계 MaaS...",http://www.incheontoday.com/news/articleView.html?idxno=245589,
12283,아라정보,"홍인숙, ""제주 전국 최초 무장애 여행주간정보태부족""","[사진=제주도의회] 제주도와 제주관광공사가 전국 최초로 운영하고 있는 '무장애 여행주간'이 실제 관련 여행정보를 찾는 과정이 힘들다는 지적이 제기됐다. 제주도의회 홍인숙 의원(더불어민주당,아라동갑)은 16일 오영훈 지사를 상대로 한 도정질문에서 제주도를 무장애 관광도시로서 몇점의 점수를 줄 수...",https://www.gukjenews.com/news/articleView.html?idxno=2971751,
12283,아라정보,[입찰정보]4월23일자,(24~26년)아라뱃길 ICT설비 점검정비 용역 발주처:한국수자원공사아라뱃길지사 마감일:2024/05/08 17:00 ◆시화조력 수차발전기 도수로 배수설비 배관밸브류 교체공사 발주처:한국수자원공사 시화조력관리단 마감일:2024/05/02 11:00 ◆경비함정 통풍관(AIR DUCT) 및 FAN 소제 위탁 용역 발주처...,https://www.todayenergy.kr/news/articleView.html?idxno=270449,
12283,아라정보,[콘솔] 문명5 핵심 개발진이 만든 新 4X '아라',"4X 대표 게임인 시드마이어의 문명5의 주요 파트 리드가 만든 옥사이드 게임즈의 4X 신작 '아라: 히스토리 언톨드(Ara: History Untold, 이하아라)'의 상세정보가 개발자의 입을 통해 전해졌다. 옥사이드 게임즈는 19일 진행된 MS의 개발자 다이렉트를 통해 주요 개발자들이 직접 등장, 게임의 핵심 내용을 소개했다....",http://www.inven.co.kr/webzine/news/?news=292287&site=console,
12283,아라정보,[아라동을 보궐] 진보당 양영수 후보 당선 영예,"명품아라를 만드는 데 앞장서겠다""고 공언했다. 이어 ""다시 한 번 지역구 주민들의 성원과 지지에 감사드리며, 변함없이 성실하고 겸손하게 마을 구석구석 누비는 지역일꾼이 되겠다""고 강조했다. 양 당선인은 오현고(41회)와 제주대학교정보공학과를 졸업했고, 동 대학원에서 공학석사를 취득했다....",http://www.jejunews.com/news/articleView.html?idxno=2210280,
12283,아라정보,[한강 투어] 경인아라뱃길과 한강을 오가는 유람선 현대 크루즈 타봤어요?,"사진 / 박상대 기자 INFO 현대크루즈 주소 경기 김포시 고촌읍아라육로270번길 74 운행정보아라뱃길 공연크루즈(11:00, 15:00 매일 출항), 한강갑문체험공연크루즈(13:00 매일 출항), 런치뷔페크루즈(11:00아라뱃길코스, 13:00 한강코스 매일 출항), 한강디너불꽃크루즈(18:00 매주 토요일 출항)",http://www.ktsketch.co.kr/news/articleView.html?idxno=7823,
