company_id,company_name,news_title,news_text,news_url,posted_at
712,넥스웨이,"씨디네트웍스-유럽넥스웨이, 전략적 파트너십 체결","콘텐츠전송네트워크(CDN) 전문업체 씨디네트웍스(대표 고사무열)는 25일 유럽 디지털 콘텐츠 배급 전문업체넥스웨이와 전략적 파트너쉽을 맺고 글로벌 비즈니스 역량을 한층 강화한다고 밝혔다. 이번 제휴로 씨디네트웍스는 자사 전체 사이트 가속(Whole site acceleration), 글로벌 다운로드, 보안...",http://www.dt.co.kr/contents.html?article_no=2009062602012169699002,
712,넥스웨이,"씨디네트웍스, 유럽넥스웨이와 파트너쉽 맺고 글로벌 비즈니스 가속","아시아1위, 글로벌 3위 CDN(Content Delivery Network) 전문기업 씨디네트웍스(대표 고사무열, www.cdnetworks.com)가 유럽을 거점으로 디지털 콘텐츠 배급을 전문으로 서비스하는넥스웨이(Nexway, CEO Gilles Ridel, www.nexway.com)와 전략적 파트너쉽을 맺고 글로벌 비즈니스 역량을 한층 강화한다. 이번에...",http://www.kbench.com/hardware/?no=70817&sc=1,
712,넥스웨이,"[넥스컴2011]호스트웨이김지윤 ""클라우드는 선택아닌 방법 문제""",""" 호스트웨이IDC 김지윤 연구소장은 18일 서울 양재동 엘타워에서 개최된 '넥스컴2011' 콘퍼런스에서 이 같이 주장했다. 그는 클라우드를 한번에 결정하는 것이 아니라 회사 업무환경이나 여러 요인을 고려해 검증을 한 후에 단계적으로 바꿔 나가야 한다고 강조했다. 클라우드 서비스는 유연성과 확장성이...",http://www.inews24.com/php/news_view.php?g_serial=574647&g_menu=020200&rrf=nv,
712,넥스웨이,"넥스웨이, 운영체제.데이터복구 프로그램 개발","넥스웨이(대표 조영수)는 운영체제.데이터 복구 프로그램인 ""마스터백""을 개발해 시판한다고 14일 밝혔다. 회사측은 ""마스터백은 안정성이 뛰어나 시스템에 손상을 주지 않는 게 특징""이라고 설명했다. 이미 일본 전자제품 유통회사인 아드메인에 번들용 제품 3천피스를 공급했다는 것. 이밖에 소형...",https://n.news.naver.com/mnews/article/015/0000277055?sid=101,
712,넥스웨이,[B포토+] 라온 패션쇼 '유토피아 판타지를 런웨이에서 재창조'(아시아모델페스...,"러웨이키즈보이&키즈 걸 k-pop 댄스 공연, 필리핀 Aiodea&ARCHIVES 패션쇼, 몽골 O COUTURE 패션쇼, 태국 BALC 패션쇼, 일본 Uttrykk 패션쇼, 아트밸리 아산... 우즈넥스, 징치코리아 참여로 이뤄진다. 아시아모델페스티벌 조직위원회(회장 양의식), 한국모델협회(회장 임주완), 한국메이크업전문가직업교류회...",https://www.bntnews.co.kr/article/view/bnt202311040018,
712,넥스웨이,"바이더웨이, YES24와 제휴 영화마케팅 실시","바이더웨이는 제크, 펩시넥스등이 들어있는 1만원 짜리 영화세트를 구입하는 모든 고객들을 대상으로 다음달 4일 개봉하는 영화 ‘박물관은 살아있다 2’ 무료 예매권 2장을 증정한다. 또한 음료, 과자 등으로 구성된 3천원 영화 패키지를 구입하면 3천원 예매 할인권 2장을 증정한다. 황인성 바이더웨이...",http://www.ebn.co.kr/news/n_view.html?id=383701,
712,넥스웨이,"무신사, 편집숍 '엠프티 압구정 베이스먼트' 오픈",또한 오는 18일부터 19일까지 이틀간 20만 원 이상 구매 고객을 대상으로 '헬리녹스 다이넥스컵'을 선착순 사은품으로 증정한다. 무신사트레이딩... 한편 무신사는 글로벌 골프 브랜드 테일러메이드와 함께한 '테일러메이드x무신사 온 더웨이(On the way) 컬렉션'을 선보인다. 이번 컬렉션은 모던하고...,https://www.thefairnews.co.kr/news/articleView.html?idxno=26786,
712,넥스웨이,"'U-스페이스BIFC 입주사' 에이넥스코리아, UAE 두바이에 현지법인설립","이번 개소식에는 에이넥스코리아의 황은연 대표이사를 비롯해 두바이에 진출한 글로벌 거래소, 유아그룹(Youa Group) 조안나 회장, L뱅크 앨런웨이글로벌CEO, 가상자산가치평가원 박재경 원장, 국가사이버안전연합회 안종하 부회장, 국내 사업 대표단 등 업계 관계자들이 자리했으며 간판식과 패널 간담회로...",https://www.nbntv.kr/news/articleView.html?idxno=277268,
712,넥스웨이,"랑유 김정아 오프닝 패션쇼, '카리스마 넘치는 무대' (아시아모델어워즈 with...",아시아모델어워즈는 모델 뿐만 아니라 배우ㆍ가수ㆍ패션ㆍ뷰티 등 아시아 엔터테인먼트 부문별에서 최고의 활약을 펼친 아티스트들을 선정해 시상하는 행사이다. '랑유 김정아' 오프닝 패션쇼에 참가한 모델들이 런웨이를 하고 있다.,http://www.siminsori.com/news/articleView.html?idxno=228715,
712,넥스웨이,[bnt포토] '페이스오브아시아'에서 우즈넥스상 발표하는 이미정 대표,‘유후와 함께하는 우즈넥스2021 페이스오브아시아(2021 Asia Model Festival 'UZNEX FASE of ASIA with Youwho')’가 18일 오후 서울 SETEC 2전시관에서... 런웨이(칼라로 나를 표현하라)' 등의 미션 수행과 아시아 10개국 전문가 심사와 글로벌 투표를 통해 최종 우승자를 선정했다. 주요...,http://bntnews.hankyung.com/apps/news?popup=0&nid=04&c1=04&c2=04&c3=00&nkey=202112191026483&mode=sub_view,
