company_id,company_name,news_title,news_text,news_url,posted_at
4103,푸른바다찜탕,"해물찜&탕 전문 브랜드푸른바다찜탕, 가맹비 및 교육비 50% 할인 프로모션","매장 업종 변경, 배달 창업 등 모든 분야에 특화된 최적의 시스템을 만날 수 있다”고 설명했다.푸른바다찜탕은 KCIA 한국소비자산업평가 딜리버리푸드 2021년, 2022년, 2023년 찜&탕 부분 3년 연속 1위에 오른 바 있다. 가맹비 및 교육비 할인을 비롯한 상세한 정보는 대표 번호를 통해 문의 가능하다. 온라인부 csk@",https://www.dnews.co.kr/uhtml/view.jsp?idxno=202311221315192240994,
4103,푸른바다찜탕,해물찜&탕 전문 '푸른바다찜탕' 가맹비 및 교육비 50% 할인 이벤트,"생각하고 타 체인점들과 달리 본사, 본점과 가맹점의 파트너 관계를 최우선으로 여기고 있다""고 밝혔다. 한편푸른바다찜탕은 KCIA 한국소비자산업평가 딜리버리푸드 2021년, 2022년, 2023년 찜&탕 부분 3년 연속 1위에 오른 바 있다. 가맹비 및 교육비 할인을 비롯한 상세한 정보는 대표 번호를 통해 문의 가능하다.",http://www.fntoday.co.kr/news/articleView.html?idxno=307258,
4103,푸른바다찜탕,"이탈리아산푸른꽃게, 한국 소비자의 선택은?[김창일의 갯마을 탐구]〈111〉","‘푸른꽃게의 재앙’, ‘처치 곤란’, ‘바다의 테러리스트’, ‘푸른꽃게와의 전쟁’ 등 흥미를 끄는 기사 제목이 넘쳤다. 뉴스를 접한 다수의... 크기가 작아서 찜용으로는 적당치 않을 것 같았고, 한국에서 꽃게 가격이 상승하는 봄가을에탕, 튀김, 저렴한 게장, 가공식품 재료 등의 대체재 가능성은...",https://www.donga.com/news/Opinion/article/all/20240409/124400478/1,
4103,푸른바다찜탕,"동네 한 바퀴, 봉수골 아귀찜 충무김밥 동피랑 오비도바다한가득 '다찌' 한...",봉수골 아귀찜 자매 미륵산 등산로이기도 한 봉수골의 10여 곳의찜가게 중에서도 당산나무 옆에 자매가 운영하는 가게는찜골목 원조 격. 26년 전...푸른 바다위 점점이 떠 있는 섬들처럼 저마다 알알이 빛나는 통영 이웃들의 인생 이야기는 10월 14일 토요일 저녁 7시 10분 <동네 한 바퀴> 240회 '가고파라...,https://www.lecturernews.com/news/articleView.html?idxno=137694,
4103,푸른바다찜탕,몸과 마음이 찜찜할 땐 '이색 찜질방' 찜하세요,"사계절푸른식물원에서의 족욕부터 휘황찬란 버라이어티 스파까지, 이색 체험이 가능한 서울 근교 찜질방을 찾아 떠나보자. 양평 미리내힐빙클럽... '씨메르(Cimer)'는 프랑스어로 '하늘(Le Ciel)'과 '바다(La mer)'를 뜻하는 단어를 합친 이름이다. 이름 그대로 하늘길을 여는 인천국제공항과 서해 근처에 자리한...",http://www.kbiznews.co.kr/news/articleView.html?idxno=96822,
4103,푸른바다찜탕,"'동네한바퀴' 이만기, 통영 다찌→봉수골 26년 아귀찜",미륵산 등산로이기도 한 봉수골의 10여 곳의찜가게 중에서도 당산나무 옆에 자매가 운영하는 가게는찜골목 원조 격. 26년 전 아귀찜으로 메뉴를 바꿔...푸른 바다위 점점이 떠 있는 섬들처럼 저마다 알알이 빛나는 통영 이웃들의 인생 이야기는 10월 14일 토요일 저녁 7시 10분 '동네 한 바퀴' [240화 가고파라...,http://www.slist.kr/news/articleView.html?idxno=490041,
4103,푸른바다찜탕,5월은 청어·우럭을 맛보는 계절…돌머리·비토 마을에서 어촌체험 하세요,"'우럭'이라는 이름으로 잘 알려진 조피볼락은 고담백 저지방 식품으로 회뿐만 아니라 구이,찜, 맑은탕 등 다양하게 조리된다. 맛이 담백하고 육질이... 백사장,푸른해송림이 어우러진 자연경관이 펼쳐지고 바로 옆에는 마을에서 운영하는 캠핑장이 있어바다를 보며 휴식을 가지기에도 좋다. 인근에는...",http://news.mt.co.kr/mtview.php?no=2024043014015365983,
4103,푸른바다찜탕,2023년 3월 프랜차이즈 정보공개서 신규등록 157개 명단공개,108푸른바다찜탕푸른바다찜탕외식 20230396 신규등록 2023-03-14 인천시 109 에이치엔씨알 휘니치로 외식 20230432 신규등록 2023-03-16 경기도 110 풍미진해장국광탄직영점 풍미진해장국 외식 20230329 신규등록 2023-03-02 경기도 111 청마루대구뽈찜 맘편청 청마루대구뽈찜...,http://moneys.mt.co.kr/news/mwView.php?no=2023040316593131336,
4103,푸른바다찜탕,"KCA한국소비자평가, ‘2022 KCIA 한국소비자산업평가 딜리버리 푸드’ 경기 고...","파스타 ▲찜, 탕 부문푸른바다찜탕일산점이다. 한국소비자평가 관계자는 “KCIA 한국소비자산업평가 ‘딜리버리 푸드’는 우리 국민의 먹거리와 가장 밀접한 발표로 국민 식생활 수준 향상에 이바지하는 업체를 대중에 소개하고 그 공로를 치하하는 발표가 될 것이다. 재작년부터 시행된 딜리버리 푸드...",http://www.datanews.co.kr/news/article.html?no=119627,
4103,푸른바다찜탕,2022 KCIA 한국소비자산업평가 '딜리버리 푸드' 시흥시 평가 결과 발표,"경기도 시흥시 지역의 부문별 1위 업체는 ■곱창/막창/양, 순대/순대국 부문 가마솥백암알천순대곱창볶음 ■마라탕/마라샹궈 부문 마라순코우 마라탕 시흥점 ■생선요리 부문 구이가 ■생선회 부문 회뜨는수산 배곧점 ■샤브샤브, 칼국수 부문 오월얼크니 ■죽 부문 본죽시흥시화병원점 ■찜부문푸른바다...",http://www.newsquest.co.kr/news/articleView.html?idxno=93687,
