company_id,company_name,news_title,news_text,news_url,posted_at
7932,플랜에스,"플랜에스의원, 지방분해주사 ‘뺏주사’ 상표권 취득···특허 출원 앞둬","플랜에스의원이 지방분해주사 ‘뺏주사’ 상표권 취득 및 특허 출원을 앞두고 있다고 30일 밝혔다. 뺏주사는 도건기 대표원장이 직접 수년간 연구해 자체 개발한 윤곽주사로, 개인별 체형과 체지방률 등에 따라 맞춤형 시술이 가능하다. 동물실험을 통해 지방세포 수와 크기가 37% 감소했다는 유의미한 결과도...",https://mdtoday.co.kr/news/view/1065599640988737,
7932,플랜에스,"로드시스템, 이든티앤에스와 LLM 기술 결합한 서비스 공동개발을 위한 전략 제...","이번 양사간의 협약을 통해 로드시스템은 모바일 여권 기반 플랫폼 트립패스에 이든티앤에스의 초거대언어모델(LLM), 검색증강(RAG), 멀티모달(Multimodal) 등 AI의 기반이 되는 핵심 기술을 결합해 트립패스 사용자의 여행 편의를 제공할 수 있는 ‘트립플랜서비스’를 공동 기획하고 개발하게 된다....",https://news.mtn.co.kr/news-detail/2024042216323717548,
7932,플랜에스,"에스아이그룹건축, 광주송정역 KTX역 A6블록 공동주택 설계공모 당선","25일 한국토지주택공사(LH)에 따르면 ‘광주송정역 KTX역 A6블록'공동주택 현상설계 공모에서에스아이그룹건축사사무소 컨소시엄(선진엔지니어링종건축사사무소)이 평가점수 총계 141.36점을 얻으며당선됐다. 2위는 엠에이피건축종합건축사사무소 컨소시엄(시아플랜건축사사무소, 128.50점)...",https://www.dnews.co.kr/uhtml/view.jsp?idxno=202404251555013420862,
7932,플랜에스,[JOB리포트] 기아 초유의 ‘플랜 에스’ 직무 경력직 선발…취업컨설턴트가 말...,전략 '플랜에스(Plan S)' 핵심 직무에 대한 경력직 채용 접수를 시작한다고 밝혔다. 이번 전형은 11월 5일까지 모집을 실시한다. 사진은 송호성 기아 사장이 지난 12일 경기 여주시의 마임비전빌리지에서 개최된 '2023 기아 EV데이'에서 'EV6 GT콘셉트'를 공개하는 모습. [사진=기아자동차] [뉴스투데이=박진영...,https://www.news2day.co.kr/article/20231023500157,
7932,플랜에스,"기아, 중장기전략 '플랜 에스' 관련 직무 경력직 채용","내달 5일까지 서류 접수…내년 1∼2월 최종합격자 발표 기아는 중장기 전략을 추진하는 '플랜 에스'(Plan S) 핵심 직무에 대한 경력직 채용을 실시한다고 23일 밝혔다.플랜 에스는 친환경 기업으로의 전환, 고객 중심 마인드셋으로의 전환, 미래 신사업·신수익 구조로의 전환을 3대 축으로 하는 기아의 중장기...",https://www.yna.co.kr/view/AKR20231023027100003?input=1195m,
7932,플랜에스,[나눔의 가치 빛내는 1%] 송대한에스플랜오피스 대표,지난 6일 초록우산 어린이재단 경기지역본부 그린리더클럽에 위촉된 송대한에스플랜오피스 대표(왼쪽). 초록우산 어린이재단 경기지역본부 제공 “내가 힘들면 주변의 소중한 이들도 함께 힘들어요. 어려울수록 함께 극복하는 게 중요합니다.” 송대한에스플랜오피스 대표(32)가 지난 6일 초록우산 어린이재단...,https://www.kyeonggi.com/article/20231012580019,
7932,플랜에스,"에스플랜오피스, 아동복지시설 경동원에 물품 기부","컨슈머타임스=진보현 기자 |에스플랜오피스(대표 송대한)는 지난 3일 수원 소재의 보육시설인 '경동원'을 방문해 50만원 상담의 물품을 후원했다. 경동원은 한국전쟁 뒤 60여년간 어린 영.유아들을 보호 양육하고 있는 기관이다. 송대한 대표는 ""나라의 보물인 어린이들이 더욱 건강하고 밝게 자라날 수 있기를...",https://www.cstimes.com/news/articleView.html?idxno=550689,
7932,플랜에스,지방분해주사 시술 전 스테로이드 성분 여부 반드시 확인해야,"플랜에스의원 도건기 원장은 ""일부 병원에서 스테로이드 성분이 함유된 지방분해주사를 시술하기도 하는데 스테로이드 성분은 매우 다양한 부작용을 일으킬 수 있으므로 지방분해주사 시술 전에는 반드시 해당 병원의 약물에 스테로이드가 포함되어 있는 지 여부를 확인해야 한다""고 전했다. 이어 ""또한 사람마다...",https://www.rapportian.com/news/articleView.html?idxno=206727,
7932,플랜에스,원주 남한강에스파크CC 착공 대중제 27홀 2026년 개장 예정,남한강에스파크CC를 설계한 (주)이든파트너스(대표 김희세)에 따르면 현계산과 황학산 줄기를 따라 남한강으로 흘러가는 법천천 생태환경을 최대한 살려내면서 환경친화적이면서 거칠고 다이나믹한 코스로 루트플랜과 실시설계를 마쳤다. 무엇보다 침엽수림이 가득한 지형적 특성을 최대한 보존해 숲에서...,http://www.golfin.co.kr/news/articleView.html?idxno=6423,
7932,플랜에스,"‘에스플랜오피스’ 경기도내 소상공인 임대 수익 일부, 경기도내 취약아동 지...","초록우산어린이재단 경기지역본부(본부장 이충로)가26일에스플랜오피스(대표 송대한), 과 함께 ‘경기도내 취약아동지원’ 후원금 200만원 전달식을 진행했다. 경기도 수원시에 위치한에스플랜오피스는 소상공인 및 스타트업 회사등 초기 창업 비용이 여유롭지 않은 대상이 주로 이용하는 대여형 비상주...",https://www.dnews.co.kr/uhtml/view.jsp?idxno=202304261403529370887,
