company_id,company_name,news_title,news_text,news_url,posted_at
2576,새날기획,"""자라나는 새싹들 안전 위해"" 악사손보, '어린이 교통안전 캠페인' 진행","프로그램으로기획했다. 악사손보는 지난 4월 27일 서울 광진구새날지역아동센터 어린이 47명을 서울어린이대공원에 초대했다. 어린이들은 키즈오토파크에서 체험 차량을 이용한 △주행체험교육 △보행체험교육 △이면도로체험교육 등을 받고 교통사고 예방을 위한 보행 시 주의사항, 안전띠 규칙 등...",http://www.fnnews.com/news/202405021036185419,
2576,새날기획,[보험 & NOW] 코리안리 CI 독일 디자인어워드 본상 수상 등,"프로그램으로기획했다. 악사손보는 지난 27일 광진구 자양동의새날지역아동센터 47명의 어린이들을 서울어린이대공원에 초대했다. 어린이들은 키즈오토파크에서 체험 차량을 이용한 ▲주행체험교육 ▲보행체험교육 ▲이면도로체험교육 등을 받고 교통사고 예방을 위한 보행 시 주의사항, 안전띠 규칙...",https://www.ebn.co.kr/news/view/1621638/?sc=Naver,
2576,새날기획,"AXA손해보험, 어린이날 맞아 ‘어린이 교통안전 캠페인’ 진행",이번 캠페인은 (사)전국지역아동센터협의회 서울특별시협의회와 함께 어린이 교통사고 예방을 위한 교육 체험을 비롯해 어린이날 선물로 아이들이 놀이공원에서 즐거운 시간을 보낼 수 있는 프로그램으로기획했다. 악사손보는 지난 27일 서울 광진구 자양동의새날지역아동센터 47명의 어린이들을...,https://mydaily.co.kr/page/view/2024050314384582001,
2576,새날기획,"애큐온저축銀, '핏펫'과 프로모션…흥국화재, 여성특화보험 출시 [금융오늘]","있도록기획했다. 악사손보는 지난 27일 광진구 자양동의새날지역아동센터 47명의 어린이를 서울어린이대공원으로 초대했다. 어린이들은 키즈오토파크에서 체험 차량을 이용한 △주행체험교육 △보행체험교육 △이면도로체험교육 등을 받고 교통사고 예방을 위한 보행 시 주의사항, 안전띠 규칙 등...",http://www.sisaon.co.kr/news/articleView.html?idxno=160826,
2576,새날기획,"국립극장·국립무용단, 설 연휴 맞이기획공연 '새날' 선봬","국립극장 전속 국립무용단(예술감독 손인영)이 설 연휴를 맞아 명절기획공연 '새날'을 선보인다. 국립극장 하늘극장에서는 20일부터 24일까지 다양한 전통춤 레퍼토리를 부담 없이 즐길 수 있도록 구성한 명절맞이기획공연으로 무대에 오른다. '새날'은 지금까지 6000여 명의 관객을 만나며 ""항상 기대되는 공연...",http://www.newspim.com/news/view/20230120000845,
2576,새날기획,"국립무용단, 2023년 새해 우리 춤사위 선봬...기획공연 '새날' 준비",'새날' 포스터 (국립무용단 제공) 국립무용단(예술감독 손인영)이 명절기획공연으로 '새날'을 2023년 1월 20일(금)부터 24일(화)까지 하늘극장에서 공연한다고 밝혔다. 2018년부터 시작한 '새날'은 설 연휴 기간 다양한 전통춤 레퍼토리를 부담 없이 즐길 수 있도록 구성한 명절맞이기획공연으로 지금까지 6천여...,http://www.newsculture.press/news/articleView.html?idxno=514490,
2576,새날기획,"대구경북권 이랜드리테일, '더 값진새날2024, 새해니까 더 큰 이득' 스페셜...","▲ 동아쇼핑점 대구경북권 이랜드리테일 전지점은 오는 17~23일까지'더 값진새날2024, 새해니까 더 큰 이득' 스페셜행사를 실시한다. 이번에 진행되는... 이랜드리테일 대경권 이성용 마케팅 팀장은 ""이번 행사는 새해와 신학기를 맞이해기획한 행사들인 만큼 쇼핑을 통해 즐겁고 알찬 그리고 행복한...",https://www.dkilbo.com/news/articleView.html?idxno=427143,
2576,새날기획,"'새날', 국립무용단의 새해 우리 춤사위...다양한 기교 선사","국립극장 전속단체 국립무용단은 명절기획공연 '새날'을 2023년 1월 20일(금)부터 24일(화)까지 하늘극장에서 공연한다. 사진=국립극장 2018년부터 시작한 '새날'은 설 연휴 기간 다양한 전통춤 레퍼토리를 부담 없이 즐길 수 있도록 구성한 명절맞이기획공연이다. 지금까지 6천여 명의 관객을 만나며 ""항상...",http://www.slist.kr/news/articleView.html?idxno=412604,
2576,새날기획,국립무용단 명절기획공연 '새날' 29~2월2일,국립극장 전속단체 국립무용단은 명절기획공연 '새날'을 오는 29일부터 2월 2일까지 하늘극장에서 공연한다. 2022년 임인년(壬寅年) 새해를 맞아 기운찬 한 해를 열고 모두의 행복을 기원하는 마음을 담은 풍성한 우리 춤 잔치로 펼쳐진다. 국립무용단은 2018년부터 다양한 우리 춤 레퍼토리를 부담 없이 즐길 수...,http://www.gnnews.co.kr/news/articleView.html?idxno=491526,
2576,새날기획,8편의 우리춤으로 기운찬 새해 시작...국립무용단기획공연 ‘새날’ 공연,1월29일~2월2일 개성 빛나는 전통춤의 매력 선물 국립극장 전속단체 국립무용단은 명절기획공연 ‘새날’을 1월 29일(토)부터 2월 2일(수)까지 하늘극장에서 공연한다. 2022년 임인년(壬寅年) 새해를 맞아 기운찬 한 해를 열고 모두의 행복을 기원하는 마음을 담은 풍성한 우리 춤 잔치로 펼쳐진다. 국립무용단은...,https://daily.hankooki.com/lpage/culture/202201/dh20220109093933138710.htm?s_ref=nv,
