company_id,company_name,news_title,news_text,news_url,posted_at
12658,케이티파워텔,"케이티파워텔, 기업용 프리미엄 무전 앱 '라져 PTT' 출시","LTE 무전통신 사업자인케이티파워텔(대표 문호원)은 10일 창립기념일을 맞아 기업용 스마트폰 무전 앱 '라져(RADGER) PTT'를 출시한다고 밝혔다. 라져 PTT는 스마트폰 설치만으로케이티파워텔전용 LTE 무전기 라져의 모든 기능을 활용할 수 있는 무전 앱 서비스로, 별도의 비용을 들여 업무용 단말기를...",http://www.datanet.co.kr/news/articleView.html?idxno=100505,
12658,케이티파워텔,"케이티파워텔, DTG·IP 무전서비스로 새롭게 도약",케이티파워텔(대표 이상홍)이 하반기 신규 사업을 통해 정체된 TRS 시장에서의 새로운 활로를 모색하고 나섰다. 하반기 화물 차량의 실시간 데이터가 저장되는 디지털운행기록계(DTG) 서비스와 함께 전국 어디서나 그룹무전이 가능한 IP 기반의 무전서비스 파워톡(Power Talk)을 시장에 출시해 해외 시장...,http://www.datanet.co.kr/news/articleView.html?idxno=67755,
12658,케이티파워텔,"케이티파워텔, 더블비(Double V) 출시.. ""무전기와 스마트폰이 하나로!""","주파수 공용통신(TRS)사업자케이티파워텔(ktpowertel, 대표이사 이상홍)은 4일 서울 세종문화회관 지하1층 수피아홀에서 기자간담회를 개최하고 신규서비스 '더블비(Double V)'를 전격 출시했다. 새롭게 출시한 '더블비(Double V)'는케이티파워텔의 TRS 전국 무전통화서비스와 KT의 3G이동전화 및 Data...",http://www2.enewstoday.co.kr/sub_read.html?uid=264408§ion=sc5,
12658,케이티파워텔,"케이티파워텔, 이동전화.TRS 가능한 '더블비' 출시","주파수 공용통신(TRS)사업자케이티파워텔(대표이사 이상홍)은 4일 세종문화회관 지하1층 수피아홀에서 40여개 주요 언론사와 서비스를 제공하는케이티파워텔, 단말기 개발을 담당한 모토로라 등이 참석한간담회를 개최하고 신규서비스 ‘더블비(Double V)’를 전격 출시한다고 밝혔다. 주파수...",http://www.itdaily.kr/news/articleView.html?idxno=31781,
12658,케이티파워텔,"케이티파워텔, 전국24시콜화물 TRS 가입 2만 넘어서","케이티파워텔이 전국24시콜화물의 TRS 가입자 2만대 달성을 축하하기 위해 감사패를 전달하는 기념행사를 26일 한국예술인센터에서 가졌다. 왼쪽부터 윤수명 전국24시콜화물 사장, 이상홍 KT파워텔대표이사 전국24시콜화물의케이티파워텔TRS 가입자가 2만명을 넘어섰다. 주파수 공용통신(TRS)사업자...",http://www.ajnews.co.kr/common/redirect.jsp?newsId=20120626000397,
12658,케이티파워텔,KT파워텔무전기 스마트폰 '더블비' 인기몰이 중,"케이티파워텔은 이를 위해 각 업종에 맞는 특화된 앱을 개발해 시장 확대에 박차를 가할 예정이다. ▲레미콘 차량의 위치부터 누적주행거리, 운행회수, 거래처, 납품처까지 실시간으로 확인할 수 있는 스마트 레미콘 관제 앱 ▲시설관리공단과 같은 유지보수 기관, 도시가스와 같은 시설물 검침기관에서...",http://www.asiae.co.kr/news/view.htm?idxno=2012121210363162342,
12658,케이티파워텔,"케이티파워텔,가족과 함께하는 사회공헌활동 본격 시동",주파수 공용통신(TRS)사업자케이티파워텔(www.ktp.co.kr)은 5월 가정의 달을 맞아 26일 사내 임직원 및 가족이 참여한 가운데 안양천을 살리기 위한 위해식물 제거 봉사활동을 시행했다고 밝혔다.케이티파워텔직원과 가족들 50여명은 이날 양천구 공원녹지과 주관으로 진행된 안양천 위해식물 제거 봉사활동을...,http://www.datanet.co.kr/news/articleView.html?idxno=60665,
12658,케이티파워텔,"케이티파워텔, 세계최초 DBDM TRS 스마트폰 개발 중","주파수 공용통신(TRS)사업자케이티파워텔(ktpowertel, www.ktp.co.kr)이 세계 최초로 DBDM TRS(주파수공용통신) 스마트폰을 개발, 금년 하반기 중 국내에 출시할 계획이다.케이티파워텔은 지난 7일(현지시간) 미국 미시시피에서 진행된 전세계 24개 TRS상용망(iDEN) 사업자들이 참가한 IiOF...",http://www.klnews.co.kr/news/articleView.html?idxno=104102,
12658,케이티파워텔,"케이티파워텔, 세계최초 `DBDM TRS 스마트폰' 개발","주파수 공용통신(TRS)사업자케이티파워텔은 세 계 최초로 공용통신과 3G망을 함께 사용할 수 스마트폰을 기획, 모토로라를 통해 개발 중이라고 9일 밝혔다.케이티파워텔은 최근 미국 미시시피에서 전세계 24개 TRS상용망(iDEN) 사업자들이 참가한 가운데 열린 포럼(IiOF.International iDEN Operator...",https://n.news.naver.com/mnews/article/001/0005607840,
12658,케이티파워텔,"케이티파워텔, 통화품질 개선 나서","케이티파워텔(www.ktp.co.kr)은 대대적인 통화권 확대 및 통화품질 개선에 나선다고 26일 밝혔다. 이를 위해케이티파워텔은 1차 사업으로 신도시 및 고속도로 구간 중, 우선 대상을 선정해 통화권 확대를 위한 기지국 치국 사업을 시행할 예정이다.케이티파워텔의 통화권 확대 및 통화품질 개선노력은...",http://www.ddaily.co.kr/news/news_view.php?uid=88142,
