company_id,company_name,news_title,news_text,news_url,posted_at
2489,한국애드컴,‘대한민국 커뮤니케이션 대상’ 해외상에 하나로애드컴공간21 수상,"하나로애드컴(대표 손정희)과 공간21(대표 최하진)이 지난 24일한국프레스센터에서 열린 ‘2023 대한민국 커뮤니케이션 대상’에서 디자인 및 기획 부문 해외상을 받았다.하나로애드컴과 공간21은 지난 10월 2023 한강페스티벌 민간협력사업의 일환으로 진행된 '롤링페이퍼-한강아, 내 꿈을 부탁해!...",https://www.asiatoday.co.kr/view.php?key=20231128001722466,
2489,한국애드컴,"한국소비자원,애드컴코리아 피해 급증에 주의 당부",한국소비자원은애드컴코리아의 신문광고를 보고 의류·신발 등을 주문한 소비자들의 피해 상담이 올해 들어 급격히 증가했다고 12일 밝혔다. 1372 소비자상담센터에 접수된애드컴코리아 관련 피해 상담은 2013년 7건에 불과했으나 올해 초부터 증가하기 시작해 1월부터 4월까지 362건으로 급증했다....,http://www.it.co.kr/news/mediaitNewsView.php?nSeq=2633085,
2489,한국애드컴,"성우애드컴, HB엔터테인먼트와 웹드라마 제작 업무 협약 ""문화콘텐츠 부문 입...","성우애드컴은한국콘텐츠진흥원에서 진행한 '2018년 뉴미디어 방송콘텐츠 제작 지원사업'을 통해 제작비를 지원받아 '서울 밤의 노래(밤빛, 별빛)' 음악 드라마도 제작한다. 10분물 10부작으로 제작하며, 서울 시민 중 배우를 꿈꾸고 있는 시민을 대상으로 공개 오디션을 진행할 예정이다. 2018년 현재는 웹드라마...",http://www.mediapen.com/news/view/377674,
2489,한국애드컴,"(주)천광애드컴이종숙 대표,한국경제인협회 공로패 수상","지난달 11일 The-K호텔에서 열린 ""한국여성경제인협회 서울지회 송년의 밤""에서 (주)천광애드컴이종숙 대표가 협회발전과 여성경제인들의 건전한 화합을 위해 노력한 공로를 인정받아 공로패를 수상했다. 본 상은한국여성경제인협회 서울지회 발전에 기여한 경제인을 선정하여 수여하는 상이다....",http://www.wowtv.co.kr/newscenter/news/view.asp?bcode=T30001000&artid=A201501270163,
2489,한국애드컴,"(주)천광애드컴이종숙 대표,한국경제인협회 공로패 수상","지난달 11일 The-K호텔에서 열린 ""한국여성경제인협회 서울지회 송년의 밤""에서 (주)천광애드컴이종숙 대표가 협회발전과 여성경제인들의 건전한 화합을 위해 노력한 공로를 인정받아 공로패를 수상했다. 본 상은한국여성경제인협회 서울지회 발전에 기여한 경제인을 선정하여 수여하는 상이다. 이종숙...",https://n.news.naver.com/mnews/article/011/0002631909?sid=103,
2489,한국애드컴,"대한광고인증-㈜에스제이애드컴, KTX 의자커버 독점광고 업무 협약 체결","㈜에스제이애드컴은한국철도공사(코레일) KTX 고속철도 의자커버 제조납품 및 의자커버 광고 판매회사로, 옥외광고법이 생기기 전부터 광고를 게첨해 왔으며 10년 이상의 노하우를 지닌 탄탄한 기업이다. 이외에도 교육부, 신한금융투자, 문화체육관광부, 2018년도 평창올림픽 등 여러 대기업과 중소기업의...",http://www.greened.kr/news/articleView.html?idxno=35935,
2489,한국애드컴,한국전파진흥원장에 유재홍 전 MBC애드컴사장,"[지디넷코리아] 방송통신위원회는 25일 유재홍 전 MBC애드컴사장을한국전파진흥원 원장으로 임용했다고 밝혔다. ▲ 유재홍 원장 유재홍 원장은 1953년생으로 연세대 신문방송학과 및 동대학원 석사, 美오레곤 대학 신문방송학 박사학위를 받았다. 주요 경력으로는 서초케이블TV 대표이사,한국케이블TV...",http://www.zdnet.co.kr/ArticleView.asp?artice_id=20090925192519,
2489,한국애드컴,"㈜동양애드컴, 인도 정보통신인력 국내 고용 추진","인도의 인재교육업체인 앱텍사의한국프랜차이즈인 ㈜동양애드컴은 국내 정보통신업계의 인력난을 해소하기 위해 인도 정보통신인력의 국내 고용을 추진하고 있다고 25일 밝혔다. 동양애드컴은 이에 따라 올해 100명, 내년 1천명, 2002년 5천명의 인도 정보통신 인력을 국내에 진출시킬 계획이다....",https://n.news.naver.com/mnews/article/001/0000004878?sid=101,
2489,한국애드컴,"MBC애드컴, ""코리아수퍼엑스포200"" 이벤트 대행","이 계약에 따라 MBC애드컴은 일본 최대 여행사인 JTB계열의 JIC와 컨소시엄을 구성해 행사 전체를 진행하게 된다.애드컴측은 ""새로운한국과의 만남""이라는 주제 아래 드림월드 차밍월드 등 5개의 테마형 전시장을 구성,다양한 문화 이벤트를 준비할 예정이라고 밝혔다.",https://n.news.naver.com/mnews/article/015/0000270644?sid=101,
2489,한국애드컴,전파진흥원장 재공모 마감…유재홍 MBC애드컴사장 유력,그는 현재 MBC애드컴사장 및한국디지털 케이블포럼 의장을 역임하고 있다. 방송계에서는 방송산업과 광고분야 등을 두루 섭렵한 유 사장이 진흥원장에 적임자라는 평가가 우세하다. 방송통신위원회의 전신인 옛 방송위원회 시절 한나라당 추천 방송위원으로 거명되기도 했다. 일부에서는 통신이나 전파에...,http://www.inews24.com/php/news_view.php?g_serial=440180&g_menu=020300,
