company_id,company_name,news_title,news_text,news_url,posted_at
8066,브로더에이피,국내 PR회사 현황 Ver. 2019,"더 이상 규모로 서비스 질을 판단하지 말자는 속뜻도 담겨 있습니다. 특히 이번 조사는 '워라밸 시대, 우리 회사를 소개합니다'라는 부제를...브로더에이피(브로더파트너즈) BCW코리아(옛 버슨마스텔러) 스트래티지샐러드 시너지힐앤놀튼 써니피알 씨제이스월드 앨리슨+파트너스코리아 에그피알...",http://www.the-pr.co.kr/news/articleView.html?idxno=42692,
8066,브로더에이피,"2019년 청년친화강소기업 1,127곳 선정",(주)브로던 (주)브리지텍 (주)비아이매트릭스 (주)비욘드솔루션 (주)비전바이오켐 (주)비투엔 (주)비티씨 (주)빅텍 (주)빌리언이십일 (주)빔파트너스... (주)에이피솔루션즈 (주)에이피알 (주)에코넥스이엔씨건축사사무소 (주)에코센스 (주)에펠 (주)엑스큐어넷 (주)엑스포럼 (주)엔시스 (주)엔씨캠 (주)엔에스브이 (주)...,http://www.opinionnews.co.kr/news/articleView.html?idxno=12478,
8066,브로더에이피,[제58회 무역의 날] 3백만불탑 수상자 명단,(주)브로던▷ (주)브이에스아이▷ (주)브이엘코스메틱▷ (주)블루코어컴퍼니▷ (주)비멤스▷ 주식회사서광▷ 주식회사서린메디케어▷ (주)... (주)에이피엠테크놀러지스▷ (주)에코브릿지▷ 주식회사엔브리지▷ 주식회사엔피에스▷ 주식회사엠피알브레인▷ 주식회사영창에코...,http://www.weeklytrade.co.kr/news/view.html?section=1&category=3&item=&no=77540,
8066,브로더에이피,"피파, 홈페이지 한국팬 차단 시인","조금더잘한다는 것인데 이는 정당하지 못하다”며 “나는 지난 2년간 꾸준히 최고의 플레이를 펼쳤다”고 주장했다. ■ 스포츠용품업체 아디다스 희색 독일월드컵 본선 32개국 국가대표 유니폼을 공식 후원한 스포츠용품업체는 푸마와 나이키, 아디다스, 엄브로, 로또, 호마, 마라톤 등 모두 7개사....",http://www.hani.co.kr/arti/sports/soccer/worldcup2006/135958.html,
8066,브로더에이피,‘나는야 행복한 CEO’ 이강호 한국그런포스펌프 대표,"에이피(AP)묄러머스크그룹인데, 세계 최대 해운사인 머스크를 소유한 곳이 바로 여깁니다. 이 회사 말고는 거의 대부분 한 가지(분야) 갖고만 세계 1등에... 우리 회사만 해도 전체가 인구가 6000명인 베이링브로에 모회사가 있습니다. 모회사 직원이 5000명이니 시민 대다수가 우리 직원이라고 할 수 있죠....",http://economyplus.chosun.com/special/special_view_past.php?boardName=C21&t_num=7085&img_ho=,
