company_id,company_name,news_title,news_text,news_url,posted_at
10232,농업회사법인누리원,중기중앙회·쿠팡 ‘온라인 상생기획전’ 개최,"이중 광주에선 과일 선물세트·포두부 등을 취급하는농업회사법인㈜누리원등 2곳, 전남에선 수산물 가공식품을 취급하는 영어조합법인 서풍 등 15곳을 포함해 총 17개 업체가 식품, 생활용품, 의류 등 다양한 품목들을 판매할 예정이다. 특히 쿠팡은 이번 착한상점 상생기획전을 통해 배너 노출 등 마케팅...",http://www.kjdaily.com/article.php?aid=1661935921582997004,
10232,농업회사법인누리원,㈜다스리 김연홍 대표 등 광주모범여성기업인 4명 훈·포장 등 수상,"농업회사법인㈜누리원장미 대표가 농립축산식품부장관 표창을, 주식회사 커피볶는집 이영숙 대표가 한국여성경제인협회장 표창을 각각 수상했다. 여성가족부장관 표창을 수상한 ㈜다스리 김연홍 대표는 ""1995년 광주 최조 재활용센터로 시작해 알뜰종합백화점 , (주)다스리 설립에 이르기까지 재활용에서...",https://jnilbo.com/?p=830075,
10232,농업회사법인누리원,광주ㆍ전남 우수 중소기업 제품 애용합시다,"문의(061-285-1721), 홈페이지 (http://www.hmth.co.kr) <그림5오른쪽>카탈로그ㆍ오픈마켓ㆍ소셜 등 유통채널 보유 [농업회사법인 누리원]농업회사법인 누리원은 지난 2005년 1월 4일에 설립된 회사로 인터넷 쇼핑몰을 운영하고 있다. 현재 연 매출 90억원을 달성하고 있는 중소기업으로 우리식탁에 건강하고 바른...",http://www.jnilbo.com/read.php3?aid=1442847600478600003,
10232,농업회사법인누리원,"허영 대표 등 광주 기업인 4명, 모범여성기업인 표창","이날 지역에서는 영우의약품물류㈜ 허영 대표가 중소벤처기업부장관 표창을, ㈜다스리 김연홍 대표가 여성가족부장관 표창을 받았다. 또농업회사법인㈜누리원장미 대표가 농립축산식품부장관 표창을, ㈜커피볶는집 이영숙 대표가 한국여성경제인협회장 표창을 수상했다. 박석호",http://www.honam.co.kr/read.php3?aid=1562857200587876233,
10232,농업회사법인누리원,'건강한 식탁'파는 농산물 쇼핑몰,농업회사법인 누리원은 지난 2005년 1월4일에 설립된 회사로 농산물 쇼핑몰을 주된 사업으로 한다. 현재 연 매출 약 90억원을 달성하고 있다. 우량 중소기업으로 우리 식탁에 건강하고 바른 먹거리만을 제공하겠다는 경영 이념을 실천하고 있는 회사다. 소비자 뿐 아니라 생산자 및 협력사와 함께...,http://news.kbiz.or.kr/news/articleView.html?idxno=40247,
10232,농업회사법인누리원,[30일 조달청 입찰정보/종합] 입찰공고-고한리(싸리덕) 마을안길 정비공사 소...,"▲ 입찰명 : ""사천시누리원관리사무실 이전(신축)공사(통신공사)"", 계약방법 : 수의(소액). 공고기관 : 경상남도 사천시, 입찰마감일시 : (2019/04/01 15... 공고기관 : 지에스건설주식회사, 입찰마감일시 : (2019/04/04 10:00), 발주처(수요기관) : 지에스건설주식회사. ▲ 입찰명 : ""인천생산기지 폼소화설비...",http://www.fintechpost.co.kr/news/articleView.html?idxno=28919,
