company_id,company_name,news_title,news_text,news_url,posted_at
2693,주연미디어,"팬엔터, K팝‧K무비까지 노린다...누플레이‧미디어캐슬과 협업","사진 제공=팬엔터테인먼트팬엔터테인먼트가 누플레이,미디어캐슬과 손잡고 종합 K콘텐츠 제작에 공격적으로 뛰어들었다.팬엔터테인먼트는... '청춘18x2'는 오는 22일 국내 개봉한다.이밖에도 팬엔터테인먼트는 기존 제작 콘텐츠인 설경구 김희애주연의 넷플릭스 시리즈 '돌풍', 아이유 박보검주연...",https://news.mtn.co.kr/news-detail/2024050915490084952,
2693,주연미디어,"""tvN을 캘박(캘린더에 박제)해!""... ""TV의 위기, tvN의 전략""미디어간담회","OTT 급부상으로미디어플랫폼이 다변화된 가운데 tvN이 자사 TV드라마의 경쟁력을 지키고 있는 비결을 소개하는 자리가 있었다. CJ ENM은 8일 오후... 드라마는 정해인과 정소민이주연을 맡고 <갯마을 차차차>의 유제원 감독과 신하은 작가가 다시 뭉친 <엄마 친구 아들>, 김태리주연, <옷소매 붉은 끝동...",https://kstar.kbs.co.kr/list_view.html?idx=314991,
2693,주연미디어,"KT, AI로미디어·콘텐츠 산업 혁신…AICT 컴퍼니 전략 가속","5월 13일 첫 방송되는 이민기, 곽선영, 허성태주연의 ‘크래시’를 시작으로 손현주, 김명민주연의 ‘유어 아너’, 신혜선, 이진욱주연의 ‘나의 해리에게’, 김세정, 이종원주연의 ‘취하는 로맨스’, 고현정, 려운주연의 ‘별이 빛나는 밤(가제)’ 등을 준비중이다. KT미디어플랫폼사업본부장...",https://economist.co.kr/article/view/ecn202404290014,
2693,주연미디어,"KT,미디어사업 전반에 AI 도입…""시장 주도하겠다""","다음 달 13일 첫 방송되는 이민기, 곽선영, 허성태주연의 '크래시'를 시작으로 손현주, 김명민주연의 '유어 아너', 신혜선, 이진욱주연의 '나의 해리에게', 김세정, 이종원주연의 '취하는 로맨스', 고현정, 려운주연의 '별이 빛나는 밤(가제)' 등도 준비 중이다. 김훈배 본부장은 ""미디어사업은 통신...",http://www.wowtv.co.kr/NewsCenter/News/Read?articleId=A202404290158&t=NN,
2693,주연미디어,"""예능은 ENA, 드라마는 스튜디오지니""… KT,미디어제작 역량 극대화","KT그룹이 콘텐츠 투자·제작·유통 등미디어사업 전반에 인공지능(AI)을 접목해 차별성을 강화한다. ENA는 2026년까지 톱7 채널로 거듭나겠다는 목표를... 다음달 13일 첫 방송되는 이민기, 곽선영, 허성태주연의 '크래시'를 시작으로 손현주, 김명민주연의 '유어 아너', 신혜선, 이진욱주연의 '나의...",https://www.moneys.co.kr/article/2024042910422664055,
2693,주연미디어,"KT, AICT 컴퍼니 전략 가속..AI로미디어·콘텐츠 혁신 나서","려운주연의 ‘별이 빛나는 밤(가제)’ 등을 준비중이다. KT미디어플랫폼사업본부장 김훈배 전무는 “미디어사업은 통신 그리고 AI와 함께 KT의 3대 핵심 사업 중 하나로, KT그룹의 미래를 이끌어갈 중추적인 사업이다”며 “KT는 그룹...",http://www.breaknews.com/1029425,
2693,주연미디어,‘일요시네마’ 오늘(5일) 로빈 윌리엄스주연‘쥬만지’ 방영…감상포인트는...,쥬만지 게임 속에서 아무도 알지 못하는 고통을 겪으며 홀로 성장한 앨런은 로빈 윌리엄스의 자화상이기도 하다. ‘쥬만지’는 크리스 반 알스버그의 1981년작 동화책을 원작으로 한다. 조 존스톤이 감독을 맡았다. ‘일요시네마’는 매주 일요일 오후 1시 25분에 방송된다. [셀럽미디어/ 사진=영화 포스터],http://www.celuvmedia.com/article.php?aid=1714883100476419011,
2693,주연미디어,"신예 김어진, ‘프래자일’주연으로 출연[공식]","에이전시 가르텐 소속 신예 김어진이 오는 2024년 하반기 공개되는 STUDIO X+U 오리지널 시리즈 ‘프래자일 ’ (극본 박주이 / 연출 안지훈)주연으로... 특히, ‘프래자일’은 10대들의 이야기를 그리는 만큼 U+모바일tv, 인스타그램, 유튜브 세 개의 플랫폼을 활용한 ‘3way형’ 크로스미디어로 MZ세대를 공략할...",https://sports.khan.co.kr/news/sk_index.html?art_id=202404240415003&sec_id=540101&pt=nv,
2693,주연미디어,"KT, AI로미디어·콘텐츠 산업 키운다 ..... B2B미디어설루션 '매직 플랫폼...","곽선영주연의 '크래시'를 시작으로, '유어 아너', '나의 해리에게' 등 오리지널 드라마를 준비 중이며, 자체 기획한 오리지널 IP(지식재산권)를 드라마화할 예정이다. 두 회사는 콘텐츠 제작 비용을 줄이기 위해 AI로 계산해 촬영 회차를 줄이는 등 노력도 기울일 예정이다. KT그룹미디어가입자는 1300만...",http://www.worktoday.co.kr/news/articleView.html?idxno=52103,
2693,주연미디어,"미디어캐슬, 이소무라 하야토·키시이 유키노 '젊고 낯선 자들' 제작위 합류",유수의 일본 콘텐츠를 국내에 소개해온미디어캐슬이 영화 '젊고 낯선 자들'(가제)의 제작위원회로 합류했다. 제작위원회란 일본만의 독특한 제작... 그런 '아야토'의 옆을 지키는 연인 '히나타'는 '너의 눈을 들여다보면'으로 일본아카데미상 최우수 여우주연상을 수상한 키시이 유키노가 연기한다. '아야토'의...,https://www.slist.kr/news/articleView.html?idxno=545877,
