company_id,company_name,news_title,news_text,news_url,posted_at
3977,서울외국환중개,"코스콤,서울외국환중개'웹 기반 외환 거래 플랫폼' 구축",코스콤이서울외국환중개의 '웹 기반 외환 거래 플랫폼' 구축을 성공적으로 마쳤다. 코스콤은서울외국환중개의 '웹 기반 달러-원 현물환 거래 플랫폼(외환 WTS)' 구축을 지난 달 말 완료했다고 7일 밝혔다. 회사 측에 따르면 이번에 개발한 외환 WTS는 외환 거래 관련 국내 첫 웹 기반 플랫폼이다. 달러-원...,https://www.newsis.com/view/?id=NISX20240507_0002725030&cID=10403&pID=15000,
3977,서울외국환중개,"코스콤,서울외국환중개'웹 기반 외환 거래 플랫폼'구축",코스콤 전경 (사진 = 코스콤 제공) 코스콤이서울외국환중개의 국내 최초 웹 기반 외환 거래 플랫폼 구축을 성공적으로 마쳤다. 올 하반기 거래시간 연장 등 외환시장 내 변혁이 예상되는 가운데 금융사들의 시장 접근성이 한층 개선될 전망이다. 7일 코스콤이서울외국환중개의 '웹 기반 달러-원 현물환 거래...,https://www.getnews.co.kr/news/articleView.html?idxno=673179,
3977,서울외국환중개,"달러 약세 속외국인 증시 유입…환율, 9거래일 만에 1360원대[외환마감]",(사진=연합뉴스) 24일서울외국환중개에 따르면 이날 환율은 전 거래일 종가(1378.3원)보다 9.1원 내린 1369.2원에 거래를 마쳤다. 이는 종가 기준으로 지난 11일(1364.1원) 이후 9거래일 만에 1360원대로 내려온 것이다. 이날 환율은 역외 환율을 반영해 전 거래일 종가보다 6.3원 내린 1372.0원에 개장했다....,http://www.edaily.co.kr/news/newspath.asp?newsid=02948726638859400,
3977,서울외국환중개,"서울외국환중개, 산업은행 대고객 외환 플랫폼 구축",서울외국환중개는 한국산업은행의 대고객 외환거래 플랫폼 'KDB e-FX Pro'를 성공적으로 구축했다고 11일 밝혔다. 'KDB e-FX Pro'는 실시간 대고객 호가 산출과 대고객 거래 리스크 관리 기능 등을 탑재한 거래 플랫폼이다. 해외 금융기관과의 전자거래플랫폼(API) 연계를 통해 글로벌 경쟁력을 갖춘 달러-원...,https://news.einfomax.co.kr/news/articleView.html?idxno=4305395,
3977,서울외국환중개,고환율에 주춤한외국인…그래도 수출주는 산다,서울외국환중개에 따르면 이날 기준 원·달러 환율은 1372.9원으로 마감해 전월(1333.7원) 대비 39.2원 (2.9%) 상승했다. 지난 16일에는 환율이 장중 1400원을... 이은택 KB증권 연구원은 “과거엔 경기 사이클이 꺾이며 환율이 상승했기 때문에 수출에서환효과를 별로 볼 수 없었지만 지금은 그렇지 않다”며...,http://www.edaily.co.kr/news/newspath.asp?newsid=01213606638857760,
3977,서울외국환중개,"서울외국환중개, 웹 기반 외환 WTS 오픈…RFI 접근성 높인다","25일서울외국환중개는 오는 29일 인터넷 웹을 기반으로 하는 달러-원 현물환 거래 플랫폼(WTS, Web Trading System)을 출시할 예정이다. 달러-원 현물환 거래에 WTS가 사용되는 건 처음이다. WTS는 인터넷에서 웹 사이트 등을 통해 접속해 거래하는 방식을 말한다. 지금까지 국내 은행 간 외환시장에서 달러-원...",https://news.einfomax.co.kr/news/articleView.html?idxno=4307326,
3977,서울외국환중개,고공행진 환율에…조용히 미소짓는 환노출 ETF,"환율의 1400원대가 심리적 지지선이고, 당국의 개입 등으로 환율 수준이 안정화를 찾으면서환노출형 ETF가 수익률을 일부 반납할 가능성이 크다는 전망이 나오면서다. 이날서울외국환중개에 따르면 환율은 전 거래일 종가(1394.5원)보다 7.7원 내린 1386.8원에 거래를 마감했다. 시장에서는 중장기적...",http://www.edaily.co.kr/news/newspath.asp?newsid=01243126638857432,
3977,서울외국환중개,"美 금리인하 기대 자극…환율, 1360원 중반대로 하락",사진=AFP 10일서울외국환중개에 따르면 이날 환율은 오전 9시 10분 기준 전 거래일 종가(1370.1원)보다 3.15원 내린 1366.95원에 거래 중이다. 간밤 뉴욕차액결제선물환(NDF) 시장에서 거래된 원·달러 1개월물은 1363.75원에 최종 호가됐다. 최근 1개월물 스와프 포인트(-2.30원)를 고려하면 이날 환율은 전...,http://www.edaily.co.kr/news/newspath.asp?newsid=01702326638887608,
3977,서울외국환중개,"‘환율 방어’ 나선 외환당국에 ‘외환보유액, 원·달러환율’ ↓",이에 원·달러 환율은 이날 1350원대까지 떨어졌다.서울외국환중개에 따르면 이 원·달러 환율은 전거래일보다 6.3원 내린 1356.5원에 마감했다. 환율이 1350원대로 내려온 건 장중 시가 기준으로 지난달 8일(1352.2원) 이후 약 한 달만이다.,http://www.fnnews.com/news/202405071601279791,
3977,서울외국환중개,강달러 속 ‘엔화 약세’ 재개…환율 1360원대 고점 탐색[외환브리핑],사진=AFP 9일서울외국환중개에 따르면 간밤 뉴욕차액결제선물환(NDF) 시장에서 거래된 원·달러 1개월물은 1363.0원에 최종 호가됐다. 최근 1개월물 스와프 포인트(-2.25원)를 고려하면 이날 환율은 전 거래일 종가(1361.5원) 대비 3.75원 상승 개장할 것으로 보인다. 연준 내에서 ‘고금리 장기화’에 대한 우려가...,http://www.edaily.co.kr/news/newspath.asp?newsid=01538326638887280,
