company_id,company_name,news_title,news_text,news_url,posted_at
3114,스마트스코어,스마트스코어'스코어로또' 1000만원 당첨자 발표,"국내 대표 골프 플랫폼스마트스코어가 본격적인 골프 시즌을 맞아 진행한 ‘스코어로또’ 이벤트 당첨 팀을 10일 발표했다.스마트스코어는 4월 한달 간 372개 제휴 골프장에서 동반자 전원이 앱에 스코어를 등록한 팀 중 추첨을 통해 1등 팀에게 1000만 포인트를 지급하고, 2등 팀에게 제스타임 온라인몰...",https://www.newsis.com/view/?id=NISX20240510_0002730497&cID=13006&pID=13100,
3114,스마트스코어,"스마트스코어, 충청 지역 1박2일 골프투어 인기상품 기획전 진행","국내 대표 골프 플랫폼스마트스코어는 5월 골프 시즌을 맞아 청풍명월의 고장 충청 지역 1박2일 골프투어 인기상품 기획전을 진행한다고 10일 밝혔다. 충청 지역 1박2일 골프투어 상품에는 36홀 그린피와 숙박, 조식이 포함돼 짧은 일정으로 국내여행과 라운드를 함께 즐기고자 하는 골퍼들에게 안성맞춤이다....",http://www.datanews.co.kr/news/article.html?no=132678,
3114,스마트스코어,"한수원, 범죄·인명 사고 예방 앞장선다…스마트안심 가로등 설치",황주호 한수원 사장은 “스마트안심 가로등이 범죄는 물론 인명 사고 예방에도 도움을 줄 수 있을 것으로 기대된다”며 “앞으로도 전국 방범 취약 지역에 관심을 갖고 사업을 펼쳐 안심할 수 있는 대한민국을 만드는 데에 힘을 보태겠다”고 말했다. [CEO스코어데일리 / / ],https://www.ceoscoredaily.com/page/view/2024051017552313393,
3114,스마트스코어,확 달라진스마트스코어···MY서비스·통합검색 기능 추가,"국내 대표 골프 IT 플랫폼스마트스코어가 스코어 중심 앱을 넘어 '골프의 모든 것'을 담은 골프 토털 플랫폼으로의 도약에 나선다.스마트스코어는 자사 모바일 앱의 UI와 UX를 전면 개편하고, 통합 검색과 MY스코어 등 사용자 편의성을 고려한 기능을 새롭게 추가했다.스마트스코어기존 앱은 메인 화면 최상단...",http://www.golfin.co.kr/news/articleView.html?idxno=6488,
3114,스마트스코어,"스마트스코어, 대영힐스·베이스 야간 라운드 선착순 핫딜","골프 플랫폼스마트스코어는 예년보다 빨라진 여름 날씨에 가성비 야간 라운드를 즐기고자 하는 골퍼들을 위해 대영힐스, 대영베이스 야간 라운드 상품을 단독 특가로 선보인다고 7일 밝혔다.스마트스코어앱에서 '선착순 핫딜예약' 및 '선결제 예약'을 통해 대영힐스와 대영베이스 야간 라운드를 예약하면 1인...",https://www.smarttoday.co.kr/news/articleView.html?idxno=49760,
3114,스마트스코어,"[템터뷰] 골프 '슈퍼앱' 꿈꾸는스마트스코어…""골프 산업에서 없어서는 안될...",박종철스마트스코어CTO가 '스마트스코어' 앱 개편 방향에 대해 설명하고 있다. / 사진=조성준 기자 '골프의 모든 것을 한번에 이용할 수 있는 슈퍼앱'스마트스코어가 지난달 모바일 앱의 UI와 UX를 전면 개편하면서 내건 슬로건이다. 골프 스코어를 중심으로 운영하던스마트스코어는 골프 산업 종사자들이...,https://www.techm.kr/news/articleView.html?idxno=124162,
3114,스마트스코어,"하나금융그룹, 제18기스마트홍보대사 모집",하나금융그룹 ESG 기획팀 관계자는 “스마트홍보대사 활동을 통한 소중한 경험이 사회진출을 앞둔 미래 세대에게 디딤돌이 될 수 있도록 적극적인 지원을 아끼지 않겠다”며 “순수한 열정과 도전정신을 가진 대학생들의 많은 관심과 참여를 바란다”고 말했다. [CEO스코어데일리 / / ],https://www.ceoscoredaily.com/page/view/2024050213505753333,
3114,스마트스코어,라이프스타일 따라 맞춤형 서비스 통한 토탈 플랫폼 도약 선언…스마트스코어...,"스마트스코어가 골프 토탈 플랫폼으로 도약을 선언했다.스마트스코어는 11일 “모바일 앱 UI와 UX를 전면 개편하고, 통합검색과 마이스코어 등 사용자 편의성을 고려한 기능을 추가했다”고 밝혔다. 개편을 통해 서비스 메뉴를 홈 화면을 중심으로 MY스코어, 골프예약, 쇼핑 등 3개로 통합했다. 데이터 중심으로...",https://www.sportsseoul.com/news/read/1417953?ref=naver,
3114,스마트스코어,"스마트스코어""주중 골퍼 평균 스코어 92타…주말 골퍼보다 0.8타 낮아""","스마트스코어는 23일 ""2023년 한 해 동안 자사 앱에 등록된 회원들의 스코어를 분석한 결과, 주중 골퍼와 주말 골퍼의 평균 타수 차는 0.8타인 것으로 나타났다""고 밝혔다.스마트스코어가 전국 제휴 골프장 370여 곳에서 지난해 회원들이 기록한 약 1007만 건의 실제 라운드 데이터를 분석한 결과, 주중...",http://www.stoo.com/article.php?aid=93204393902,
3114,스마트스코어,"“삼성 가전, 언제나 새 것처럼”…삼성전자, ‘스마트포워드’ 서비스 본격...",부사장은 “스마트싱스의 편리한 연결 경험 덕분에 전 세계 삼성전자 생활가전 연결 대수가 지난달 2000만대를 돌파했다”며 “스마트포워드를 통해 정기적으로 전 제품에 최신 기능 업데이트를 제공해 더 많은 소비자가 차별화된 경험을 즐길 수 있도록 힘쓰겠다”고 말했다. [CEO스코어데일리 / / ],https://www.ceoscoredaily.com/page/view/2024050212204848459,
