company_id,company_name,news_title,news_text,news_url,posted_at
6533,엔트로정보기술,"양자기술패권경쟁, 완성차기업도 나선다","홍진배 과학기술정보통신부정보보호네트워크정책관은 “미래산업의 판도를 좌우할 것으로 예상되는 양자기술에 대한 체계적인 진흥 기반을 마련한... BMW는 양자컴퓨터기술개발을 위해 미국 기업 허니웰, 싱가포르 스타트업엔트로피카랩스 등과 협력 관계를 구축했다. 이들 기업들은 제조와 공정, 그리고...",https://weekly.hankooki.com/lpage/economy/202106/wk20210617132451146390.htm?s_ref=nv,
6533,엔트로정보기술,김진철의 How-to-Big Data | 빅데이터의 미래 (8),영상정보수집이 가능해진다. “엔트로픽스(Entropix)”사의 슈퍼 레졸루션 소프트웨어기술이 젯슨 TX-2를 기반으로 개발되었기 때문에 NEON i1000B에 탑재되는 카메라에 맞게 연산을 조금만 보정하면 바로 포팅이 가능할 정도이니 조만간 이 NEON i1000B 제품에 탑재된 “엔트로픽스(Entropix)”사의...,https://www.ciokorea.com/news/156676,
6533,엔트로정보기술,[주간토픽]바이러스 의심 무선랜과 위험한 PC방 관리 프로그램,"국방벤처, 가상사설망(VPN) 구축으로정보보안 강화 국방기술품질원(원장 정재원, 이하 ‘기품원’)은 5월 4일부터 전국의 국방벤처센터(서울, 인천...엔트로링크, 나이츠넷과 골드파트너 계약엔트로링크(대표 박도호)는 4월 29일, 나이츠넷(대표 이용현)과 자사 유.무선랜 통합인증 보안 솔루션(PPX...",http://www.boannews.com/media/view.asp?idx=20875&kind=1,
6533,엔트로정보기술,"SK텔레콤, 기업 맞춤형 AI 만드는 기업·공공용 ‘멀티 LLM‘ AI전략 발표",최근 지분 투자를 발표한엔트로픽사 LLM은 SKT 주요 B2B(기업 간 거래) 서비스에 LLM 기능을 결합해 판매하는 방식을 협의하고 있다. SKT는 국내 최고 수준의 슈퍼컴 등 대규모 GPU 시스템을 갖춰 고객 요구에 맞는 안정적 사전 학습이 가능하다. 또한 전국 단위정보기술(IT) 인프라를 운용한 경험과...,https://www.news2day.co.kr/article/20230823500102,
6533,엔트로정보기술,국내 '생성형 AI' 시대 돌입했지만...'인력난' 가시화,"과학기술정보통신부 산하 소프트웨어정책연구소가 지난 6월 AI 관련 기업 1915개를 대상으로 조사한 '국내 AI산업 실태 보고서'에도 국내 AI 인력... 있는엔트로픽사의 LLM, 한국어 데이터 '코난 LLM' 등을 조합해 고객 맞춤형으로 제공하기 위한기술및 사업적 준비를 진행 중이다. KT는 초거대 AI '믿음'의...",https://www.smartfn.co.kr/article/view/sfn202309060030,
6533,엔트로정보기술,"SKT, 기업·공공용 AI '멀티LLM'으로 공략…이달 에이닷 모델 출시","기업·공공 분야 LLM 서비스 시장 특성에 따라 한국어 기반의 구축형 LLM 시장에서는 에이닷을 중심으로, 클라우드형 LLM 시장에는엔트로픽 LLM 등을... 우선 행정안전부, 과학기술정보통신부 등 정부에서 추진하는 LLM 기반 시범 사업과 본 사업 참여를 준비하고 있다. 금융권을 중심으로 한 LLM 기반...",http://www.newsis.com/view/?id=NISX20230823_0002422953&cID=13004&pID=13100,
6533,엔트로정보기술,무선랜 확산 위한 마지막 퍼즐 '보안',"선두주자는정보보호기술이다.정보보호기술은 '에어TMS'를 출시하고, 무선랜 보안 시장에 진출했다. 에어TMS는 지난 9월 EAL2 등급의 CC인증을 획득... 이들에엔트로링크, 시큐어데이타시스템즈 등이 도전장을 내밀면서 무선 인증 시장 경쟁도 심화되고 있다.엔트로링크는 2010년 1월 무선 인증 솔루션 'PPX...",http://www.datanet.co.kr/news/articleView.html?idxno=58145,
6533,엔트로정보기술,장유지역 최대의 학원거리 '19금 업소'와 불편한 동거,"대단위 아파트단지 끼고 사교육 성업 각종 상점들도 수익성 꾸준히 확보엔트로빌딩 유흥주점·모텔도 즐비해 주민 불만요소 아카데미빌딩의... 동일하이메탈, ㈜크레아정보통신기술6F ㈜광림, WIN SYSTEM 7F 세영엔텍, 관악엘리트영어학원 8F 롯데당구장, 가족사랑노인재가, 현대가사원...",http://www.gimhaenews.co.kr/news/articleView.html?idxno=9787,
6533,엔트로정보기술,공공· 금융 무선보안 수요 ‘폭발’,"국내 무선랜 인증 시장은 에어큐브, 유넷시스템이 양분해 오고 있었으나, 최근 시큐어데이타시스템즈,엔트로링크 등의 신생 업체들이 시장에 진입해... WIPS시장은 외산업체인 에어타이트와 에어디펜스가 양분하고 있으며, 최근에는 유넷시스템,정보보호기술, 퓨쳐시스템 등의 국내 보안업체들이 이 시장에...",http://www.itdaily.kr/news/articleView.html?idxno=28779,
6533,엔트로정보기술,"[주간 토픽] MS IE, 제로데이 취약점 이용 악성코드 전파","화면분포도정보를 수집하고 시그니처 패턴을 만들어 동일한 내용의 동영상일 경우 차단하는 내용의 ‘시그니처 기반 동영상 동일성판단 방법 및 장치기술’ 특허를 획득했다고 지난 18일 밝혔다. 4.엔트로링크, ‘PPX-애니링크’ CC인증 획득엔트로링크(대표 박도호)는 지난 14일, 자사의 무선랜...",http://www.boannews.com/media/view.asp?idx=19294&kind=1,
