company_id,company_name,news_title,news_text,news_url,posted_at
4669,코라이징,[Who Is ?] 현석호 화승인더스트리 대표이사 및 화승그룹 부회장,"그 밖에 화승인더스트리는 여덟끼니, 하프 커피 로스터스, 버거팩토리,코라이징에프앤비 등 자회사, 손자회사를 두고 외식사업도 하고 있다. 여덟끼니는 화승인더스트리의 종합외식업 자회사(89.29%)다. 하프 커피 로스터스(94.17%), 버거팩토리(66.6%),코라이징에프앤비(75%) 등을 자회사로 두고 있다....",https://www.businesspost.co.kr/BP?command=article_view&num=334394,
4669,코라이징,"[28일 조달청 입찰정보/종합] 주정차 위반단속 업무용 스토리지 증설, 연구시...","공고기관 : (주)코라이징, 입찰마감일시 : (2020/06/01 10:00), 발주처(수요기관) : (주)코라이징.(웹 한글 기안기 개발). ▲ 입찰명 : ""연구시설 · 장비비 통합 외부과제참여 관리시스템 구축 사업"", 계약방법 : 제한(총액)협상에의한계약. 공고기관 : 한국과학기술원, 입찰마감일시 : (-), 발주처(수요기관)...",http://www.fintechpost.co.kr/news/articleView.html?idxno=114579,
4669,코라이징,버터크림라떼 대박 ‘하프커피’ 투자 혹한기 70억 유치 비결은... [그래도 오...,"여덟끼니는 한우, 한돈 특화 육가공 공장인 미트맵, 제주 한돈 특화 육가공 공장인코라이징을 직접 설립 혹은 인수해 운영한다. 주요 거래처로는 쿠팡 등의 유통 플랫폼과 교대이층집 등 유명 고기구이 브랜드가 있다. 회사 관계자는 “아마존, 메가존과의 협업으로 공정 자동화 기술을 도입, 수요 예측 모델을...",https://www.mk.co.kr/article/10615518,
4669,코라이징,"[더벨]화승인더, '모자'부터 '투자업'까지...영토 확장 가속도",코라이징에프앤비는 제주육 전문 생산·유통업을 기반으로 △제주도그릴과 △넙딱집 △접시고기 △언주집 등 자체 브랜드를 운영하고 있다. 이 모든 것이 불과 1년 만에 이뤄진 결과물이다. 오너 3세인 현 부회장이 화승인더스트리와 에스비파트너스 경영을 모두 총괄 경영하고 있다는 점에서 투자 타깃...,http://www.thebell.co.kr/front/free/contents/news/article_view.asp?key=202003170954276800104019,
4669,코라이징,참숯으로 굽는 제주 흑돼지맛집 '멜(멸치)&도세기 전문점 제주도그릴' 화성 봉...,"제주 돼지 숙성 전문 유통 업체 ㈜코라이징에프앤비에서는 경기도 화성에 ""제주도그릴""을 이달 초 오픈하였다. 화성 봉담 맛집 '제주도그릴'은 융건릉, 보통리저수지 등이 있어 방문 후에 들르기 좋은 곳이다. 제주도그릴의 메뉴 및 예약 현황은 전화 등을 통해 가능하다.",http://www.nbntv.co.kr/news/articleView.html?idxno=257227,
4669,코라이징,식재료 퀄리티에만 집중한 소자본 창업 브랜드,"◆ 규모 대비 탄탄한 본사 인프라, 꾸준한 피드백 강점 본사 (주)코라이징에프앤비는 '제주도그릴' 13곳, 넙딱집 2곳 총 15곳의 매장만 운영하고 있다. 각 매장의 퀄리티 유지를 가장 중요하게 생각하고 있는 만큼 규모 대비 인프라가 탄탄한 편이며 특히 식재료 구매·관리 측면에서의 강점이 분명하다. 또한...",http://moneys.mt.co.kr/news/mwView.php?no=2018081816348097311,
4669,코라이징,2018년 4월 프랜차이즈 정보공개서 104개 신규등록,(주)코라이징에프앤비 넙딱집 한식 20180403 2018-04-23 89 개미치킨 개미치킨 치킨 20180404 2018-04-272018-05-24 17:54:53 90 (주)클라우드게이트 레전드야구존 스포츠 관련 20180405 2018-04-27 91 (주)푸디노에프앤디 웰덤치킨 패스트푸드 20180406 2018-04-27 92 (주)...,http://moneys.mt.co.kr/news/mwView.php?no=2018052514368059508,
4669,코라이징,"거래소, 제10회 전국 대학생 증권·파생상품 경시대회 개최","최우수상은 '코스닥 투자자보호를 위한 상장폐지 기업부실화 경로 분석 및 퇴출기업 예측모델'을 발표한 서강대학교코라이징(Co-rising)팀이 수상했다. 우수상은 성균관대 4시간팀과 전북대 VaC팀, 장려상은 숭실대 츄러스팀, 건국대 제로시그마팀, 부산대학교 그린라이트팀이 선정됐다. 최우수상에게는...",http://news.mk.co.kr/news_forward.php?domain=news&no=147894&year=2015,
4669,코라이징,"경북TP, 원전기자재 중소기업 마케팅 지원 협약","이번 협약을 맺은 참여기업은 플로우테크㈜, 삼회산업㈜, ㈜군도기술산업, ㈜첨단기공, ㈜유아산업, ㈜EC21, ㈜코라이징이다. 협약은 ▷원전기자재 산업의 정보 공유 ▷원전기자재 중소기업 마케팅지원사업의 성공 수행 ▷원전기자재 중소기업 마케팅지원사업의 성과확산 협력 등을 주 내용으로 하고...",http://www.imaeil.com/sub_news/sub_news_view.php?news_id=9643&yy=2014,
4669,코라이징,"종영 마이더스, 장혁 김희애 화해 ‘시청률 역전 실패’",유인혜는 기존 론아시아의 상호를코라이징으로 변경해 부실기업 회생을 주력 사업으로 채택했다. 다시 만난 두 사람은 먼 훗날 투자은행 파트너로 협력할 것을 기약하며 여운을 남겼다. 한편 화요일 예능프로그램은 SBS ‘강심장’이 동시간대 1위를 지켰다. 배우 선우재덕 최여진 윤영아 온주완...,http://ntn.seoul.co.kr/?c=news&m=view&idx=92929,
