company_id,company_name,news_title,news_text,news_url,posted_at
12858,에이아이씨티,"투블럭AI, AI 글쓰기 대회 개최…파블로항공은씨티엔에스와 협력 [Geeks' Br...","투블럭AI, 독서 감상문으로 제8회 온라인 AI 글쓰기 대회 개최 에듀테크 AI 기업 투블럭에이아이가 제8회 온라인 AI 글쓰기 대회를 개최한다고 15일... 파블로항공,씨티엔에스와 무인비행장치 배터리팩 개발 협력 체결 무인이동체 자율군집제어 전문기업 파블로항공이 이차전지 배터리팩 개발 및 제조전문...",https://www.hankyung.com/article/202403152172i,
12858,에이아이씨티,"경남대 LINC3.0사업단, '창원시 CES 지원사업 성과 공유회' 실시","3부에서는 2024 창원시 CES 지원사업 참가 10개 기업인 케이엔엘이디, 에스제이솔루션, 더웨이, 미라클레어,씨티엔에스, 팀블백,에이아이바이오틱스, 펄스락, 네오헬스테크널러지, 오션스바이오의 인터뷰 영상 시청이 진행됐다. 경남대 박은주 LINC3.0사업단장은 환영사를 통해 ""우리가 함께 만든 이번...",https://www.cnbnews.com/news/article.html?no=644304,
12858,에이아이씨티,"초저선량 CT솔루션 기업 '클라리파이', 기술력으로 세계 시장 '눈길'","AI 헬스케어 솔루션 기업 '클라리파이'는 방사선량 최소화 CT 솔루션 클라리씨티에이아이(ClariCT.AI)를 필두로 조영제 저감 솔루션 클라리에이스(ClariACE), 폐 스크리닝 솔루션 클라리펄모(ClariPulmo), 골다공증 검출 솔루션 클라리큐씨티(ClariQCT), 유방밀도분석 솔루션 클라리시그맘(ClariSIGMAM), 대사증후군...",http://www.doctorstimes.com/news/articleView.html?idxno=220786,
12858,에이아이씨티,글로벌 세계 무대 '미국 CES 2024'에 창원시 기업 참가,"왼쪽부터씨티엔에스 민태식선임, 이종훈팀장, 압테라 모터스 크리스앤서니 대표, 홍남표 창원시장,씨티엔에스 김준모 이사,씨티엔에스 유기봉... ㈜에이아이바이오틱스(마상배, 마상혁 대표)는 2017년 설립한 의료기기업체로 현장 진단과 멀티 진단이 가능한 분자진단(PCR) 장비를 개발 중으로...",https://www.gukjenews.com/news/articleView.html?idxno=2899099,
12858,에이아이씨티,"홍남표 시장 CES2024서 ""창원기업 세계시장 진출 총력 질주""","왼쪽부터씨티엔에스 민태식선임, 이종훈팀장, 압테라 모터스 크리스앤서니 대표, 홍남표 창원시장,씨티엔에스 김준모 이사, 오션스바이오(주)... ㈜에이아이바이오틱스(마상배, 마상혁 대표)는 지난 2017년 설립한 의료기기업체로 현장 진단과 멀티 진단이 가능한 분자진단(PCR) 장비를 개발 중으로...",https://daily.hankooki.com/news/articleView.html?idxno=1040539,
12858,에이아이씨티,"창원시 스타트업, 미국 CES에서 혁신기술 선보인다","CES 2024 참가기업으로 선정된 기업은 ㈜씨티엔에스, ㈜팀플백, ㈜케이앤엘이디, ㈜에이아이바이오틱스, ㈜에스제이솔류션, ㈜펄스락, ㈜더웨이, ㈜미라클레어, ㈜네오헬스테크널러지, 오션스바이오㈜이다. 홍남표 시장은 ""CES 2024에 창원의 스타트업들이 참가함으로써 전 세계 최신 기술과 혁신 제품을...",http://www.gndomin.com/news/articleView.html?idxno=376172,
12858,에이아이씨티,"[7일 낙찰/계약 동향] 동산리 새뜰마을사업 준공백서 제작 용역, 부산문화포털...","▲ 낙찰업체 : 주식회사에이아이씨티, 계약금액 : 4,365,000(원), 계약명 : 부산유라시아플랫폼 맞춤형 행사 및 캘린더 프로그램 구축. 계약기관 : 부산시설공단, 계약일자 : 2019-10-29, 계약방법 : 수의계약, 발주처(수요기관) : 부산시설공단, 계약 : 주식회사에이아이씨티- 부산시설공단...",http://www.fintechpost.co.kr/news/articleView.html?idxno=86378,
12858,에이아이씨티,"[영상] 엘젠아이씨티김남현 대표, 인공지능 컨택센터의 실질적 성공 서비스 ...","엘젠아이씨티김남현 대표 AI음성인식 모바일 애플리케이션인 'AINote(에이아이노트)'와 높은 성능의 음성인식 융합 기술이 요구되는 'i-CALLBOT'은 인공지능 기반의 상담 지원 서비스 기술이다. 고도화된 자연어 처리(NLP), 데이터 분석을 통해 콜센터 상담, 분석, 고객의 소리에 따른 경영, 분석 등을...",http://www.aitimes.kr/news/articleView.html?idxno=24670,
12858,에이아이씨티,"인공지능 플랫폼 선도기업 엘젠아이씨티, AI 음성인식 애플리케이션 'AINote'...","AI음성인식 모바일 애플리케이션인 'AINote' 이미지 인공지능(AI) 플랫폼 선도기업 엘젠아이씨티(대표 김남현, elgen.ai)는 오는 4월 13일부터 15일까지 사흘간 서울 코엑스에서 개최되는 '제5회 국제인공지능대전(AI EXPO KOREA 2022)'에 참가해 AI음성인식 모바일 애플리케이션인 'AINote(에이아이노트)'를 비롯해...",http://www.aitimes.kr/news/articleView.html?idxno=24644,
12858,에이아이씨티,"KT, 프라이빗 5G DX 솔루션 10개사 선정","우수 솔루션사로 선정된 기업은 의료 분야 인포마이닝, 건설 분야 휴먼아이씨티·에이아이시스템즈, 제조 분야 아고스비전, 교육 분야 웨인힐스브라이언트A.I, 자유 분야 한국후지쯔·에코피스다.KT는 지난 3월 한국지능정보사회진흥원과 정보통신산업진흥원이 공모한 5G융합서비스 공공부문 선도...",http://www.boannews.com/media/view.asp?idx=110572&kind=,
