company_id,company_name,news_title,news_text,news_url,posted_at
5084,알앤디프로젝트,"[KESIA 시드팁스] 디써클, AI 기반 R&D 플랫폼 ‘알앤디써클’로 전 세계 기업...",대학 이공계 교수들은 강의하고 연구하는 것이 주요 일과라 생각했는데 실제로는 자금 유치와프로젝트수주에 많은 시간을 보내고 있었다. 이는 산학협력 생태계가 아직도 인적 네트워크에 기반해 불투명하고 비효율적으로 작동되고 있기 때문이라 생각한다.알앤디써클을 통해 영업과 네트워크에 쓰는 시간을...,https://www.donga.com/news/It/article/all/20240424/124641776/1,
5084,알앤디프로젝트,"알앤디프로젝트, 콘텐츠 관리 시스템 무료 제공",알앤디프로젝트(대표 최남현)는 자사 중소·벤처기업용 업무지원 시스템(eEVS)을 이용해 홈페이지나 웹사이트를 구축하는 기업·기관에 수천만원 상당의 `콘텐츠 관리 시스템(EVS-CMS)`을 무료로 제공한다고 4일 밝혔다. 이 시스템을 활용하면 사용자가 웹 사이트 메뉴를 직접 만들고 삭제할 수 있을 뿐만 아니라...,http://www.etnews.com/news/nationland/2745398_1495.html,
5084,알앤디프로젝트,[한국자동차연구원 천안·아산 강소특구 이노폴리스캠퍼스 CEO] 사출 공정개선...,"비전알앤디는 사출기 노즐을 제조하는 기업이다. 강현식 대표(34)가 2023년 2월에 설립했다. 강 대표는 “비전알앤디는 제조업 경력 10년을 기반으로 기술... 팀원들과 함께프로젝트를 진행하는 것을 조금 더 확장해서 창업해야겠다는 결심을 하였고, 그동안 모아둔 자금으로 중고 공작기계 1대를 구입해 기업을...",https://magazine.hankyung.com/job-joy/article/202402194761d,
5084,알앤디프로젝트,"""영업익 또 줄었다"" 전년比 68%↓…엔씨, 대대적 구조조정 나서","엔씨소프트는 올해 6월 배틀크러쉬를 시작으로프로젝트BSS, 기존 IP 기반의 새로운 장르 게임 등 신작 3종을 출시할 계획이다. 글로벌 서비스 지역... 판교알앤디(R&D) 센터도 자산 유동화를 거쳐 부동산 자산이 더는 늘어나지 않도록 할 것""이라고 밝혔다. 엔씨소프트는 현재 판교알앤디센터 인근인...",http://www.mhj21.com/160811,2024-05-11 10:11
5084,알앤디프로젝트,"엔씨 ""경영 효율화, 신작 출시로 위기 극복하겠다""","2025년은 흔히 대작 게임이라 말하는프로젝트G, 아이온2,프로젝트LLL을 출시한다. 추가적으로 레거시 IP 기반 새로운 장르 게임 2종과 캐주얼 장르... 삼성동 건물과 판교알앤디센터 합산 시가는 1조 정도로 신규 공사 비용을 상쇄할 수 있는 옵션도 있다. Q. 한국 게임이 콘솔 시장에서 좋은 성과를 거두고...",https://www.gametoc.co.kr/news/articleView.html?idxno=81243,
5084,알앤디프로젝트,프로젝트R&D(알앤디) 활성화..산업부 최대 8억원 지원,"산업통상자원부와 특허청은 산업단지 입주기업간 협업 활성화를 위해 올해 신규 도입한 ‘프로젝트R&D’(알앤디)’ 과제를 공동 지원합니다. 산업부는 기업간 네트워크 강화, 연구개발(R&D), 사업화등에 과제당 2년간 최대 8억원을, 특허청은 연구개발 세부계획 수립 등을 위한 지적재산권-연구개발(IP-R&D)...",http://www.cpbc.co.kr/CMS/news/view_body.php?cid=722811&path=201806,
5084,알앤디프로젝트,"알앤디아시아·에이락, 블록체인·NFT 솔루션 개발 협력 MOU","알앤디아시아는 최근 K-Pop, K-Dance, Beatbox 등 글로벌 유저를 대상으로 하는 메타버스 K컬처프로젝트를 진행 중이다. 또한, 안전 의무 교육, 무용 동작 치료 교육, 실리콘밸리매쓰, '메타스퀘어' 플랫폼 출시를 준비하고 있다. 이번 MOU를 통해알앤디아시아와 에이락은 '메타스퀘어'의 서비스를 개발함에...",http://www.asiaa.co.kr/news/articleView.html?idxno=86184,
5084,알앤디프로젝트,"알앤디프로젝트, 500만원대 그룹웨어·홈페이지 구축 솔루션 내놔",알앤디프로젝트연구소(대표 최남현)는 중소·벤처기업용 업무지원 시스템 `E-Venture Support System(eEVS) 1.0`을 개발했다고 17일 밝혔다. 이 솔루션은 그룹웨어와 홈페이지 구축 솔루션을 동시에 지원하면서도 가격 거품을 쏙 뺀 것이 특징이다. 일반적으로 소규모 기업이 홈페이지를 구축하고 그룹웨어를...,http://www.etnews.com/news/nationland/2721874_1495.html,
5084,알앤디프로젝트,"“R&D 예산 삭감, 한국 젊은 과학자에 치명타” 네이처에 기고",그러면서 “한국연구재단 지원프로젝트를 진행하는 신진 과학자로서 우리는 이미 예산 삭감으로 채용을 보류하거나 장비 주문을 취소하는 등 어려운 결정을 내려야 했다”고 토로했다. 두 교수는알앤디예산 확대를 통한 신진 연구자 지원 강화를 촉구했다. 두 교수는 “해결책은 분명하다. 바로 신진...,https://www.hani.co.kr/arti/society/society_general/1129260.html,
5084,알앤디프로젝트,"고양시 '원당재창조프로젝트' 골자는?...""역세권CIC, 창조R&D 등 복합개발""",주민 설명회에서 이관훈 도시혁신국장은 발표를 통해프로젝트의 골자인 ▲원당역세권 창조혁신캠퍼스(CIC) ▲고양은평선 신설역세권(주교공영주차장 일원) 창조알앤디(R&D)캠퍼스 ▲현 고양 시청사 및 주변 복합개발 ▲고양대로 상징가로 구축 ▲원당 재정비 촉진지구 재개발 조기 추진에 대해 상세하게...,https://www.cnbnews.com/news/article.html?no=619879,
