company_id,company_name,news_title,news_text,news_url,posted_at
9473,캐스팅엔,"캐스팅엔, ‘입찰형 간접구매 플랫폼’으로 새롭게 도약","캐스팅엔이 간접구매 솔루션을 플랫폼 형태로 제공하는 '입찰형 간접구매 플랫폼'으로 새롭게 도약한다고 지난 3일 밝혔다. '간접구매'는 원자재 구입...캐스팅엔은 그동안 다변화하는 비즈니스 환경에 발맞춰 기업의 비용 구조를 개선하기 위해서는 간접구매 관리가 꼭 필요하다고 생각, 국민대학교 경영학...",https://www.etnews.com/20230704000044,
9473,캐스팅엔,"하나은행,캐스팅엔과 협력…B2B 업무 플랫폼 '업무마켓9'에 금융 서비스 추가",오늘경제 하나은행은 28일 오후 을지로 본점에서 ㈜캐스팅엔과 B2B 업무 플랫폼 협력 사업을 위한 업무 협약을 체결했다. 업무협약식에 참석한 성영수 하나은행 CIB그룹 부행장(사진 오른쪽)과 최준혁 (주)캐스팅엔대표(사진 왼쪽)가 기념촬영을 하고 있다. [사진출처=하나은행] B2B 업무 플랫폼 '업무마켓9'에...,http://www.startuptoday.co.kr/news/articleView.html?idxno=104506,
9473,캐스팅엔,"[은행가소식] 하나은행,캐스팅엔과 B2B업무 플랫폼 협력","■ 하나은행,캐스팅엔과 B2B업무 플랫폼 협력 하나은행은 28일 오후 을지로 본점에서캐스팅엔과 B2B 업무 플랫폼 협력 사업을 위한 업무 협약을 체결했다. 이번 업무협약은캐스팅엔이 비품, 소모성 자재 구매와 외주 서비스, 편의 서비스를 하나의 사이트에서 처리할 수 있도록 운영중인 B2B 업무...",https://www.asiatime.co.kr/article/20220629500318,
9473,캐스팅엔,"캐스팅엔업무마켓9 직원 생일, 직원 기념일 관리 서비스 출시","이미지 = 업무마켓9 기념일관리서비스 김진호 기자 =캐스팅엔업무마켓9은 직원 생일과 기념일을 쉽게 관리하고 축하하는 서비스 '업무마켓9 – 기념일 서비스'을 출시했다. '업무마켓9 - 기념일 서비스'은 직원들의 생일과 기념일을 한 곳에서 쉽게 관리할 수 있는 서비스로, 기존 담당자의 엑셀 기록과 실행에...",https://www.job-post.co.kr/news/articleView.html?idxno=71509,
9473,캐스팅엔,"‘업무마켓9’, 서비스 론칭 6개월만에 2,500개 기업에 공급...캐스팅엔시리...","캐스팅엔(대표 최준혁)의 ‘업무마켓9’이 서비스 론칭 6개월 만에 2,500개 기업에 공급했다.캐스팅엔은 ‘업무마켓9’의 성공적인 론칭으로 하반기 시리즈B 유치에 나선다.캐스팅엔은 2020년 상반기에 시리즈A를 유치했었다. 현재 브릿지 투자 유치중이다.캐스팅엔은 광고, 디자인, IT, 인사, 총무 등 아웃소싱...",http://mirakle.mk.co.kr/view.php?year=2022&no=397653,
9473,캐스팅엔,"캐스팅엔, '파워 소싱' 서비스 제공","캐스팅엔(대표 용성남)이 외주, 아웃소싱 시장에서 흔하게 발생하는 피해 상황을 방지하고자 파워 소싱 서비스를 제공한다고 7일 발표했다. 파워 소싱 서비스는 IT 개발과 마케팅, 홍보영상, 오피스 인테리어 분야에서 외주, 아웃소싱을 준비하는 기업을 대상으로캐스팅엔의 파트사의 사전 컨설팅 서비스를 통해...",http://www.it-b.co.kr/news/articleView.html?idxno=58550,
9473,캐스팅엔,"캐스팅엔, 우수 파트너에 5천만원 지원 '기업형 구독 멤버십' 무료","캐스팅엔이 우수 활동 파트너 250개사 대상 '기업형 구독 무료 제공' 이벤트를 실시해 총 5천만원의 혜택을 제공한다고 밝혔다. 이번 이벤트는캐스팅엔이 제공하는 외주, 아웃소싱 서비스에서 포트폴리오 퀄리티, 핵심 능력, 고객 평가 및 후기,캐스팅엔이용 적극도 등이 우수한 상위 5% 파트너를 선정하여...",http://www.e2news.com/news/articleView.html?idxno=240547,
9473,캐스팅엔,"SK렌터카 스마트링크,캐스팅엔의 ‘업무마켓9’에 입점",기업 전문 중개 서비스 제공사캐스팅엔이 운영하는 업무마켓9은 중소기업에 필요한 다양한 업무를 원스톱으로 이어주는 플랫폼이다. 2016년 오픈 후... 최준혁캐스팅엔대표는 “다수의 기업에서 발생하는 아웃소싱 업무를 개별 사이트에 접속할 필요 없이 업무마켓9에서 한 번에 해결 가능하다”며...,http://www.nspna.com/news/?mode=view&newsid=575150,
9473,캐스팅엔,"캐스팅엔, 통합 구매 플랫폼으로 혁신적 서비스 확장",캐스팅엔이 기업의 통합 구매 플랫폼으로 새롭게 변신한다. 기존 중개 플랫폼에서 통합 구매 플랫폼으로 서비스를 확장한다는 전략이다. 지난 6년간 5만여 건의 소싱 경험을 통해 파악된 3만여 개의 전문 업체 정보와 27만 개의 가격 정보를 기반으로 한캐스팅엔이 통합 구매 플랫폼 업무마켓나인으로 B2B...,http://www.it-b.co.kr/news/articleView.html?idxno=57551,
9473,캐스팅엔,"캐스팅엔, 카테고리 범위 확장 '업무마켓나인' 서비스명 변경","사진제공=캐스팅엔국내 소싱 플랫폼캐스팅엔(대표 용성남, 최준혁)은 기업의 서비스 확장을 위해 서비스명을 업무마켓나인으로 공식 변경한다고 24일 밝혔다.캐스팅엔측은 ""2016년 1월 B2B 소싱 플랫폼 출시 이후, 5,000개에 이르는 전문업체가 가입돼 있으며, 전문 업체와 기업 간 연결 의뢰 건수는 30,000건에...",http://www.kdpress.co.kr/news/articleView.html?idxno=110173,
