company_id,company_name,news_title,news_text,news_url,posted_at
12463,누리네트웍스,다산네트웍스주가 강세...전장사업 확대 및 경영권 강화 주목,"다산네트웍스HDC랩스 소니드 잉크테크 위즈코프 케이사인 한국전자인증 링네트누리플렉스 오픈베이스 유비쿼스 아이엠은 대부분 크게 출렁 거렸다. 사물 인터넷(IoT)은 인터넷에 연결된 센서, 액추에이터 및 기타 장치로 구성된 네트워크이다. 이러한 장치는 데이터를 수집하고 공유하여 다양한...",https://www.pinpointnews.co.kr/news/articleView.html?idxno=260727,
12463,누리네트웍스,"누리아이티, 루시드네트웍스와 공공 조달 총판 협약 체결","협약을 통해누리아이티는 루시드네트웍스를 통해 자사 솔루션을 조달 나라장터에 등록했다. 등록 된 BaroPAM은 PC 인증모듈, 서버 인증모듈, 애플리케이션 인증모듈 등으로 세분화해 유연하게 정보자산 보안을 강화할 수 있도록 구성됐다. 또 인증이 필요한 다양한 운용체계(OS)와 애플리케이션에 누구나...",http://www.etnews.com/20210806000097,
12463,누리네트웍스,"1위누리플렉스 주가·2위 두산테스나 주가·3위 에이텍 주가, 4월 5일 랭키파...","테마별 주식 사물인터넷 현재 상승률 기준 1위는누리플렉스 주가이다. 전일 3,510원 대비 280원 상승해 3,790원이다. 전일대비 등락률은 7.98%이며... 5위 다산네트웍스주가는 3,690원으로 전일대비 10원 상승 중이며 등락률은 0.27%이다. 6위 에이디테크놀로지 주가는 40,400원으로 전일대비 50원 상승...",https://www.stardailynews.co.kr/news/articleView.html?idxno=444157,
12463,누리네트웍스,NI 관련주누리플렉스·한일네트웍스상승...링네트·인성정보 휘청,"15일 주식시장에서누리플렉스 주가는 전일 대비 1.42% 오른 1만700원, 한일네트웍스는 전일 대비 1.19% 오른 6810원으로 상승했다. 하지만 링네트 주가는 전일 대비 5.90% 내린 7970원, 인성정보는 전일 대비 7.10% 내린 2815원으로 하락했다. 그밖에 릭스솔루션은 상승한 반면 콤텍시스템, 오픈베이스, 오파스넷...",http://www.thekpm.com/view.php?ud=202107151524237274931afa4cb1_17,
12463,누리네트웍스,"넥센타이어 계열누리네트웍스, 적자 긴 터널 뚫고 1분기 흑자 실현",넥센타이어(대표 강호찬)의 물류 자회사누리네트웍스가 설립 이후 지속됐던 적자고리를 끊고 첫 1분기 흑자전환에 성공했다. 31일 타이어업계에 따르면누리네트웍스는 올 1분기 36억 원의 매출과 1억3500만 원의 순이익을 기록했다. 1분기 순손익이 흑자를 기록한 것은 이번이 처음이다....,http://www.ceoscoredaily.com/news/article.html?no=56187,
12463,누리네트웍스,"[NI(네트워크통합) 테마 마감 시황] 상승률 상위 종목, 인성정보 +7.63%·한일...","NI(네트워크통합) 테마 종가 상승률 상위 종목2일 NI(네트워크통합) 테마의 종목들 중 에서 인성정보, 한일네트웍스,누리텔레콤 등이 높은 상승률을 보였다. 가장 많이 상승한 인성정보의 종가는 3,175이다. 전 거래일과 비교해 +7.63% 상승한 가격이다. 같은 기간 한일네트웍스종목은 +5.32%로 상승세로...",http://www.gokorea.kr/news/articleView.html?idxno=679063,
12463,누리네트웍스,"[NI(네트워크통합) 테마 13시 현재 주식 시황] 상승률 상위 종목, 오파스넷 1...","▲사진=ⓒ픽사베이NI(네트워크통합) 테마 13시 상위 종목 한국거래소(krx)에 따르면 1월 30일 13시 35분 현재 NI(네트워크통합) 테마에서는 오파스넷,누리텔레콤, 한일네트웍스, 콤텍시스템, 바른테크놀로지 순으로 높은 상승률을 기록하고 있다. 오파스넷의 현재가는 7,800원이다. 이는 전...",http://www.cctvnews.co.kr/news/articleView.html?idxno=160043,
12463,누리네트웍스,"누리아이티 '바로PAM', 나라장터 등록하고 공공시장 공략","박병호 루시드네트웍스대표는 ""누리아이티의 바로PAM은 기존 정보자산 2단계 인증 제품과 차별화된 솔루션으로 본 계약을 통해 시장 확대를 위한 협력을 강화해 나갈 것 이며, 당사가 제공하는 보안 및 네트워크 솔루션과 결합해 시너지를 창출할 수 있을 것으로 기대한다.누리아이티의 기술력과 당사의...",http://www.datanet.co.kr/news/articleView.html?idxno=162848,
12463,누리네트웍스,"넥센타이어 자회사누리네트웍스, 물류 일감몰아주기 논란 여전",넥센타이어(대표 강호찬)가 물류 자회사 일감몰아주기 논란을 잠재우기 위해 넥센L&C를 합병하는 강수를 뒀지만 또 다른 물류 자회사인누리네트웍스가 여전히 논란의 불씨로 남았다. 12일 타이어업계에 따르면 넥센타이어의 반기 말 현재 종속기업 12개 곳 가운데 국내 기업은누리네트웍스가...,http://www.ceoscoredaily.com/news/article.html?no=48075,
12463,누리네트웍스,"[더벨]넥센타이어, 물류업 자회사 '누리네트웍스' 키운다",넥센타이어가 지난해 물류업 자회사인누리네트웍스에 총 173억원의 자금을 투입하며 물류업의 몸집을 불리기 시작했다. 1년 만에누리네트웍스의 자본총계가 100배 커졌다. 다만 법인 설립 초기의 고정비 부담 등으로 아직 손익분기점을 넘지 못했다.누리네트웍스는 2015년 7월 넥센타이어가 물류 효율성...,http://www.thebell.co.kr/front/free/contents/news/article_view.asp?key=201804230100045720002836,
