company_id,company_name,news_title,news_text,news_url,posted_at
2017,한국시정일보,"조선·문화일보유튜브 차단 논의 방심위, 회의록 통으로 소실?",당시 조선일보·문화일보시정요구 예고 자체가 이례적인 일인 데다 제도 개선 없이 인터넷 언론(MBC 미국 오보 인터넷판 기사)을 심의할 수 없다고... 접속차단시정요구를 결정해도 실효성이 떨어진다는 것을 인정한 것으로 해석됐다. 방심위가 내리는 접속차단은한국에서 못 보도록 통신사(ISP...,https://www.mediatoday.co.kr/news/articleView.html?idxno=317758,
2017,한국시정일보,"[남도일보창사특집] 강기정 광주광역시장 대담 ""실증·창업·상장…기업하기...","남도일보취재진과 대담을 갖고, 민선 8기 전반기 주요 성과와 후반기 역점 추진 방향 등을 밝혔다. /임문철 기자 35mm@namdonews.com 민선 8기 광주시정이... 일각에선 나의 소통 부분을 지적하기도 했지만 최근한국매니페스토 평가 중 공약 이행 평가와 소통 평가 두 지점에서 최고등급인 SA등급을 받았다. 공신력...",http://www.namdonews.com/news/articleView.html?idxno=770346,
2017,한국시정일보,"화성시,시정자문위원회 위원 위촉 및 간담회 개최","화성시시정자문위원회 위원 위촉 및 간담회 개최 (사진=화성시 제공) 매일일보= 한철희 기자 | 화성시가 지난 2일, 시청 중앙회의실에서 '화성시... 변호사 △최승숙한국학습장애학회장이다. 2부에서는 위원장 주재로시정자문위원회 활성화 방안에 대한 위원들의 자유로운 의견을 듣는 의미있는 시간을...",http://www.m-i.kr/news/articleView.html?idxno=1117271,
2017,한국시정일보,[AP미디어동향 5월 1주]한국언론자유지수 15단계 하락,"■ 방통위, 마금ㆍ삼라ㆍ경남기업에시정명령 [방송통신위원회(방통위)]는 지난 4월 24일 정부과천청사에서 전체회의를 열고 지상파방송 사업자... ▷ [한국신문윤리위원회]는 4월 25일 제158차 이사회를 열어 손용석한국신문협회 광고협의회장(한국일보마케팅본부장·상무), 민혜경 서울YWCA 국장...",https://www.apnews.kr/news/articleView.html?idxno=3019079,
2017,한국시정일보,"통째로 소실된 조선일보심의 회의록, 미디어오늘이 공개합니다","[관련 기사 : 이재명 피습 다룬 조선일보유튜브에 방심위 '시정요구' 예고] [관련 기사 : ""이재명 정적 죽이기"" 조선일보이어 문화일보에도 방심위 '시정요... 아까 (MBC의) 이스라엘 미국 공격 이거는 굉장히 세계가 긴장을 하고한국국민들도 긴장할 수 있는 광의가 있다. 이것도 정치인에 대해 그렇게 했을 때...",https://www.mediatoday.co.kr/news/articleView.html?idxno=317764,
2017,한국시정일보,MBC 이어 조선·문화일보까지 건드리는 방심위,"[관련 기사 : 이재명 피습 다룬 조선일보유튜브에 방심위 '시정요구' 예고] [관련 기사 : ""이재명 정적 죽이기"" 조선일보이어 문화일보에도 방심위 '시정요... 접속차단시정요구를 결정해도 실효성이 떨어지기 때문이다. 방심위의 접속차단은한국에서 못 보도록 통신사(ISP, 인터넷서비스사업자)에 요청하는...",https://www.mediatoday.co.kr/news/articleView.html?idxno=317695,
2017,한국시정일보,"[단독] ""이재명 정적 죽이기"" 조선일보이어 문화일보에도 방심위 '시정요구'...","방심위가 내리는 접속차단은한국에서 못 보도록 ISP(인터넷서비스사업자)에 요청하는 방식인데 언론사 영상을 ISP가 차단하기는 어렵다. 어떤 부분이... [관련 기사 : 이재명 피습 다룬 조선일보유튜브에 방심위 '시정요구' 예고] 해당 영상들은 민주당 국민소통위가 ""가짜뉴스""라 규정하며 제기한 민원들이다....",https://www.mediatoday.co.kr/news/articleView.html?idxno=317622,
2017,한국시정일보,"의왕시, 어린이 통학버스 합동 점검 1건 현장 조치·7건시정요구","기호일보- 아침을 여는 신문, KIHOILBO 의왕시가 의왕경찰서,한국교통안전공단 경기남부본부와 합동으로 관내 어린이 통학버스 안전점검을 실시해... 이날 점검결과 창유리 선팅 지적 1건은 즉시 제거 조치로 현장에서 완료하고, 어린이 보호 표지 규격 미준수 등 7건은시정조치를 요구했다. 시는 어린이...",http://www.kihoilbo.co.kr/news/articleView.html?idxno=1083295,
2017,한국시정일보,강남역 살인사건 범인 수능점수 꼭 알아야 합니까,"살구뉴스는 지난해 언론중재위원회에 가장 많은시정권고를 받은 매체다. A씨는 과거 수능에서 높은 점수를 받아 언론과 인터뷰를 했는데, 국제뉴스는... 금강일보는 지난 8일 보도를 통해 최근 8년간 수능에서 고득점을 받은 학생 9명을 소개했는데, 이 중 A씨가 있었다. 온라인 커뮤니티를 통해 A씨 신상이...",https://www.mediatoday.co.kr/news/articleView.html?idxno=317954,2024-05-11 08:11
2017,한국시정일보,"조용익 부천시장, 공약 평가 3년 연속 최우수",매일일보= 이종민 기자 | 부천시가 민선8기 기초단체장 공약이행 및 정보공개 평가에서 최우수등급인 SA를 받으며 공약 실천 의지와 실행력을 높이... 조용익 부천시장 '기초단체장 공약실천 계획서 및 공약이행 정보공개 평가'는한국매니페스토실천본부가 매년 전국 226개 시·군·구의 선거공약 실효성과...,http://www.m-i.kr/news/articleView.html?idxno=1119413,2024-05-11 15:11
