company_id,company_name,news_title,news_text,news_url,posted_at
11213,이카소,"어둠이 내리면, 도심은 보석을 뿌린 듯 빛을 밝힌다","하코다테 명물인 가이센돈부리(해물회덮밥)와이카소멘(오징어소면)을 먹을 수 있다. 가이센돈부리는 오징어와 새우, 성게, 가리비, 연어알 등 싱싱한 해산물을 재료로 쓴다. 하코다테 오징어는 일본 제일로 쳐준다. 일본 전통식 목조 건물의 ‘푸모토(富茂登)’는 일본 고급 전통요리 전문 식당이다. 쓰가루...",http://www.khan.co.kr/kh_news/art_view.html?artid=201211282141155&code=900306,
11213,이카소,"제니퍼 로페즈, 영화촬영장 화재에 '휴~'","7일(현시시각) 영국 피메일 퍼스트에 따르면, 제니퍼 로페즈가 자신의 남편 마크 앤소니와 함께 현재 뉴욕에서 촬영중인 영화 ‘엘 칸텐테’(El Cantante, 감독 레온이카소) 세트장에서 화재가 발생했지만 즉시 대피해 피해를 면했다. 이날 화재 원인은 제니퍼 로페즈-마크 앤소니 부부 트레일러 근처에서...",http://star.moneytoday.co.kr/view/stview.php?no=2005120810313407309&type=1&outlink=1,
11213,이카소,일 관광도시 발돋움 하코다테를 찾아서,"아사이치(아침시장)의 털게나이카소멘(오징어 소면) 등 싱싱한 수산물, 근교의 트래피스틴수녀원에서 만든 초콜릿, 골목길 가게의 우유 맛·냄새 가득한 소프트아이스크림 등으로 외국 관광객의 입맛을 당긴다. 메이지시대 천재시인이라는 이시카와 다쿠보쿠의 가족 무덤이 있는 근교 다치마치곶은, 일제 때...",https://n.news.naver.com/mnews/article/028/0000047917?sid=104,
11213,이카소,[새비디오]'인비저블' '아이 러브 유' 등,특히 그가 ‘우드 스톡’ 페스티벌에서 제멋대로 연주한 미국 국가는 지금 들어도 전율 그 자체. 영화는 12세때 아버지에게 전기 기타를 선물 받은 영국 소년 헨드릭스가 뉴욕으로 건너 가 자신의 밴드를 결성하는 것부터 시작한다. 우드 해리스가 헨드릭스 역을 맡았다. 감독 레온이카소.,https://n.news.naver.com/mnews/article/020/0000085723?sid=106,
