company_id,company_name,news_title,news_text,news_url,posted_at
6983,인터넷밸리,예치액 3조 돌파 '업비트 스테이킹'...밸리데이터 직접 운영해 안정성 확보,업비트 스테이킹은 이용자가 스테이킹한 자산을 모두인터넷과 분리된 '콜드월렛'에 보관한다. 오프라인 지갑인 콜드월렛은 온라인에 항상 연결돼 있는 핫월렛보다 해킹에 안전하다. 또한 블록 검증 역할을 하는밸리데이터 노드가 꺼지거나 장애가 발생해 보상을 받지 못하는 상황을 방지하기 위한 '무중단...,https://www.etnews.com/20240507000129,
6983,인터넷밸리,"이승원 경제부시장, 세종테크밸리방문",이승원 세종시 경제부시장이 29일 집현동 도시첨단산업단지(세종테크밸리)를 찾아 급변하는 첨단산업 동향 파악 및 입주기업들의 애로·건의사항... 2022년 6월에는 공기청정 융복합 기술과 사물인터넷(IoT)를 접목한 스마트 엘이디(LED) 조명개발 생산 및 연구개발로 중소벤처기업부가 주관하는 '세종시...,https://www.ccdailynews.com/news/articleView.html?idxno=2271110,
6983,인터넷밸리,[차세대 유니콘](30)인터넷주소 넣으면 ‘숏폼’ 제작해주는 파이온… 정범...,실리콘밸리에 법인 설립 온라인 쇼핑몰 G마켓에는 판매 상품을 소개하는 각종 이미지·영상이 등장한다. G마켓은 이를 매월 2만개씩 외주 제작해왔지만... 브이캣은 생성형 인공지능(AI) 기술로 상품 정보가 담긴인터넷주소를 넣으면 다양한 사이즈의 광고 이미지와 15초 안팎의 영상을 만들어주는...,https://biz.chosun.com/it-science/ict/2024/04/21/2BTFWD5ENVE3ZDDKUG6QCLHRLA/?utm_source=naver&utm_medium=original&utm_campaign=biz,
6983,인터넷밸리,군위군 글로벌 스마트농업밸리성공적으로 추진하려면?,"사물인터넷(IoT), 자동화, 데이터 분석과 같은 다양한 기술을 통합해 운영되는 스마트팜이 미래농업의 대안이 될 수 있을 것""이라고 설명했다. 또 다양한 스마트농업의 주요 사례를 소개하면서 군위 농업과 대구의 첨단 산업기술을 접목한 '군위군 스마트농업밸리'에 대해 설명했다. 김 위원장은 ""신공항과...",https://www.idaegu.com/news/articleView.html?idxno=601640,
6983,인터넷밸리,아트밸리아산 제2회 영인산 철쭉제 홍보 구슬땀,"［동양일보 서경석 기자］아산시(시장 박경귀)가 주최·주관하는 2024년 '아트밸리아산 제2회 영인산 철쭉제' 개최를 7일 앞두고 막바지 홍보에 나섰다. 시는 축제 홍보를 위해인터넷카페, 유튜브 등 각종 온라인 SNS홍보와 450여개의 현수막 개시, 오프라인 전단·포스터 홍보를 진행했다. 선우문...",http://www.dynews.co.kr/news/articleView.html?idxno=748050,
6983,인터넷밸리,"라이칭더 '대만판 실리콘밸리' 올해 착공 ""경제효과 250조원""","아시아 실리콘밸리계획은 5G인터넷, 인공지능(AI) 및 사물인터넷(IoT) 등 혁신 기술에 대한 투자를 골자로 한다. NDC 관계자는 ""대만 기술 솔루션이 해외 시장으로 진출하는 것을 목표로 한다""고 전했다. 당국은 2028년까지 진행될 이번 계획을 위해 내년에만 117억대만달러(약 5000억원)의 예산을 투입할...",https://view.asiae.co.kr/article/2024022315133203483,
6983,인터넷밸리,[청구서만 쌓여가는 미중 패권전쟁] 독수리와 용이 맞붙었다,"미국은 왜 중국을 때릴까 현재 중국은 인공지능 및 사물인터넷, 로봇 등 4차 산업혁명 시대에서 빠르게 미국을 추격하고 있다. 그 선봉장이 5G며 화웨이다. 이에 트럼프 행정부는 실리콘밸리를 중심으로 하는 글로벌 기술 패권을 유지하기 위해 중국을 제압할 필요성을 느꼈고, 그 연장선에서 화웨이 제재 카드를...",https://www.econovill.com/news/articleView.html?idxno=653487,
6983,인터넷밸리,"샘 알트만 ""오픈AI 이전에 위대한 실리콘밸리회사 있었나"" 비판","7일(현지시간) IT매체 비즈니스인사이더에 따르면 알트만은 실리콘밸리가인터넷이나 휴대폰과 같은 기존의 기술로 최소한의 시간에 최대 가치를 만들고자 추구했기 때문에 혁신에서 멀어졌을 거라 봤다. 알트만이 이를 지적한 게 이번이 처음은 아닌데, 지난 2017년 액셀러레이터 '와이콤비네이터...",http://www.digitaltoday.co.kr/news/articleView.html?idxno=487536,
6983,인터넷밸리,[차세대 유니콘](31) 글로벌 생성형 AI 4위 오른 ‘라이너’... 김진우 대표 ...,"챗GPT와 달리 정확한 출처 기반 답변 대학생·연구원 과제 및 자료 조사에 특화 누적 투자 유치 170억… 자체 LLM 개발 계획도 “미국 실리콘밸리에서 직접... 라이너는 창업 초기인터넷페이지와 PDF 파일에서 텍스트에 형광펜을 칠하고, 코멘트(메모)를 남겨 정보를 저장할 수 있는 서비스 ‘웹 하이라이트’...",https://biz.chosun.com/it-science/ict/2024/05/11/CSQ7LYMZUZDCDDJ2YMB4HAFHTY/?utm_source=naver&utm_medium=original&utm_campaign=biz,
6983,인터넷밸리,[이재훈의 랜드마크 vs 랜드마크] 실리콘밸리와 경기남부벨트,"16년간 스탠퍼드대 총장을 지낸 공대 교수인 존 헤네시는인터넷의 보급으로 실리콘밸리가 날개를 단 1990년대에 졸업생들과 대학 주변에서 기술 창업을 했다. 미래를 보는 눈을 가진 교수의 지도로, 신기술 특허를 가지고 창업에 나섰고 그들이 실리콘밸리를 정착시키는 데 큰 기여를 했다. 실리콘밸리의...",https://www.hankyung.com/opinion/article/2023062808881,
