company_id,company_name,news_title,news_text,news_url,posted_at
11164,풋스케이프,사카이 x 나이키 마그마스케이프출시,사카이와 나이키가 마그마스케이프 2종을 출시합니다. 제품은 지난 1월 파리 패션위크 때 열린 사카이 2023 남성 가을-겨울 컬렉션 런웨이에서 처음 공개되었습니다. 마그마스케이프는 나이키 '에어풋스케이프'와 '에어 마그마' 2종에서 모티프를 얻어 제작됐습니다. 컬러웨이는 ‘피칸’과 ‘바시티 로얄’...,https://www.marieclairekorea.com/fashion/2023/11/nike-4/?utm_source=naver&utm_medium=partnership,
11164,풋스케이프,"부츠의 계절 겨울,풋스케이프에 다 있다?","특히 그루브(groove)는 국내 인터넷 쇼핑몰의 선두격인풋스케이프(www.footscape.com)에서 처음으로 수입한 브랜드로 한국 시장에는 많이 알려지진 않았지만 합리적인 가격과 품질을 무기로 차츰 인기를 얻고 있다. 돔바(domba) 또한 미국에서 탄생한 브랜드로 팀버랜드, 레드윙 스타일의 워커를 중심으로...",http://www.newsinside.kr/News/Detail.aspx?cSn=4&pSn=72263,
11164,풋스케이프,"어띵스, '더 샤인 업 컬렉션' 출시",이번 신제품은 피부 손상 없이 발 각질 관리를 위한 ‘샤이닝풋 스케이프’와 즉각적인 광채 보습 멀티 케어가 가능한 ‘쉬어 글로우 스틱 밤’ 등 총 2종이다. ‘샤이닝풋 스케이프(풋파일)’은 건강하고 매끈한 발과 바디 피부를 관리하는데 적합하다. 봄철 건조한 대기로 쌓인 묵은 각질을 간편하고...,https://www.ekn.kr/web/view.php?key=20220419010003236,
11164,풋스케이프,"어띵스, '더 샤인 업 컬렉션' 출시",이번 신제품은 피부 손상 없이 발 각질 케어를 위한 '샤이닝풋 스케이프'와 즉각적인 광채 보습 멀티 케어가 가능한 '쉬어 글로우 스틱 밤' 등 2가지 제품이다. 건강하고 매끈한 발과 바디피부를 원한다면 '샤이닝풋 스케이프(풋파일)'로 봄철 건조한 대기로 쌓인 묵은 각질을 간편하고 빠르게 해결하고...,http://www.metroseoul.co.kr/article/20220420500543,
11164,풋스케이프,"“해외 유명 스타의 신발, 안방에서 살 수 있다”","바로 ㈜풋스케이프(대표:정의석,http://www.footscape.com/)가 그 곳. 온라인 쇼핑몰들의 치열한 경쟁 속에서 ㈜풋쓰케이프는 몇 년째 수입 신발 쇼핑몰 중...풋스케이프는 크록스, 돔바슈즈, 뉴발란스, 반스, 스코노, 프레드페리, 스프리스, 수프라, 폴로, 베어파우, 컨버스 등 수입 운동화뿐 만 아니라 다양한 해외...",http://www.betanews.net/article/479575,
11164,풋스케이프,사카이 2023 F/W 맨즈 컬렉션,"선보인 총 64개의 룩 중 19번째부터 25번까지는 칼하트와 콜라보 한 파카, 니트였고, 나이키 에어풋스케이프(Air Footscape)를 재해석한 트레킹 스타일의 스니커즈를 칼하트 콜라보 캡슐 컬렉션에 매치했다. 또한 컬렉션의 일부 다운 제품은 몽클레르와 협업을 통해 제작한 것이다.",https://www.wkorea.com/2023/01/26/sacai-2023-f-w-mens-collection/?utm_source=naver&utm_medium=partnership,
11164,풋스케이프,"패션피플이 사랑하는 정품 멀티샵 뮤썸, 인기고공행진 중!","풋스케이프, 롸킥스, 스마트슈즈, 쟈니슈즈, 슈즈모아, 미드타운, 스니커굿샵, 무신사, 힙합퍼, 크루비, 롤스트릿, 막신, 제이월드샵, W컨셉 쿠치샵... 한편, 뮤썸은 크루비, 쿠치샵, 서울스토어, W컨셉(더블유컨셉), 29cm, 무신사, 힙합퍼와 같은 유명 디자이너편집샵과 롸킥스,풋스케이프, abc마트 등의...",http://www.gukjenews.com/news/articleView.html?idxno=832900,
11164,풋스케이프,"정품 멀티샵 ‘뮤썸’ 나이키 인품목 에어맥스97 입고, 매달 다양한 이벤트도...","특히 코비진스가 정품인증을 한 멀티샵이기 때문에 나이키 매니아들 사이에서는 이미 ABC마트, 듀얼독, 빈끌로, 슈걸가자, 플레이어,풋스케이프등 그외... 한편, 뮤썸은 크루비, 쿠치샵, 서울스토어, W컨셉(더블유컨셉), 29cm, 무신사와 같은 디자이너편집샵과 롸킥스,풋스케이프, abc마트 등의 신발멀티샵...",http://www.viva100.com/main/view.php?key=20171129001055086,
11164,풋스케이프,"나이키, 유로 2016 앞두고 '나이키 F.C.' 컬렉션 출시",나이키가 유로 2016을 맞이해 출시한 나이키 에어풋스케이프마지스타 F.C.(위)와 나이키 프리 하이퍼베놈 II F.C. (나이키 제공) ⓒ News1 스포츠 브랜드...풋스케이프마지스타 F.C.'로 디자인됐다. 기민하고 날카로운 플레이를 펼치는 선수들에게 적합한 축구화 하이퍼베놈은 나이키 프리 아웃솔과...,http://news1.kr/articles/?2627262,
11164,풋스케이프,"NSW, '축구'를 일상 스포츠 패션으로",그라운드 위에서 끊임없이 움직이며 공격 기회를 창출하는 플레이메이커를 위한 축구화 마지스타는 일상에서도 착용할 수 있는 ‘「나이키」 에어풋스케이프마지스타 F.C.'로 재탄생했다. 기민하고 날카로운 플레이를 펼치는 선수들에게 적합한 축구화 하이퍼베놈은 「나이키」 프리 아웃솔과...,http://www.fashionbiz.co.kr/TN/?cate=2&recom=2&idx=153471,
