company_id,company_name,news_title,news_text,news_url,posted_at
5195,두원시스템,"[한국타이어, 한온시스템인수] '조현범 10년 꿈' 득과 실은",한온시스템은 열 관리 기술 한 우물만 판 기업이다. 국내 시장 점유율은 46%다. 현대차·기아에 물품을 공급하는두원공조와 점유율 격차가 8%p에 달한다. 무대를 글로벌로 넓히면 두번째로 시장 점유율이 높다. 2013년 비스티온의 열 관리 부문을 인수해 글로벌 시장 입지도 탄탄하다. 해외 당국의 기업결합...,https://www.bloter.net/news/articleView.html?idxno=615954,
5195,두원시스템,"한국타이어, 한온시스템인수 두고 엇갈리는 평가",한온시스템은 열 관리 기술 업체로 국내 시장 점유율은 46%다. 현대차·기아에 물품을 공급하는두원공조와 점유율 격차가 8%포인트에 달한다. 무대를 글로벌로 넓히면 두번째로 시장 점유율이 높다. 2013년 비스티온의 열 관리 부문을 인수해 글로벌 시장 입지도 탄탄하다. 배당을 통한 현금 유입 효과도...,https://www.dnews.co.kr/uhtml/view.jsp?idxno=202405091558329680186,
5195,두원시스템,[핀셋+] [현대위아] 미래먹거리 'TMS' 낙점…한온시스템에 도전장,이어서두원공조(38%)와 에스트라오토모티브시스템(8%)이 뒤를 잇고 있다. 글로벌 시장에서는 일본 도요타의 부품 자회사인 덴소(20%) 다음으로 많은 17%의 비중을 차지하고 있다. 한온시스템이 열관리 분야에서 두각을 보일 수 있었던 것은 해당 사업의 앞날을 밝게 보고 선제적으로 뛰어든 덕분이다....,https://dealsite.co.kr/articles/121703,
5195,두원시스템,[미리보는 SECON & eGISEC 2024] 다원테크·두원전자통신·렉스젠,"주로 방범용 CCTV에 활용되며 스텐 함체와 비상벨을 부착할 수 있고, 주문 제작도 가능하다.다원테크는 고객이 원하는 제품 하나하나에 정성을 담아 최고의 제품을 생산한다는 마음으로 임직원 모두가 최선을 다하고 있다.두원전자통신, 신호과속 단속시스템두원전자통신은 대한민국 대표 보안장비...",http://www.boannews.com/media/view.asp?idx=127205&kind=,
5195,두원시스템,"두원공조시스템, 제20회 대한민국 신성장경영대상 매경미디어그룹 회장상 수상",두원공조시스템이 MBN과 매일경제신문이 주관하고 산업통상자원부가 주최하는 제20회 대한민국 신성장 경영대상에서 매경미디어그룹 회장상을 받았습니다.두원공조시스템의 특허기술은 전철이나 기차 레일의 침목 사이 공간에서 실제로 작동 가능한 유압 제너레이터를 구현해 레일과 침목을 새롭게 다시...,http://mbn.mk.co.kr/pages/news/newsView.php?category=mbn00003&news_seq_no=4986808,
5195,두원시스템,두원공과대 전기자동차과 기술사관 육성사업 ㈜인지이솔루션과 ㈜비츠로시스와...,인지인솔루션은 국내 중소형 리튬배터리 업계 1위(LFP기준) 기업 비츠로시스는 코스닥상장사(2001년)로 자동제어시스템전문 기업두원공과대학교 전기자동차과 기술사관 육성사업단(단장 김기정교수)은 지난달 21일 ㈜인지이솔루션과 ㈜비츠로시스와 기술사관 참여기업 협약식을 진행했다고 12일 밝혔다. 이를...,https://www.dt.co.kr/contents.html?article_no=2023101202109923039003&ref=naver,
5195,두원시스템,"두원공과대학교, 전기자동차과 기술사관 육성사업 ㈜인지이솔루션-㈜비츠로시...",- (주)인지인솔루션은 국내 중소형 리튬배터리 업계 1위(LFP기준) 기업 - (주)비츠로시스는 코스닥상장사(2001년)로 자동제어시스템전문 기업두원공과대학교 전기자동차과 기술사관 육성사업단(단장 김기정교수)은 지난 9월21일 ㈜인지이솔루션과 ㈜비츠로시스와 기술사관 참여기업 협약식을 진행했다. 이를 통해...,http://www.beyondpost.co.kr/view.php?ud=2023101111395721686cf2d78c68_30,
5195,두원시스템,두원공과대학교 첨단산업 인재양성 반도체 부트캠프 사업단 ‘교육부장관 유공...,학생들을시스템으로 이어줌으로써 학생들은 원하는 반도체 기업에 취업함과 동시에 기업은 준비된 인재를 채용하는 성과를 최대한 많이 만들 수 있도록 총력을 기울이겠다”고 포부를 밝혔다. 이로써두원공대는 교육부 첨단산업 인재양성 부트캠프 사업을 수행하는 대학으로서 반도체에 관심이 있는...,http://edu.donga.com/?p=article&ps=view&at_no=20240216165243484221,
5195,두원시스템,"두원공과대학교, '반도체 부트캠프사업단' 참여기업 워크숍 성료…네트워크 강...","교육시스템은 반도체 분야 기업들이 실제로 필요로 하는 인재를 양성한다는 측면을 고려할 때 현재 교육부가 추진하고 있는 '첨단산업 인재양성 부트캠프 사업'에서두원공대가 큰 역할을 담당하게 될 것으로 예측된다. 최근 반도체 분야가 국가 미래 핵심 산업으로 중요성이 높아지면서, 반도체 분야에서...",http://www.it-b.co.kr/news/articleView.html?idxno=73715,
5195,두원시스템,"두원공과대학교, ‘반도체 부트캠프사업단’ 참여기업 워크숍 성황리에 마무리","교육시스템은 반도체 분야 기업들이 실제로 필요로 하는 인재를 양성한다는 측면을 고려할 때 현재 교육부가 추진하고 있는 ‘첨단산업 인재양성 부트캠프 사업’에서두원공대가 큰 역할을 담당하게 될 것으로 예측된다. 최근 반도체 분야가 국가 미래 핵심 산업으로 중요성이 높아지면서, 반도체 분야에서...",https://www.sedaily.com/NewsView/2D5CVVJC0Y,
