company_id,company_name,news_title,news_text,news_url,posted_at
2483,학교도서관저널,"롯데장학재단, 14년간 인도네시아도서관건립 및 장학금 지원","포쓰저널문기수 기자 2024년 4월 26일 인도네시아 자카르타에서 진행된 장학금 수여식에 (왼쪽부터7번째, 검은색 옷) 장혜선 롯데장학재단 이사장과... 롯데장학재단은 인도네시아의 수도 자카르타의 4개의 초등학교 도서관건립을 위해 1억을 지원하고, 10개 대학의 학생 총 50명에게 상·하반기 각각 총...",http://www.4th.kr/news/articleView.html?idxno=2061596,
2483,학교도서관저널,"""소리·울림을 잡아준다""...KCC '마이톤 스카이'도서관·카페 시공 이어져","포쓰저널송신용 기자 KCC의 '마이톤 스카이'가 마산제일고등학교에 시공된 모습이다. /KCC 소리·울림을 잡아주는 KCC의 기능성 천장재 '마이톤 스카이(Mitone Sky)'가도서관, 카페 등에 시공되며 시공 영역을 넓혀가고 있다. 12일 KCC는 최근 경상남도 창원시 마산제일고도서관와 투썸플레이스...",http://www.4th.kr/news/articleView.html?idxno=2060627,
2483,학교도서관저널,"신간 '우리는 책 모임하러학교에 갑니다' ""읽고 대화하는 것의 중요성""",이걸 책 모임이라고 해요.” 신간 ‘우리는 책 모임 하러학교에 갑니다’(학교도서관저널펴냄)는 서울 두산초등학교박미정 교사의 10년여에 걸친 독서교육 방법론이다. 단지 ‘책 읽으면 학습에 도움이 된다’는 학습 능력 향상을 위한 독서가 아니라 지식을 바탕으로 한 인성 형성을 통해 미래 인재를...,http://www.kukinews.com/newsView/kuk202312290106,
2483,학교도서관저널,"울산 울주군 남창고,'전국 청소년 독후감대회'우수학교상","학교도서관지원을 위해학교도서관저널과 알라딘이 주최한 이번 대회는 지난 3월 20일부터 8월 31일까지 전국 중·고등학교학생과학교를 대상으로 진행됐다. 참가 학생들은 주최 지정 도서 40권 중 한 권을 읽고 200자 원고지 8장 내외 분량의 독후감을 응모했다. 집계 결과 전체 1,318편의 독후감이 접수됐다....",https://www.iusm.co.kr/news/articleView.html?idxno=1027781,
2483,학교도서관저널,[책꽂이] 2060 대한민국 복지 디폴트 外,"찾고 싶은 너에게(제갈인철 지음,학교도서관저널)=국내 1호 북뮤지션이 청소년에게 들려주는 꿈과 진로 이야기. ‘인생의 참된 의미’‘내 마음의 목소리’ 등 13가지 주제로 조언을 담았다. 20년 직장생활을 접고 2007년부터 소설을 노래로 표현해 150여 곡을 창작하고 공연해온 저자의 솔직하고 유쾌한 글에서...",https://www.joongang.co.kr/article/25245467,
2483,학교도서관저널,신학기학교생활 어떻게 할까,김길순·김윤진·박혜미씨가 쓴 ‘수업에 바로 쓰는 고전토론 길잡이-생각의 힘을 키우는 고전 함께 읽기(학교도서관저널)’다. 고전은 인간 본성에 대한 성찰을 담고 있다. 때문에 삶의 가치를 발견하고 살아가는 태도를 형성하는 중요한 시기를 보내는 청소년에게 적극 권장되고 있지만 호응이 좋지 못하다....,http://www.jndn.com/article.php?aid=1678184180356067103,
2483,학교도서관저널,임태희 교육감 “도서관이 기능할 수 있는 정책 펼칠 것”,"지난해 모든학교도서관에 전문인력 배치, 99% 전국 최고 수준도서관틈몰이(틈새시간 몰입독서 이십분)로 연평균 43.2권 독서량 돌파 임태희... 지금도 전국에 선도적인 역할을 하고 있다”며 “계속해서 학생들의 올바른 성장에도서관이 제 기능을 할 수 있는 정책을 펼쳐 나가겠다”고 강조했다. 문화저널21",http://www.mhj21.com/159951,
2483,학교도서관저널,"완벽했던 계획 어그러졌어도 웃는 아이, 그 <완벽한 하루>","특히 <끼인 날>은 2022 아침독서신문 선정, 2021 문학나눔 선정, 2021 한국학교사서협회 추천, 2021.06학교도서관저널추천작으로 선정된 작품이다. ▲ 끼인 날 ⓒ 천개의 바람 끼어서 힘들지만, 끼어서 행복하기도 한 그렇다면 우선 <끼인 날>의 이야기 속으로 들어가 볼까. 초등학교저학년 쯤되는 여자 아이가 길을...",https://www.ohmynews.com/NWS_Web/View/at_pg.aspx?CNTN_CD=A0003021029&CMPT_CD=P0010&utm_source=naver&utm_medium=newsearch&utm_campaign=naver_news,
2483,학교도서관저널,"학교도서관, 궁금하지만 물어보기엔 애매한가요?","궁금하지만 물어보기엔 애매한학교도서관이야기황왕용,임정훈,구혜진,김주애 저학교도서관저널역사를 시작하는 어린이를 위한 첫 역사책 | YES24 채널예스역사를 공부할 때 가장 중요한 것은 많이 아는 것보다, 빨리 이해하는 것보다, 깊은 관심을 갖고 역사에 담긴 무수한 이야기를 사랑하는 일입니다. (2022.05....",http://ch.yes24.com/Article/View/50775,
2483,학교도서관저널,책과 친해지는 초등학교독서교육,천천히 스미는 독서교육신현주 저학교도서관저널누구도 배제되지 않는 세계를 사유하는 에세이 | YES24 채널예스완벽하지 않더라도 서로를 다독이면서 우리의 길을 외롭지 않게 걸어갈 수 있게 되기를 기원합니다. (2023.01.12) (2023.01.12)2010년대에서 찾는 MZ세대의 기원 | YES24 채널예스이 책은 밀레니얼 세대의...,http://ch.yes24.com/Article/View/52570,
