company_id,company_name,news_title,news_text,news_url,posted_at
7966,철도방송,"서울교통공사-한국철도공사, 고장 열차 구원 합동훈련","훈련은 ▲기관사 차량고장 상황 보고 ▲객실 안내방송실시 ▲관제 운전 정리 및 구원 연결 지시 ▲승객 하차 후 합병 운전 준비 ▲구원열차와 고장 열차 합병운전으로 창동차량기지 회송 ▲입고 후 열차 분리 순으로 진행됐다. 기광환 서울교통공사 승무본부장은 ""서울교통공사와 한국철도공사 합동 훈련으로 양...",https://www.newsis.com/view/?id=NISX20240509_0002729570&cID=10801&pID=14000,
7966,철도방송,"‘영탁, 니가 왜 거기서 나와!’, KTX 안내방송등장 ‘화제’","13일부터는 경부선과 호남선에 편성된 KTX-청룡 열차 내에서방송될 예정이다. 첫 출발역 출발 후 기존 안내방송뒤, 종착역 도착 전에는 안내방송앞에 등장한다. 안내방송내용은 9일 한국철도공사가 운영하는 공식 유튜브 채널 한국철도TV에 쇼츠 영상으로 공개됐다. 백솔미 기자 bsm@ekn.kr",https://www.ekn.kr/web/view.php?key=20240510023164431,
7966,철도방송,'철도지하화 통합개발' 본격화…지자체 사업제안 가이드라인 공개,"철도지하화 통합개발 대상 사업에 선정되기 위한 지자체들의 사업 제안 준비가 시작된다.국토교통부는 지자체의 원활한 사업 제안을 지원하기 위한... 수 있도록 국토부는 6월부터 협의체 분과위원(지하화‧도시개발)을 중심으로 지자체 밀착 컨설팅도 실시할 예정""이라고 밝혔다. 이안기 머니투데이방송MTN 기자",https://news.mtn.co.kr/news-detail/2024050713470347483,
7966,철도방송,"안양시, 3개철도사업 지방채 3,839억 원 발행 추진 (B tv abc뉴스)",안양시의회는 오는 21일까지 열리는 제292회 임시회에서 시가 제출한철도사업비 부담에 따른 지방채 발행 동의안을 심의의결하게 됩니다. #안양시 #지방채 #철도사업 #인덕원역 #GTX-C #월곶판교선_만안교역 #동탄인덕원선_호계역_가칭_신설 #이창호기자 #abc방송#btv뉴스 #sk브로드밴드,http://ch1.skbroadband.com/content/view?parent_no=24&content_no=60&p_no=169633,
7966,철도방송,"코레일, 국가철도공단 '철도발전협력회의'…신호체계 단일화 등 주요 안건 논...","먼저 지난 5일 국토부-철도업계 간담회에서 건의된 촬영 허가 절차 개선을 위해 영화·방송사 등이 역, 시설 등에서 촬영요청 시 접수·승인창구를 코레일로 일원화하기로 했다. 현재는 관리주체가 혼재된 역사나 폐선부지 등은 두 기관에 모두 촬영승인을 받아야 한다. 이와 함께 열차 운행 횟수 증가, 신규 차량...",https://www.news1.kr/articles/5401767,
7966,철도방송,코레일 '광역철도역명부기' 사용기관 내달 10일까지 모집,"코레일은 접근성·공공성·선호도·가격 평가에 대한 지방자치단체 의견 수렴, 국가철도공단과 학회 등 내외부 전문가 심의위원회를 거쳐 역마다 1개 기관을 선정한다. 선정된 역명은 오는 7월부터 계약기간에 따라 1∼3년 동안 출입구 역명판, 승강장 안내표지 등에 표기되고, 열차방송으로도 안내된다.",https://www.yna.co.kr/view/AKR20240423071300063?input=1195m,
7966,철도방송,"코레일 대구본부, 아동센터 어린이 초청철도체험","한국철도공사(코레일) 대구본부는 지난 3일 대구지역 아동센터 어린이 17명을 초청해철도체험 프로그램을 시행했다. 초청된 어린이들은 동대구역 내 매표실,방송실, 로컬관제실, 여행센터 등을 견학했다. 역무원의 업무를 간접체험하고철도교통에 대한 올바른 안전의식과 안전문화를 배웠다.",https://www.idaegu.co.kr/news/articleView.html?idxno=459975,
7966,철도방송,코레일-철도공단 '철도발전협력회의' 개최,"특히, 지난 5일 국토부-철도업계 간담회에서 건의된 촬영 허가 절차 개선을 위해 영화ㆍ방송사 등이 역, 시설 등에서 촬영요청 시 접수ㆍ승인창구를 코레일로 일원화하기로 했다. 지금은 관리주체가 혼재된 역사나 폐선부지 등의 경우 두 기관에 모두 촬영 승인을 받아야 한다. 이와 함께 열차운행 횟수 증가...",https://www.redaily.co.kr/news/articleView.html?idxno=7786,
7966,철도방송,"코레일 대구본부, 어린이 초청철도체험 프로그램 시행","코레일 대구본부는 어린이날을 맞이해 지난 3일 관내 지역아동센터 어린이 17명을 초청해철도체험 프로그램을 시행했다. 초청된 어린이들은 동대구역사 내 매표실,방송실, 로컬관제실, 여행센터 등을 견학하며 역무원의 업무를 간접체험했을 뿐만 아니라철도교통에 대한 올바른 안전의식과 안전문화를...",https://www.newsfreezone.co.kr/news/articleView.html?idxno=566529,
7966,철도방송,"TK광역철도·호남道 지선 확장 등 6개 사업, 예타 대상 선정","김윤상 기재부 2차관이 2일 서울 종로구 한국무역보험공사에서 열린 ‘제3차 재정사업평가위원회’를 주재하고 있다.대구∼경북 광역철도와... 이어 위원회는 이날 사등∼장평 국도건설, 세종시 공무원 임대주택 건립, 종합체육시설 건립 등 총 3개 사업의 조사결과를 의결했다. 최남영 머니투데이방송MTN 기자",https://news.mtn.co.kr/news-detail/2024050212064310754,
