company_id,company_name,news_title,news_text,news_url,posted_at
3663,앤티씨,"청우씨앤티, '나라장터 엑스포' 통해 신제품 유해가스 정화기를 선보여","<사진제공-SB미디어> '2018 나라장터 엑스포'에 청우씨앤티가 참가해 신제품 유해가스 정화기를 선보였다. 청우씨앤티는 'CAFU'라는 브랜드로 유해가스를 정화하는 제품들을 전문으로 제작하는 기업으로 서울대병원 등 서울의 유명 병원과 삼성, 엘지의 실험실 등에 다양한 국소배기장치들을 납품하고 있다....",http://www.greened.kr/news/articleView.html?idxno=60447,
3663,앤티씨,산타 할아버지는 있다,"MZ세대로 통칭되는 젊은이들 사이에는 '산타는 없다'라는 '앤티(anti, 反)산타족'이 늘어나고 있다. SNS상에 '#SantaIsntReal'(산타는 없다)라는 해시태그(#)에 이어 어린이들에게 '산타는 없다'고 외쳐대는 동영상들이 인기를 모으고 있으며, '앤티산타' 구호가 인쇄된 셔츠가 유행하고 있다. 천진난만한 어린이들에게...",http://www.wsobi.com/news/articleView.html?idxno=225951,
3663,앤티씨,[부고] 송현호씨 별세 외,"▲송현호씨 별세, 박민환(실크로드시앤티회장)·길환(실코로드시앤티공장장)·규환씨(회계사) 모친상, 혁호씨(실크로드시앤티상무) 조모상=26일 오전9시5분 제주 한마음병원 발인 28일 오전 (064)750-9424 ▲최혁씨 별세, 최민철(LG유플러스 부장)·미경(함평군보건소 주무관)·민석씨(무등일보...",http://www.segye.com/content/html/2019/08/26/20190826511841.html?OutUrl=naver,
3663,앤티씨,[부고] 송현호씨 外,"▲송현호씨 별세·박민환(실크로드시앤티회장) 길환(실코로드시앤티공장장) 규환씨(회계사) 모친상·박혁호씨(실크로드시앤티상무) 조모상=26일 제주 한마음병원, 발인 28일 오전. (064)750-9424 ▲신경원씨 별세·노영래(한국은행 강남본부장) 강석구씨(전 명지전문대 사무처장) 빙부상=26일...",http://www.fnnews.com/news/201908261827163036,
3663,앤티씨,[부고] 박민환(실크로드시앤티회장)씨모친상 외,"박민환(실크로드시앤티회장)씨모친상 외 ▲송현호씨 별세, 박민환(실크로드시앤티회장)·길환(실코로드시앤티공장장)·규환(회계사)씨모친상, 박혁호(실크로드시앤티상무)씨조모상=26일 오전 9시5분. 제주 한마음병원 장례식장 1호실. 발인 28일 오전(064-750-9424)▲이근형씨 별세, 이기홍...",http://www.viva100.com/main/view.php?key=20190827010008008,
3663,앤티씨,<이 사람> “안전성 뛰어난 경주 방폐장 인상적”,"핀란드의 유명기업인 S&R사에서 기술부장을 맡고 있는앤티이코넌 씨도 이들 전문가 가운데 한 명이다. 그는 지난 20년 간 6개국 9곳의 방사능 폐기물 처분장을 찾아 안전성 점검을 수행한 바 있는 베테랑이다. 경주 방폐장을 둘러본 그에게 소감을 묻자, “매우 인상적이었다”며 그는 말문을 열었다.앤티...",http://biz.heraldcorp.com/view.php?ud=20141028000209,
3663,앤티씨,"이주여성들, 한국사회와 눈맞추기 나서다","한참을 구경하는 사이 베트남에서 온 앤티(26)씨가 아이스티를 갖고 나온다. 달콤한 복숭아 맛이 베트남 여행 중에 먹었던 바로 그 맛이다. 아름다운 추억까지 함께 배달해 주었다. ""많이 알려주세요. 저희가 잘 돼야 후배들도 일자리가 더 많아져요.""앤티 씨가 수줍게 웃으며 말을 건넨다. 한참을 준비했던...",http://news20.busan.com/news/newsController.jsp?subSectionId=1010070000&newsId=20090522000271,
3663,앤티씨,"경기과기대 '2022 시흥, 청소년 진로설계 한마당' 성료","이날 행사에는 경기과기대(P-Tech 사업단/조기취업형 계약학과/전기공학과 등), 경기과기대 연계 기업(보쉬렉스로스 코리아/미쯔비시전기 코리아/청우씨앤티/코코랩스/스포비), 관내 대학(서울대/한국공학대)도 참여했다. 경기과기대 체육관에서 진행 된 이번 '2022 청소년 진로설계 한마당'은 로봇-인공지능...",http://www.veritas-a.com/news/articleView.html?idxno=429806,
3663,앤티씨,[27일 오전 주요 공시] 솔브레인 - 삼강엔앤티-포트해밀턴조합1호,▲삼강엠앤티가 Barossa FPSO Development Project Central Piperack 제작 건의 계약을 BW OFFSHORE EPC FZE AS COMPANY와 맺었다. 계약 금액은 340억원이다. 이번 계약이 매출에서 차지하는 비율은 8.02%이다. ▲27일 포트해밀턴조합1호는 휴센텍의 주식 442만4778주를 늘렸다고 밝혔다. 동사는 이번...,http://www.betanews.net:8080/article/1281829.html,
3663,앤티씨,미래차·친환경·디지털서비스 등 분야 20개사 사업재편 신규 승인,"협약식에는 효돌, 다인리더스, 필옵틱스, 청우씨앤티4개사가 대표로 참석했다. 사업재편 승인기업들은 세계적 수준의 컨설팅 수행기관과 함께 사업재편 승인 당시 설정한 사업재편 목표를 보다 정교하게 다듬고, 사업전략·재무구조 개선전략 등도 보다 구체적으로 수립하게 된다. 이행전략 컨설팅 주요...",http://www.mtnews.net/news/view.php?idx=13909,
