company_id,company_name,news_title,news_text,news_url,posted_at
1698,다원프라자,"""대자리로 시원한 여름 보내세요""… 대백프라자다원카페트 행사",대구백화점프라자점다원카페트는 여름을 시원하게 보낼 수 있는 '대자리·방석 특집'을 진행한다. /대구백화점 제공 대구백화점은프라자점 9층 리빙관 매장에서 앞선 여름을 시원하게 보낼 수 있도록 '다원카페트 여름 대자리·방석 특집'을 여름 시즌 동안 진행한다고 24일 밝혔다. 이번 행사를 통해 클래식...,http://www.kbmaeil.com/news/articleView.html?idxno=846801,
1698,다원프라자,"""카페트 러그로 집안에 가을"" 대백프라자다원카페트 다양한 제품 출시",대구백화점프라자점 9층 ‘다원카페트’는 따뜻하고 포근한 실내분위기 연출에 도움되는 러그와 카페트 등을 선보이고 있다. 카페트와 러그는 따뜻한 감촉으로 보온성이 뛰어나 난방비 절약에도 도움 되며 바닥이 푹신해 발의 피로감을 덜어주고 층간 소음 등 방음효과도 기대 할 수 있다. 특히 크게 힘들이지...,http://www.idaegu.com/newsView/idg202009160091,
1698,다원프라자,"[포토뉴스]대백프라자다원카페트 ""여름에는 역시 시원한 대자리""",,https://news.imaeil.com/Economy/2020052116001101318,
1698,다원프라자,다원수타 수학학원이 초수학 학원으로 확장이전,"중계동 중,고 전문 초수학 학원 예비중1, 예비고1 겨울방학 대모집 중계동에서 입지를 다진다원수탁 수학학원이 초수학 학원으로 이름을 변경하여 그랜드프라자7층으로 확장이전하였다. 초수학 학원은 은행사거리 중심부에 위치하며 학생들이 깨끗하고 넓은 시설에서 열심히 공부할 수 있도록 배려하였다....",http://www.naeil.com/news_view/?id_art=483184,
1698,다원프라자,"다원체어스, 2022년 경기도 착한기업 선정",경기도의 착한기업 선정 사업은 기업의 사회적 책임 장려 및 건전한 기업문화의 조성을 위해 지난 2015년 처음 시작되었으며 올해는 기업의 사회적 가치실현을 위해 노력한 20개 기업을 대상으로 지난 21일 수원 라마다프라자에서 인증서 수여식이 진행되었다.다원체어스는 지난 2019년에도 경기도 착한기업으로...,http://www.it-b.co.kr/news/articleView.html?idxno=63666,
1698,다원프라자,대백프라자'대자리' 판매,"대구백화점프라자점 9층 리빙관 '다원카페트'는 '대자리'<사진>를 여름 시즌이 끝나는 오는 9월 말까지 판매한다. 대자리는 왕골이나 골풀의 줄기를 잘게 쪼개서 엮어 쉽게 파손되지 않으며, 차가운 성질로 더운 여름 매트에 누웠을 때 체온을 낮춰준다. 다윈 카페트는 요즘은 구경조차 쉽지 않은 강화도...",http://www.kbmaeil.com/news/articleView.html?idxno=900392,
1698,다원프라자,무더위 식혀줄 대자리 할인전,"대구백화점프라자점 9층 리빙관 '다원카페트'는 실내 공간을 한결 시원하게 만들어줄 인테리어 아이템 '대자리'를 여름시즌이 끝나는 9월까지 최대 50% 할인 판매한다. 대백프라자는 오는 23일부터 내달 9일까지 '실속 여름 대자리 줄서기 특가 행사'를 열고 프리미엄 편백방석, 접이식 거실용 대자리, 함평산...",https://www.idaegu.co.kr/news/articleView.html?idxno=424266,
1698,다원프라자,[포토뉴스] 여름 대자리 특가 행사,대백프라자가 오는 23일부터 다음달 9일까지 '실속 여름 대자리 줄서기 특가'행사를 마련했다. 대백프라자9층 리빙관 '다원카페트'는 '대자리' 상품을 여름 시즌이 끝나는 9월까지 최대 50% 할인 판매 한다. <대구백화점 제공>,https://www.yeongnam.com/web/view.php?key=20230620010002530,
1698,다원프라자,학생 개인별 수학 자존감 높이는 수업!,"개원 4년여 만에 대명프라자로 확장 이전한다원수타수학학원은 다수의 성적향상 사례를 쏟아내며 학생에게 최적화된 학습 계획과 실행으로 호평을 듣고 있다. 홍성일 원장을 만나다원수타학원의 학습 처방을 통해 고교 진학 후 수학 성과를 이뤄낸 학생의 사례를 들어봤다. 예비 고1, 이미 진행된 선행학습...",http://www.naeil.com/news_view/?id_art=439274,
1698,다원프라자,"""여름 미리 준비하자"" 올 역대급 폭염 예고… 여름제품 벌써 불티",대백프라자'다원카페트'에서는 거실에서 사용하기 좋은 원목 오크 카펫이나 편백나무 돗자리 등 100만원대 고가의 제품 판매를 예년보다 일주일 정도 앞당겨 판매 중이다.◆해산물에서부터 캠핑용품까지 롯데백화점은 식품관 델리코너 신메뉴를 출시하고 아웃도어 상품을 강화하는 등 여름 시즌 준비에...,//www.yeongnam.com/web/view.php?key=20200513010001699,
