company_id,company_name,news_title,news_text,news_url,posted_at
7604,아이유원소프트,"같은 안드로이드여도 갤럭시에서 다른 경험… ""원UI 5.0에서 진짜 개방성 보여...","인터뷰에서 ""마이크로소프트(MS), 구글, 메타, 스포티파이 등과 기술 플랫폼단의 통합으로 이용자에게 혁신적인 서비스를 제공하고 있다""며 이 같이... 실제로 쇼메 부사장은 스포티파이 플랫폼의아이유음원을 갤럭시 스마트폰에 기상 알람으로 설정해 아침마다아이유의 음원을 들으며 기상한다며 만족감을...",https://www.sedaily.com/NewsView/26CDFPWO9P,
7604,아이유원소프트,"[민간기업 일자리 정보+] 유니셈(주), ㈜모스티소프트, 한국로스트왁스(주), ...","전산·IT기술지원,소프트웨어·하드웨어, 본사 또는 근무지 : 경남 거제시, 고용형태 : 정규직, 지원자격 : 신입|초대졸이상 , 입사지원서류 마감일자 : ~02.29 (토), 입사지원 문의처(취업·구인·구직 기업/취직정보사이트) : (주)한국아이엠유. ▲ 채용회사명 : 주식회사원봉, 채용공고명 : ""2020년 상반기 정규...",http://www.fintechpost.co.kr/news/articleView.html?idxno=100691,
7604,아이유원소프트,"[엔터주식] 에스엠(SM) 주가 상승하는 이유는? YG 빅뱅·아이콘 기대, CJ E&M...","대세,아이유23일 컴백ㆍ트와이스 20일 데뷔 원ㆍ달러 환율 약세 보이며 코스피 상승세 '발목' 코스피가 환율 약세 부담을 견디지 못하고 간신히... [코스닥]소프트센우, 우원개발, 이지웰페어, SG&G, 세종텔레콤, 신후, 한양하이타오, 캔들미디어, 아이에스이커머스, 코원, SNH, YTN, 아남정보기술...",http://www.starseoultv.com/news/articleView.html?idxno=353985,
7604,아이유원소프트,"아이유“팔레트, 선공개곡으로 1위..뛸듯이 기뻤다”",선공개곡 만으로 음악방송에서 1위를 차지한아이유는 “되게 좋았다. 활동도 안 했고 선공개 곡인데 1위를 했다고 해서 저도 기사를 통해 보고 뛸 듯이 기뻤다. 음악방송 1위는 정말 기대를 못 했다”고 소감을 전했다. 또한 “‘사랑이 잘’은 오혁 씨와 함께 부른 두 번째 선공개 곡이다.소프트한 알앤비...,http://www.breaknews.com/sub_read.html?uid=505637§ion=sc4,
7604,아이유원소프트,"아이온, 위기에 빠진아이유를 구하라","지난 16일 엔씨소프트의 MMORPG 아이온에 일명아이유던전이 등장했다. 아이온의 홍보 모델로 활동하고 있는 가수아이유를 게임 속에서도 만나볼 수 있게... 또,아이유주변의원안에서는 체력이 조금씩 회복되기 때문에, 한 사람이 몬스터를원근처로 몰고 오면 나머지 사람이 공격해 처리하는 게 체력관리에...",http://www.betanews.net/article/574006,
7604,아이유원소프트,[THE HOUSE | SBVA.ai] 미래에서 사는 사람들,"(※'스타트업얼라이언스 트렌드 리포트' 2017~2023년 집계) 2000년소프트뱅크그룹 산하 창업투자사로 시작한 SBVA는 루닛, 당근,아이유노, 하이퍼커넥트... 이준표 최근에 샘 알트먼 창업자를 만났는데, ""이제 '원맨 유니콘'이 나올 것 같다""는 말을 해줬어요. 좋은 아이디어만 있으면 AI가 기획, 개발, 디자인...",https://www.fortunekorea.co.kr/news/articleView.html?idxno=36861,
7604,아이유원소프트,"[유통가 레이더] '전기차 충전기' 신사업 힘 싣는 롯데... 신동빈, 현장경영 ...","이외에도 하이트진로가 주류업계 최장수 모델아이유와 인연을 이어가 참이슬 모델 재계약을 체결하는 등 오늘(26일)의 유통가 소식을 <녹색경제신문... 기존 고객들에게 호평을 받았던 '초밀착 커버' 기능은 더욱 강화하고, 텁텁함 없이 매끄러운 '소프트새틴' 피부 구현을 위해 대폭 향상된 기술력을...",https://www.greened.kr/news/articleView.html?idxno=312545,
7604,아이유원소프트,[주간#신상태그] LG생활건강·이랜드·코웨이·워커힐 외,"이랜드에서 전개하는 글로벌 스포츠 브랜드 뉴발란스(NEW BALANCE)가 브랜드 앰버서더아이유와 함께 23FW '뉴발란스 스포츠 클럽(NBSC)' 컬렉션을 공개했다....소프트민트, 파우더 핑크, 골든 헤이즈 등 세 가지 컬러로 새롭게 선보이는 '토이즈 블라썸' 컬렉션은 확장이 가능한 20인치 기내용 사이즈부터 25인치...",http://www.newsprime.co.kr/news/article.html?no=613897,
7604,아이유원소프트,"[유통산책] ""스타벅스에서 디즈니 만나보세요""…협업 상품 출시 外","‘용감한 쿠키도넛’ 또는 ‘쿠키런 쿠키 쿨라타’ 구매 시 결제 영수증 1건당 크리스탈 1000개(1만원상당)를 받을 수 있는 영수증 쿠폰 1매를 제공한다. 해당 쿠폰은 쿠키런: 킹덤의 이벤트 페이지에서 올 연말까지 사용할 수 있으며, 한 계정당 최대 1장 등록 가능하다. ◇도미노피자,아이유피자 박스 시즌...",http://www.g-enews.com/ko-kr/news/article/news_all/2023091116072579691c3c506100_1/article.html,
7604,아이유원소프트,[김도진의 북 리뷰] 《앰비언트 Ambient》,예를 들어 자동차를 타기 전에 스마트폰으로아이유의 노래를 듣고 있었다면 자동차를 타자마자 자동차에서 그 음악이 이어서 재생되는 것입니다.... 앞에서 살펴본 것처럼 제로 UI의 개념이 등장하기 전부터 음성 인식 가상 비서나 마이크로소프트의 키넥트 등을 이용해서 컴퓨터와 인터페이스를 했기...,https://www.gokorea.kr/news/articleView.html?idxno=742490,
