company_id,company_name,news_title,news_text,news_url,posted_at
11394,건설미공,"이해라이프스타일, 프리미엄 가구구독 ‘미공’ 출시","작년 2월부터 시작한 온라인 가구구독미공은 웹을 통해 현재까지 약 400여건 넘게 계약이 체결했다. 더불어 국내 가구구독에 대한 수요에 따라 프리미엄·디자인 가구 외에도 가전, 소품까지 브랜드와 상품의 범위를 늘려왔다. 최근건설사 주거서비스부터 기업 라운지, 에어비엔비에 이르기까지 다양하게...",https://www.venturesquare.net/828283,
11394,건설미공,"[더벨]현대건설, 커뮤니티 시설도 '고급화 전략'",이사·하우스키핑업체인 '유라이프'를 비롯해 △가구·조명 구독 '미공' △간편식 '현대그린푸드' △입시컨설팅 '더튜터입시컨설팅' △공유차량 '쏘카' 등이 현대건설이 주거 서비스의 고급화 차원에서 업무협약을 맺은 기업들이다. 주거 서비스를 고급화하는 과정에서 커뮤니티 시설도 일부 영향을 받기도...,https://www.thebell.co.kr/free/content/ArticleView.asp?key=202305241508445960101130,
11394,건설미공,"현대건설, 원스톱 '디에이치 모바일 서비스 플랫폼' 출시","■ 입주민 삶의 질을 향상시키기 위한 9개 카테고리의 다양한 컨시어지 서비스 지속 제공 현대건설은 작년부터 입주민 대상의 주거서비스를 확대하고자 지속적으로 생활 서비스 브랜드와 제휴를 추진해 왔다. 일상생활에 필요한 이사/하우스키핑 서비스(유라이프), 가구/조명 구독 서비스(미공), 건강관리...",http://www.ikld.kr/news/articleView.html?idxno=246310,
11394,건설미공,"[12일 낙찰/계약 동향] 한국저작권보호원 디지털포렌식센터 구축 사업, 광주중...","▲ 낙찰업체 : 주식회사건설미공, 계약금액 : 40,703,600(원), 계약명 : 엑스포기념관 공무직 사무실 조성 건축공사. 계약기관 : 대전마케팅공사, 계약일자 : 2019-11-06, 계약방법 : 수의계약, 발주처(수요기관) : 대전마케팅공사, 계약 : 주식회사건설미공- 대전마케팅공사 (엑스포기념관 공무직 사무실 조성...",http://www.fintechpost.co.kr/news/articleView.html?idxno=87469,
11394,건설미공,"법무보호복지공단울산지부, 제16회 플라타너스결혼식 거행","호계온천헬스 대표, 윤주원미공건설대표, 곽경연(주부), 김종문 김종문세무회계사무소 대표, 최병호 은하유통 대표, 최영혜 문수시스템 대표, 구림정 황금알공인중개사 부장, 박태훈 미래휴먼정수기 울산지점 대표, 김향숙 정관장 홍삼 울산지사장, 윤경훈(울산구치소 교정공무원) 전용모 로이슈(lawissue) 기자",http://www.lawissue.co.kr/view.php?ud=2020112615474634759a8c8bf58f_12,
11394,건설미공,"서대문세무서 ""어려움 속에서 더욱 꼿꼿한 우리지역 성실납세인""","삼정건설미공대표 이인숙, 새로문화 대표 배성만, 세무서장 표창 (주)한솔셔츠 대표 이응제, (주)우인메디텍 대표 함철훈, 기준건설(주) 대표 성기홍, 주식회사 토우디자인 대표 최완숙, 서부한의원 원장 이명진, 선진전기공사 대표 신태주 등이 각각 수상의 영예를 안았다. 세정협조자 부문에선 유창사 이증구...",http://www.intn.co.kr/news/articleView.html?idxno=591316,
11394,건설미공,올해 양구에 무슨 일이?… 10대 뉴스 뽑는다,"10대 뉴스 후보로는 박수근미술상 제정, 남면 송우리 대형 산불, 동서고속화철도건설확정, 박수근 화백미공개작 '귀로' 박수근미술관에서 공개, 통합상수도 준공, 사단 직접입영제 시행, LPG배관망 구축사업 확정, 양록장학기금 100억 원 돌파 등 총 28가지에 이른다. 군 관계자는 ""올해 주민들로부터 큰...",http://www.shinailbo.co.kr/news/articleView.html?idxno=546769,
11394,건설미공,[양구소식]10대 뉴스 오프라인 의견 접수 등,10대 뉴스 후보로는 ▲ 박수근미술상 제정 ▲ 남면 송우리 대형 산불 ▲ 동서고속화철도건설확정 ▲ 박수근 화백미공개작 ‘귀로’ 박수근미술관에서 공개 ▲ 통합상수도 준공 ▲ 사단 직접입영제 시행 ▲ LPG배관망 구축사업 확정 ▲ 양록장학기금 100억 원 돌파 등 총 28가지에 이른다. ◇ 농업 관련...,http://www.newsis.com/ar_detail/view.html?ar_id=NISX20161220_0014593318&cID=10805&pID=10800,
11394,건설미공,[신설법인 현황] (2003년 3월31일~4월5일) 부산,영화제작업) 우2동 센텀시티138의4*미공엠지종합건설(하용석.1050.건축공사업) 학장동 486의3*미부유니텍(신영숙.50.선박의장품제작업) 구평동 388의3*밀성기업(천병재.50.건물종합관리업) 괘법동 549의11*박진(박은표.50.잡화무역) 광안3동 77의43*부산은성관광(장영둘.150.전세여객자동...,https://n.news.naver.com/mnews/article/015/0000606542?sid=101,
11394,건설미공,[표] 신설법인 (2월27일~3월5일)...서울(무역/서비스),548-3미공건설기계 김호중 50건설기계 대여 / 양평동1가 106-3 싸일로먼플래너스 차신탁 100 국제회의 기획 / 도곡2동 467-24 우성캐릭터 199 에이팩스티 구자형 2226 금융컨설팅 / 논현2동 234-27 명진빌딩 케이케이 지하1층 202호 건통앤터프라이스 이기영 150 공연물 제작ㆍ흥행알선 / 도곡1동 955-5...,https://n.news.naver.com/mnews/article/009/0000098677?sid=101,
