company_id,company_name,news_title,news_text,news_url,posted_at
11090,다나통상,"22대 국회, 벤처·반도체 날개다나…의제 이끌 주인공은",과학·바이오 분야 전문가로 영입된 최수진 당선자는 현재 산업통상자원중소벤처기업위원회 배치를 희망하고 있다. 그는 바이오·AI(인공지능) 산업 활성화와 R&D(연구개발) 시스템 효율화 등을 목표로 의정활동을 펼칠 예정이다. 최 당선자는 본지에 “저는 사이언스(science)보단 기술 산업을 많이 다뤘다”며...,https://www.etoday.co.kr/news/view/2356935,
11090,다나통상,"신사업 속도 내는 SK에코플랜트, SK하이닉스 투자로 '날개'다나","통상건설업계에서는 부채비율이 200%를 초과하면 위험, 300%를 넘으면 고위험으로 본다. 다만 지난 2022년 말(256%)과 비교하면 다소 개선됐다. 외형은 커지고 있지만 영업이익 개선도 마냥 쉽지만은 않다는 분위기다. 환경부문의 지난해 매출은 1조3569억원으로 전년(9816억원) 대비 38.2% 성장했지만...",http://www.dailyimpact.co.kr/news/articleView.html?idxno=115758,
11090,다나통상,"[KITAS 2013 영상]다나통상, 휘어지는 방탄필름 'Newsplus Bullet Film'","스마트폰 액세서리 전문기업다나통상(대표 이종수, www.redduckling.com)은 5월 2일(목)부터 4일(일)까지 서울 SETEC에서 열리는 'IT 액세서리.주변기기전 2013(KITAS 2013)'에 참가해 휘어지는 방탄필름 'Newsplus Bullet Film'을 소개했다. 한편, 이번 KITAS 2013 전시장에서는 IT기기의 액세서리 및...",http://kr.aving.net/news/view.php?articleId=670081&Branch_ID=kr&rssid=naver&mn_name=news,
11090,다나통상,"정대진통상차관보, 요르단 산업통상공급부 차관 면담",정대진 산업통상자원부통상차관보가 31일 서울 중구 웨스틴조선호텔에서다나알 주비 요르단 산업통상공급부 차관과 면담을 하고 있다. (사진=산업통상자원부 제공) 2023.08.31. photo@newsis.com *재판매 및 DB 금지 공감언론 뉴시스가 독자 여러분의 소중한 제보를 기다립니다. 뉴스 가치나 화제성이...,http://www.newsis.com/view/?id=NISI20230831_0020016866,
11090,다나통상,"[인터뷰]다나통상, 빨간오리 스마트폰 선풍기를 말한다","요즘 뜨고 있는 스마트폰 관련 시장에서다나통상이 내놓은 ‘빨간오리 스마트폰 선풍기’가 각광받는 중이다. 무더운 여름철, 스마트폰에 연결하는 것만으로 시원한 바람을 보내주는 이 제품과 관련해서다나통상박창호 과장과 인터뷰를 진행해보았다. Q:다나통상은 어떤 회사인가요? 간단한 소개를...",http://www.betanews.net/article/638979,
11090,다나통상,"[단독] 한국석유공사 ""英다나페트롤리엄, 정부 차원 정기적 조사""","산업통상자원부에 따르면, 지난 2020년 기준 한국석유공사가 투자한다나페트롤리엄의 투자 대비 회수액은 22억2,500달러 수준에 불과한 것으로 집계됐다. 이에 따라 한국석유공사는다나페트롤리엄에 대한 매각작업을 꾸준히 시도해왔다. 특히 지난해 7월 새 정부가 들어서면서 재무 정상화 방안에...",http://www.todaykorea.co.kr/news/articleView.html?idxno=305143,
11090,다나통상,"‘돈 먹는 하마’된 하베스트·다나…석유공사, 매각작업 ‘난항‘","산업통상자원부 등에 따르면 2020년 기준 석유공사가 투자한 하베스트와다나의 투자대비 회수액이 각각 3400만달러, 22억2500달러 수준에 불과한 것으로 집계됐다. 하베스트의 최근 5년간 누적 손실액은 1조3848억원에 달하는 것으로 추산되고 있다. 석유공사는 부실기업으로 전락한 하베스트와다나에 대한...",https://www.ceoscoredaily.com/page/view/2022122115075121141,
11090,다나통상,"[MJ포토] 제8회 한국경제문화대상 생활안전 부문,다나윤승열 대표이사",생활안전 부문 대상 수상자 (주)다나윤승열 대표이사 (C) 이대웅 기자 28일 오후 서울 서초구 양재동 aT센터 그랜드홀에서 개최된 '2021... (C) 이대웅 기자 한국경제문화대상을 주최한 한국경제문화연구원은 산업통상자원부 등록 비영리 민간단체로 지난 2014년 대한민국창조신지식인대상으로 첫 시상식을...,http://www.mhj21.com/148214,
11090,다나통상,"[KITAS 2012 현장]다나통상, 디자인 특허 받은 워머 터치장갑 '빨간오리' 전...",스마트폰 액세서리 전문기업다나통상은 7월 26일(목)부터 28일(토)까지 3일간 서울 세텍(SETEC)에서 열리는 'IT 액세서리·주변기기전 2012(KITAS 2012)'에 참가해 특허받은 디자인의 스마트폰 전용 장갑 '빨간오리' 를 선보였다. (사진설명 :다나통상의 스마트폰 전용 장갑 '빨간오리')다나통상의 스마트폰...,http://kr.aving.net/news/view.php?articleId=269750&Branch_ID=kr&rssid=naver&mn_name=news,
11090,다나통상,HD현대 날개다나...넷제로 법 통과로 암모니아 선박 탄력,"◇40개 개별법 정리해야 =산업통상자원중소벤터기업위원장(산자위원장) 이재정(더불어민주당) 의원을 ""미국과 유럽연합 등 주요국들은 탄소 포집 및 저장(CCUS) 산업의 주도권과 경쟁력을 확보하기 위한 법적·제도적 기반을 확립했지만 우리나라는 CCUS 관련 통합법이 없어 기업이 40여개의 개별법을...",https://www.greened.kr/news/articleView.html?idxno=310898,
