company_id,company_name,news_title,news_text,news_url,posted_at
6806,아이티에스코,"MIT, 무궁화인포메이션테크놀로지·아이티에스코소규모 합병","MIT(038340)는 계열사 무궁화인포메이션테크놀로지와아이티에스코가 소규모 합병을 결정했다고 21일 공시했다. 합병회사인 무궁화인포메이션테크놀로지가 존속하고, 피합병회사인아이티에스코는 소멸한다. 무궁화인포메이션테크놀로지와아이티에스코는 1대 0이다. 이번 합병은 피합병법인의 주식에...",http://www.edaily.co.kr/news/newspath.asp?newsid=02328806635676816,
6806,아이티에스코,"IBK투자증권, 파생상품 운영시스템에아이티에스코심포니 선정",IBK투자증권이 자본시장 및 장외파생상품 운영시스템으로아이티에스코(대표 박종곤)의 ‘심포니’ 시스템을 선정했다. 7일 IBK투자증권은 자본시장통합법 발효에 대응하여 IB 업무 강화를 위해 장외파생상품 개발 및 판매를 위한 현업업무와 후선업무 전산시스템에아이티에스코(ITS)의...,http://www.ddaily.co.kr/news/news_view.php?uid=46694,
6806,아이티에스코,"아이티에스코, KB투자증권에 파생상품 시스템 '심포니' 공급",아이티에스코(www.its.co.kr 대표 박종곤)는 KB투자증권이 자본시장 및 장외파생상품 운영시스템으로 자사의 '심포니'를 선정했다고 15일 밝혔다. KB투자증권은 IB 강화를 위해 장외파생상품 개발 및 판매를 위한 현업업무와 후선업무 전산시스템에아이티에스코의 ‘심포니’를 적용키로 하고 최종...,http://www.ddaily.co.kr/news/news_view.php?uid=44985,
6806,아이티에스코,"아이티에스코, HMC투자증권에 파생상품 운영시스템 공급",아이티에스코(www.its.co.kr 대표 박종곤)는 HMC투자증권이 자본시장 및 장외파생상품 운영시스템으로 자사의 '심포니'를 선정했다고 3일 밝혔다.아이티에스코는 HMC투자증권에 ▲FDK-e(금융공학 및 리스크 엔진) ▲EQD(주식 및 주식파생상품) ▲IRD(채권 및 금리파생상품) ▲FXD(외환 및 외환파생상품)...,http://www.ddaily.co.kr/news/news_view.php?uid=43623,
6806,아이티에스코,"[공시]유씨아이,아이티에스코주식 51억원어치 취득…“신사업 진출 목적”",UCI(유씨아이)는아이티에스코의 주식 192만4812주를 약 51억원에 취득한다고 7일 공시했다.아이티에스코는 시스템 소프트웨어 개발 및 공급업을 영위하는 업체다. 주식 취득 뒤 유씨아이의아이티에스코지분율은 50.99%가 된다. 주식 취득 예정일은 13일이다. 유씨아이 측은 이번 주식취득 목적에...,https://www.dnews.co.kr/uhtml/view.jsp?idxno=202212071713530910811,
6806,아이티에스코,[창간 5주년 축사] 박종곤아이티에스코사장,"분석과 해설로 IT 종사자는 물론 일반인들에게 보다 많은 정보를 전달해 주시기를 바랍니다. 특히, 급변하는 IT 및 SW 산업의 동향을 정확한 언론의 시각으로 전달함으로써 언제나 국내 IT 및 SW 산업의 든든한 동반자가 되어 주시기를 기대하며 다시 한 번 창간 5주년을 축하드립니다. 박종곤아이티에스코사장",http://www.ddaily.co.kr/news/news_view.php?uid=63228,
6806,아이티에스코,[창간축사]아이티에스코박종곤 대표,심층적인 분석과 해설로 IT 종사자는 물론 일반인들에게 보다 많은 정보를 전달해 주시기를 바랍니다. 급변하는 IT 및 SW 산업의 동향을 정확한 언론의 시각으로 전달함으로써 언제나 국내 IT 산업의 든든한 동반자가 되어 주시기를 기대하며 다시 한 번 창간 3주년을 축하드립니다.아이티에스코대표 박종곤,http://www.ddaily.co.kr/news/news_view.php?uid=37654,
6806,아이티에스코,"UCI,아이티에스코지분 50.99% 취득 결정",UCI는 시스템 소프트웨어 개발업체아이티에스코주식 192만4812주(50.99%)를 현금 취득하기로 결정했다고 7일 공시했다. 취득금액은 51억75만원으로 이는 자기자본대비 12.99%에 해당하는 규모이다. 취득 예정일자는 오는 13일이다. 회사측은 “경영권 인수해 신규사업 진출을 위한 것”이라고 밝혔다.,http://news.heraldcorp.com/view.php?ud=20221207000676,
6806,아이티에스코,[IFRS 세미나]아이티에스코장창수 이사,"▲아이티에스코장창수 이사가 19일 은행연합회관 국제회의실(서울 명동)에서 개최된 'IFRS 대응을 위한 IT전략 특별세미나'에서 금융의 국제화 추세로 금융상품의 다양화, 복잡화가 되는 상황에서 IFRS시스템의 필요성을 설명하고 있다. 장 이사는 ""IFRS 시스템 구축시 처음부터 만들면 많은 시간과...",http://www.ddaily.co.kr/news/news_view.php?uid=47125,
6806,아이티에스코,"[2008년 IT혁신상품]아이티에스코, '심포니'",심포니(Symphony) 시스템은 모든 금융상품에 적용하는 각종 금융수리엔진(Financial Numeric Engine)을 기반으로 동일한 플랫폼에서 다양한 금융상품 업무를 처리할 수 있는 종합 금융상품 솔루션이다. 이 제품은 자본시장 시스템(Capital Market System) 또는 장외파생상품 시스템(OTC Derivatives System)으로...,http://www.ddaily.co.kr/news/news_view.php?uid=45339,
