company_id,company_name,news_title,news_text,news_url,posted_at
11832,크린비디자인,"[직격인터뷰] 이인덕 참스토리(크린비) 대표 ""건강한 100세 시대 위해 친환경...","이 대표는 현재크린비(안전세제), 참스토리오리지널(가성비 좋은 세제) 등 2가지 브랜드를 론칭, 30여 종의 관련 제품을 생산 유통하고 있다. ""처음 세제에... 앞으로 신 작가와 머리를 맞대 제품 패키지디자인등도 하고 싶어요."" 코로나 등으로 개인위생에 관심이 높아지는 상황에 주방세제 전문기업 대표로서의...",http://www.weeklytoday.com/news/articleView.html?idxno=190265,
11832,크린비디자인,"""코로나 시대 맞는 소비자 욕구를 충족하라""","언택트 시대 : 콘텐츠, 새로운 소비자를 욕망하다 김상욱 외 9인 /크린비디자인전 세계에 창궐한 신종 코로나바이러스 감염증(코로나19)은 유례없는 사회적 거리두기를 강제하면서 현대인의 삶을 송두리째 바꿔놓았다. 특히 사람들이 서로 접촉을 최소화하는 '언택트' 문화가 확산돼 국내외 산업 전반에 큰...",http://www.ibulgyo.com/news/articleView.html?idxno=207761,
11832,크린비디자인,[Book] 가치 논의로 다시 시작하는 경제학,"언택트 시대 - 콘텐츠, 새로운 소비자를 욕망하다 김상남 김상욱 김은경 외 지음/크린비디자인/ 1만6000원 쏟아지는 콘텐츠 속에서 소비자들은 자기가 좋아하는 것을 골라 즐기고, 더불어 개인 맞춤형 콘텐츠와 큐레이션 또한 늘어나고 있다. 게다가 소비자들은 주어지는 콘텐츠를 소비하는 것에 머물지 않고...",http://news.mk.co.kr/newsRead.php?no=1046386&year=2020,
11832,크린비디자인,이주의 새책 (8월 8일자),크린비디자인펴냄. ◆ 히사이시 조의 음악일기 / 히사이시 조 지음 / 박제이 옮김 / 1만5000원 '이웃집 토토로' '하울의 움직이는 성' 등 오랜 세월 사랑받는 영화에 음악을 입힌 영화음악가인 히사이시 조의 음악 에세이. 책세상 펴냄. ◆ 브랜드 브랜딩 브랜디드 / 임태수 지음 / 1만4000원 다양한 브랜드를...,http://news.mk.co.kr/newsRead.php?no=812408&year=2020,
11832,크린비디자인,"[책마을] 인공지능과 빅데이터, 지나간 시간을 소환하다","아침에 눈을 뜨면 스마트폰으로 뉴스를 보거나 SNS를 확인한다. 출퇴근길에도 잠들기 전까지도 마찬가지다. 틈틈이 재밌는 영상이나 드라마 등도 찾아본다. 콘텐츠 소비가 곧 일상이 된 것이다. 그런데 사람마다 즐겨 보는 콘텐츠, 즐겨 찾는 플랫폼은 각각 다르다. 콘텐츠 공급자들은 과거의 획일적인 공급...",https://www.hankyung.com/life/article/2020080613471,
11832,크린비디자인,"[경제신간]콘텐츠, 새로운 소비자를 욕망하다","소비자도, 콘텐츠도 진화한다 ■콘텐츠, 새로운 소비자를 욕망하다(김상남 외 지음,크린비디자인펴냄)=코로나 19를 계기로 사람들이 서로 접촉을 피하는 ‘언택트’ 문화가 확산하고 있는 가운데 콘텐츠 시장과 소비자가 어떻게 적응하고 변화할 지를 살펴본 책이 나왔다. 콘텐츠 정책, 미디어, 공연, 게임...",https://www.sedaily.com/NewsView/1Z6H38KOQW,
11832,크린비디자인,'4차 산업혁명' 아직도 모르겠다고요?,김상욱 지음/ (주)크린비디자인이와 더불어 급격히 변하는 디지털 매체환경에서 문화콘텐츠와 4차산업혁명을 접목한 신간도 주목된다. 동국대 영상대학원에서 문화콘텐츠학으로 박사학위를 취득한 김상욱 문화체육관광부 콘텐츠정책관은 최근 펴낸 <4차산업시대의 문화콘텐츠산업>을 통해 “기술적...,http://www.ibulgyo.com/news/articleView.html?idxno=158305,
11832,크린비디자인,합리적이지 않은 문화콘텐츠 소비의 원리는,신간 '4차산업시대의 문화콘텐츠산업'(크린비디자인펴냄)은 문화콘텐츠 소비에서는 이 같은 행동경제학의 원리가 소비자 구매 행동에 더욱 지배적으로 작용할 수 있다고 지적한다. 문화콘텐츠는 필수품이 아닌 기호품이라 개인의 취향이나 심리적인 요인이 가격보다 훨씬 더 중요하다는 것이다. 인기 TV...,http://app.yonhapnews.co.kr/YNA/Basic/SNS/r.aspx?c=AKR20170404166700005&did=1195m,
11832,크린비디자인,[스트레스]어떻게 풀까?,살사 댄스 동호회 ‘살사 플라넷’을 운영하고 있는 남인철(45`크린비디자인대표)씨는 “라틴음악이 아프리카 스타일의 리듬이라 원시적이고 사람들의 몸에 가장 적합하다”고 소개했다. 남씨는 “요즘은 직장인 사이에 술문화도 많이 사라졌다”며 “스트레스를 풀 만한 놀이문화가 별로 없는 상황에서...,http://www.imaeil.com/sub_news/sub_news_view.php?news_id=27587&yy=2009,
