company_id,company_name,news_title,news_text,news_url,posted_at
3650,도농문화콘텐츠연구회,수원서 경기미로 만드는 '전국 K-푸드 김밥대전' 열려,'밥맛 좋은 경기미로 만드는 세계인의 김밥'이라는 주제로 경기도가 주최하고도농문화콘텐츠연구회가 주관한 이번 행사에는 참가 신청한 내·외국인 98개팀 가운데 29개팀이 본선에 진출해 경연을 펼쳤다. 이 가운데 '된장열무누룽지 김밥'을 요리한 이나영 씨 팀이 독특한 아이디어와 상품화 가능성을 인정받아...,https://www.yna.co.kr/view/AKR20240429131800061?input=1195m,
3650,도농문화콘텐츠연구회,우리에게 필요한 21세기형도농상생,"(사)도농문화콘텐츠연구회의 '얼굴있는 농부시장(얼장)', 서울 금천구 건강한농부 사회적협동조합의 '화들장', 농부시장 '마르쉐' 등의 장터는 농민과 도시민이 만나는 귀한 장이다. 시민사회의도농상생 노력은 농촌에 엄청난 빚을 진 대한민국의 수도, 서울도 움직였다. 서울시는 2016년 '서울시...",http://www.ikpnews.net/news/articleView.html?idxno=49001,
3650,도농문화콘텐츠연구회,"대림산업-도농문화콘텐츠연구회, 파머스마켓 운영 MOU 체결","대림산업-도농문화콘텐츠연구회, 파머스마켓 운영 MOU 체결 대림산업과도농문화콘텐츠연구회는 22일 서울 종로구 대림산업 본사에서 사업협력을 위한 양해각서(MOU)를 체결했다고 밝혔다. 대림산업은 이번 사업협력을 통해 대림이 보유하고 있는 상업시설 등에도농문화콘텐츠연구회의 청년 파머스마켓인...",http://www.viva100.com/main/view.php?key=20180622010007269,
3650,도농문화콘텐츠연구회,"[건설오늘]대림산업-도농문화연구회, 사업협력 MOU 체결…유진기업, 레미콘공...","대림산업-도농문화콘텐츠연구회, 사업협력 양해각서 체결 대림산업은 22일도농문화콘텐츠연구회와 사업협력을 위한 양해각서를 체결했다고 밝혔다. 이번 사업협력으로 대림산업은 보유 상업시설 등에도농문화콘텐츠연구회의 청년 파머스마켓 '청년얼장'을 정기 운영할 계획이다. 경기 용인 처인구에 위치한...",http://www.sisaon.co.kr/news/articleView.html?idxno=74459,
3650,도농문화콘텐츠연구회,농촌문화콘텐츠개발해도농교류 사업 추진,농기원은 지난해 말 도시농업인을 위한 '텃밭 달력'을 제작하면서도농문화콘텐츠연구회와 인연을 맺게 돼 이번 협약에 이르게 됐다. 이번 협약에 따라 농업기술원은 농기원이 보유한 농업기술과 연구성과 등을 제공하고도농문화콘텐츠연구원은 이를 토대로문화예술을 가미한 새로운콘텐츠를 제작하게 된다....,http://www.kihoilbo.co.kr/news/articleView.html?idxno=501214,
3650,도농문화콘텐츠연구회,“도농협동운동을 범국민운동으로 발전시키자”,업무협약에는 자생의료재단·한국문인협회·한국여성문학인회·서울특별시여성단체연합회·도농문화콘텐츠연구회·CJ제일제당·매일유업·바이네르·키츠닷컴·케이피커뮤니케이션·삼원지맘 등 11곳이 참여했다. 이에 따라 2016년 업무협약에 동참한 곳은 18곳으로 늘었다. 연수원은 2017년까지 업무협약...,http://www.nongmin.com/article/ar_detail.htm?ar_id=271796,
3650,도농문화콘텐츠연구회,“김밥 고수 모여라~” 제1회 K푸드 김밥대전 참가자 모집,도농문화콘텐츠연구회대회 관계자는 “가평잣김밥·여주고구마김밥·경기인삼김밥·안산포도김밥·경기한우김밥 등 경기미와 경기 특산물의 매력을 잘 알리고 창의성이 돋보이는 김밥으로 많은 참가 부탁드린다”고 말했다. 참가 자격은 K-푸드에 관심 있는 모든 사람(~2008년 출생자까지)으로 내국인...,https://www.skyedaily.com/news/news_view.html?ID=225945,
3650,도농문화콘텐츠연구회,[대회돋보기] 경기도 전국 K푸드 김밥대전,"대회는 내국인 부문과 외국인 부문으로 나눠 진행한다. 4월 11일 예선을 통해 30개 팀을 선발하고, 4월 28일 본선에서 최종 우승자를 가린다. 경기도는 대상팀에 경기도지사상과 함께 상금 300만 원을 지급하는 등 총 8팀에게 950만원의 상금을 수여한다. 대회는 사단법인도농문화콘텐츠연구회가 주관한다.",http://www.wflower.info/news/article.html?no=9406,
3650,도농문화콘텐츠연구회,농업·농촌문화 콘텐츠개발에 손잡았다,"경기도농업기술원(원장 임재욱·사진 왼쪽)은 최근도농기원에서 (사)도농문화콘텐츠경기연구회(회장 홍천기·〃 오른쪽)와 ‘농업·농촌문화 콘텐츠개발 및 협력을 위한 업무협약’을 체결했다. 이번 협약에 따라도농기원은 자체 보유한 농업기술과 연구성과 등을 제공하고,도농문화콘텐츠연구원은 이를...",http://www.nongmin.com/article/ar_detail.htm?ar_id=214409&subMenu=articletotal,
3650,도농문화콘텐츠연구회,‘올해 최고 가양주(家釀酒) 주인(酒人)은’,"(도농문화콘텐츠연구회제공) 우리나라 가양주(家釀酒·집에서 빚은 술) 주인(酒人)을 선발하는 ‘제14회 전국가양주주인선발대회 본선 경연’이 의성군 로컬푸드 직매장에서 지난 9일 개최됐다. 이번 대회는 의성군이 주최하고,도농문화콘텐츠연구회가 주관했다. 의성군에서 두 번째로 개최되는 이번...",http://www.kukinews.com/newsView/kuk202309120118,
