company_id,company_name,news_title,news_text,news_url,posted_at
4932,유진시스템즈,"동원시스템즈, 배터리 사업에 드라이브…성장 가시성↑-유진","유진투자증권은 동원시스템즈의 배터리 관련 매출액이 작년 305억원에서 올해 550억원, 내년에는 1000억원에 달할 것으로 예상했다. 한 연구원은 ""올해까지는 배터리 부문이 영업적자를 기록해서 전사 이익률에 기여하지 못하지만, 내년부터는 배터리 발 이익률 증가가 시작될 것""이라며 ""기존 본업에서 현금을...",http://www.inews24.com/view/1697022,
4932,유진시스템즈,"동원시스템즈우, 주가 급등…4680 배터리 캔 공급에 주목","한편유진투자증권은 동원시스템즈가 배터리 사업을 신성장 동력으로 선정했다며, 중장기 투자 매력이 높다고 평가했다. 실적 역시 견조한 성장세를 보일 것이라는 분석이다. 투자의견 '매수', 목표주가 5만원을 유지했다. 한병화유진투자증권 연구원은 ""동원시스템즈는 기존 음식료 포장 사업에 배터리...",http://www.thebigdata.co.kr/view.php?ud=202404020429027201cd1e7f0bdf_23,
4932,유진시스템즈,유진테크놀로지 주가 훨훨...수주확대로 영업이익 3배 '껑충',한편 이날 오후 2시 13분 현재 2023 하반기 신규상장 관련주인 파로스아이바이오 제이엔비 크라우드웍스 워트 빅텐츠 비아이매트릭스 큐리옥스바이오시스템즈에코프로머티유진테크놀로지 파두 퓨릿 아이엠티 아이엘티 두산로보틱스 파로스아이바이오 큐리옥스바이오시스템즈시지트로닉스 시큐레터 빅텐츠...,https://www.pinpointnews.co.kr/news/articleView.html?idxno=255433,
4932,유진시스템즈,"[TECH한주] 동원시스템즈, 참치캔에서 이차전지로","▶ 탄소중립, 자동차의 전동화는 필수…중장기 성장 기대감유진투자증권은 올해 동원시스템즈의 매출액은 1조4000억원으로 전년대비 12% 증가할 것으로 예상했습니다. 본업인 아셉틱 부문(용기에 내용물을 무균상태로 충전하는 방식)의 증설 라인이 1분기 말부터 가동되고, 전년 부진했던 제관, 유리병 등의...",https://www.epnc.co.kr/news/articleView.html?idxno=241518,
4932,유진시스템즈,"동원시스템즈, 주가 급등…커지는 '원통형 배터리 캔' 기대감","유진투자증권은 동원시스템즈가 배터리 사업을 신성장 동력으로 선정했다며, 중장기 투자 매력이 높다고 14일 평가했다. 실적 역시 견조한 성장세를 보일 것이라는 분석이다. 투자의견 '매수', 목표주가 5만원을 유지했다. 한병화유진투자증권 연구원은 ""동원시스템즈는 기존 음식료 포장 사업에 배터리...",http://www.thebigdata.co.kr/view.php?ud=202403190618259621cd1e7f0bdf_23,
4932,유진시스템즈,유진테크 주가 신바람...미세 공정 투자 증가로 하반기 실적 반등,반도체 전공정 장비 업체유진테크 주가가 들썩이고 있다. 16일 한국거래소에 따르면 전 거래일 7.04% 올라 5만 1700원에 거래를 마감했다. 주가는 장기... 로체시스템즈싸이맥스 엑시콘 제이엔비 그린리소스 한양이엔지 씨앤지하이테크 에이티피씨 케이엔솔 서진시스템 위드텍 지앤비에스 에코 저스템...,https://www.pinpointnews.co.kr/news/articleView.html?idxno=259306,
4932,유진시스템즈,"2차전지 소재·부품 관련주, '봄바람' 한농화성·상신이디피·동원시스템즈·...","7일 한국거래소에 따르면 한농화성, 상신이디피, 동원시스템즈, 금양, 켐트로스, 애경케미칼, 메가터치는 상승했다. 한농화성과 상신이디피와... 동화기업,유진테크놀로지, 솔브레인, 덕산테코피아, 대한유화, 에이에프더블류, 광무, 엔켐, 솔브레인홀딩스, 신성에스티, 에코앤드림 등은 하락했다....",https://www.pointdaily.co.kr/news/articleView.html?idxno=192994,
4932,유진시스템즈,큐리옥스바이오시스템즈주가 훨훨... 세포분석 공정 자동화 솔루션 강자 주목,전 거래일 2023 하반기 신규상장 관련주인 큐리옥스바이오시스템즈에코프로머티유진테크놀로지 파두 퓨릿 아이엠티 아이엘티 두산로보틱스 파로스아이바이오 큐리옥스바이오시스템즈시지트로닉스 시큐레터 빅텐츠 버넥트 율촌 큐로셀 에코아이 한썩 컨텍 한선엔지니어링 필에너지 레뷰코퍼레이션...,https://www.pinpointnews.co.kr/news/articleView.html?idxno=234010,
4932,유진시스템즈,시지트로닉스 주가 훨훨...센서 소자 신제품 준비 중 4분기 흑자 전환 기대,한편 전 거래일 2023 하반기 신규상장 관련주인 뷰티스킨 파로스아이바이오 제이엔비 크라우드웍스 워트 빅텐츠 비아이매트릭스 큐리옥스바이오시스템즈에코프로머티유진테크놀로지 컨텍 파두 퓨릿 아이엠티 아이엘티 두산로보틱스 파로스아이바이오 큐리옥스바이오시스템즈시지트로닉스...,https://www.pinpointnews.co.kr/news/articleView.html?idxno=264594,
4932,유진시스템즈,뷰티스킨 주가 껑충... 국내 화장품 기업 수출 다변화로 실적개선,한편 이날 오후 2시 10분 2023 하반기 신규상장 관련주인 뷰티스킨 파로스아이바이오 제이엔비 크라우드웍스 워트 빅텐츠 비아이매트릭스 큐리옥스바이오시스템즈에코프로머티유진테크놀로지 컨텍 파두 퓨릿 아이엠티 아이엘티 두산로보틱스 파로스아이바이오 큐리옥스바이오시스템즈시지트로닉스...,https://www.pinpointnews.co.kr/news/articleView.html?idxno=264532,
