company_id,company_name,news_title,news_text,news_url,posted_at
10902,유엔에스,"한국유나이티드제약-유엔에스바이오, 전북대병원과 흡입제형 신약개발 추진",한국유나이티드제약과유엔에스바이오는 전북대학교병원 의생명연구원과 전북대학교 기도표적치료제 개발 연구소와 함께 통합기도표적치료기술 개발을 위한 공동연구 업무협약을 체결했다고 3일 밝혔다. 이번 협약은 산학병 각 분야의 전문 기술과 네트워크를 결합하여 호흡기 질환 약물 분야에서의 혁신적인...,https://www.donga.com/news/Health/article/all/20240503/124773647/1,
10902,유엔에스,"한국유나이티드제약-유엔에스, 전북대와 흡입제형 신약 개발 협약","한국유나이티드제약과유엔에스바이오는 30일, 전북대학교병원 의생명연구원·전북대학교 기도표적치료제 개발 연구소와 함께 통합기도표적치료기술 개발을 위한 공동연구 업무협약을 맺었다고 밝혔다. 한국유나이티드제약은 이번 협약을 통해 호흡기 질환 약물 분야에서의 혁신적인 신약 개발 가능성을...",http://www.wowtv.co.kr/NewsCenter/News/Read?articleId=A202405020168&t=NN,
10902,유엔에스,"유나이티드제약-유엔에스바이오-와이바이오 ""ADC 항암제 개발""",한국유나이티드제약과유엔에스바이오는 25일 항체 신약 개발 기업 와이바이오로직스와 신규 항체-약물 접합체(ADC) 항암제 개발을 위한 양해각서를 체결했다고 밝혔다. ADC는 항체(antibody)와 약물(drug·payload)이 링커(linker)라는 연결물질로 화학적으로 결합한 형태의 항암제다. 협약에 따라...,https://www.yna.co.kr/view/AKR20240425109600017?input=1195m,
10902,유엔에스,"유엔에스코리아 인스파이어 엔터테인먼트 리조트 보안팀, 가정의달 맞이하여 ...",유엔에스코리아의 인스파이어 엔터테인먼트 리조트 보안팀은 5월 3일 어린이날을 맞이하여 인천시 영종도에 있는 아동보육센터 디차힐을 방문하여 생필품등의 후원물품과 사랑의 성금을 전달식을 진행했다고 밝혔다. 이날 아동들의 쾌적한 생활 환경을 위해 아이들과 함께 놀이 형식으로 행사를 진행하며...,https://www.siminilbo.co.kr/news/newsview.php?ncode=1160283620505534,
10902,유엔에스,"한국유나이티드-유엔에스, 전북대와 흡입제형 신약 개발 협약","한국유나이티드제약(대표 강덕영)은유엔에스바이오(대표 강원호)와 함께 지난달 30일, 전북대학교병원 의생명연구원과 전북대학교 기도표적치료제 개발 연구소와 함께 통합기도표적치료기술 개발을 위한 공동연구 업무협약을 맺었다고 2일 밝혔다.회사는 이번 협약으로 산/학/병 각각의 전문 기술과 네트워크가...",http://www.yakup.com/news/index.html?mode=view&cat=12&nid=293832,
10902,유엔에스,"한국유나이티드제약-유엔에스바이오, 흡입제형 신약 개발 추진","업무협약식 사진(왼쪽부터 고명환 전북대병원 의생명연구원장, 이용철 전북대학교 기도표적치료제 개발 연구소장, 강원호 한국유나이티드제약 및유엔에스바이오 대표) 한국유나이티드제약(대표 강덕영)과유엔에스바이오(대표 강원호)는 지난 달 30일 전북대학교병원 의생명연구원과 전북대학교...",http://www.bokuennews.com/news/article.html?no=243663,
10902,유엔에스,"유나이티드제약·유엔에스바이오·와이바이오, ADC 항암제 개발 협력","최근 한국유나이티드제약,유엔에스바이오, 와이바이오로직스가 신규 항체약물접합체(ADC) 항암제 개발을 위해 협약을 맺었다. 한국유나이티드제약 한국유나이티드제약과유엔에스바이오, 와이바이오로직스가 신규 항체약물접합체(ADC) 항암제 개발을 위해 협력하기로 했다. 26일 한국유나이티드제약에...",http://www.kukinews.com/newsView/kuk202404250131,
10902,유엔에스,"와이바이오로직스-한국유나이티드제약-유엔에스바이오, ADC 항암제 만든다","와이바이오로직스는 한국유나이티드제약,유엔에스바이오와 함께 신규 항체약물접합체(ADC) 항암제 개발을 목적으로 3자 간 업무협약(MOU)을 체결했다고 26일 밝혔다. 이번 업무협약으로 3사는 각 기업의 혁신적인 기술과 전문성을 결합, 차세대 항암 신약 개발에 대한 새로운 협력 모델을 제시할...",https://www.medigatenews.com/news/1755290254,
10902,유엔에스,"파마리서치, '선플운동 실천협약' 동참 外","사진/GC녹십자웰빙 ♢한국유나이티드제약·유엔에스바이오, 전북대와 신약개발 협력 한국유나이티드제약(대표 강덕영)과유엔에스바이오(대표 강원호)는 지난달 30일 전북대학교병원 의생명연구원·전북대학교 기도표적치료제 개발 연구소와 함께 통합기도표적치료기술 개발을 위한 공동연구 업무협약을...",http://www.press9.kr/news/articleView.html?idxno=58826,
10902,유엔에스,[5월2일 PM] 제약바이오 소식,"◆유나이티드-유엔에스바이오, 흡입제형 신약 개발 추진 업무협약식(제공=유나이티드제약) 한국유나이티드제약(대표 강덕영)과유엔에스바이오(대표 강원호)는 30일, 전북대학교병원 의생명연구원과 전북대학교 기도표적치료제 개발 연구소와 함께 통합기도표적치료기술 개발을 위한 공동연구 업무협약을...",http://www.medicopharma.co.kr/news/articleView.html?idxno=62091,
