company_id,company_name,news_title,news_text,news_url,posted_at
1621,뉴스코리아네트워크,"르노코리아, 대규모 신규 영업 담당 위촉","(제공=르노코리아)©열린뉴스통신ONA 르노코리아세일즈·네트워크총괄 황재섭 전무는 ""다음달 부산모빌리티쇼에서 첫 공개될 중형 SUV 신차의 출시 준비를 위해 르노코리아의 재도약을 함께 만들어 갈 새로운 세일즈어드바이저를 대규모로 모집할 예정""이라며, ""르노코리아는 세일즈어드바이저들이 우수한...",https://www.onews.tv/news/articleView.html?idxno=206040,
1621,뉴스코리아네트워크,"르노코리아, ‘세일즈어드바이저’ 공개 모집…“하반기 신차 출시 준비”","17일까지 홈페이지 통해 온라인 지원 가능 인더뉴스홍승표 기자ㅣ르노코리아는 브랜드 전환에 따른 후속 조치로 영업 담당의 공식 명칭을... 르노코리아세일즈·네트워크총괄인 황재섭 전무는 ""다음달 부산모빌리티쇼에서 첫 공개될 중형 SUV 신차의 출시 준비를 위해 르노코리아의 재도약을 함께 만들어 갈...",https://www.inthenews.co.kr/news/article.html?no=62203,
1621,뉴스코리아네트워크,"새 수장 맞은 아우디코리아, 과제는 '3위 수성'",뉴스토마토 = 황준익 기자 | 아우디코리아가 다음달부터 새 수장 체제로 전환합니다. 최근 이어져온 판매량 부진에서 벗어나 반등의 계기를 마련할 수... 2014년부터 2019년까지 아우디 호주에서 애프터 세일즈와 딜러네트워크운영을 담당했고 2019년부터는 아우디 호주에서 세일즈 및네트워크개발...,http://www.newstomato.com/ReadNews.aspx?no=1228673&inflow=N,
1621,뉴스코리아네트워크,[오늘의 전북뉴스브리핑] 코스트코 '익산 입점' 약속에 엇갈린 지역 언론들...,"있다는뉴스들이 나왔다. 사단법인 완주·전주 상생발전네트워크가 양 지역 통합 추진의 필요성과 20대 상생발전사업을 제안했다는 내용도 주요뉴스로... 조민수 ㈜코스트코코리아대표와 김종훈 전북특별자치도 경제부지사, 정헌율 익산시장과 최종오 익산시의회 의장, 한병도 국회의원, 한정수...",http://www.jbsori.com/news/articleView.html?idxno=13675,
1621,뉴스코리아네트워크,"볼보자동차코리아, 볼보 강남 대치 전시장 확장 이전 및 서비스센터 신규 오픈","볼보 강남 대치 전시장 확장 이전 및 서비스센터 신규 오픈.(제공=볼보자동차코리아)©열린뉴스통신ONA 볼보자동차코리아(대표: 이윤모)가 서울 강남 지역... 한편, 볼보자동차코리아는 적극적인네트워크확장을 통해 고객 만족을 달성한다는 방침으로, 이번 강남 대치 전시장에 이어 청주, 군산 등에 전시장...",https://www.onews.tv/news/articleView.html?idxno=205510,
1621,뉴스코리아네트워크,"﻿르노코리아, 5월 신차 구매 시 가족 혜택 강화","뉴 르노 아르카나 [사진=르노코리아제공] 라이센스뉴스= 김진우 기자 | 르노코리아(대표이사 스테판 드블레즈)가 가정의 달을 맞아 5월 한 달 동안 신차... 르노코리아영업 및네트워크총괄 황재섭 전무는 ""가정의 달을 맞아 사랑하는 가족들에게 큰 선물이 될 수 있도록 다양한 고객 맞춤형 상품을...",https://www.lcnews.co.kr/news/articleView.html?idxno=74440,
1621,뉴스코리아네트워크,"尹대통령 ""세제 정비해코리아디스카운트 해소"" [FIND 제25회 서울국제금융포...","파이낸셜뉴스가 24일 서울 여의도 페어몬트 앰배서더 서울에서 개최한 2024 FIND·25회서울국제금융포럼에서 성태윤 정책실장이 대독한 축사를 통해 ""코리아... 역할""이라면서 ""우리가네트워크를 형성하는 데 연결성을 허용해 규모의 경제라든가 범위 경제를 활용할 수 있는 게 생겨나고, 그에 따라 금융동맹으로...",http://www.fnnews.com/news/202404241907511558,
1621,뉴스코리아네트워크,[베스트셀러] '하루 만에 수익 내는 실전 주식투자'·'나는 오늘 불안과 친구...,"외 '피크아웃코리아', 66위 흔한남매 '흔한남매의 흔한 호기심 11', 89위 서진 편/강인성 그림 '어린이를 위한 돈의 속성', 92위 David Cho 저 '해커스 토익 기출 VOCA (보카)', 94위 말량&홍챠 원저/한효재 글/최원선 그림/샌드박스네트워크감수 '말량&홍챠 인피니티 1 : VS 랜덤 대결 플레이', 95위 데일 카네기...",http://www.topstarnews.net/news/articleView.html?idxno=15490309,
1621,뉴스코리아네트워크,"[#헬스콕] 유한 '조인본 콘드로'·어버이날 선물로 ""안마의자 딱""·지씨셀 '바...","2일 헬스케어 업계에서는 바이오코리아전시회 참가, 관절 영양제 출시 소식이 전해졌다. 유한양행이 관절영양제 '조인본 콘드로800정'을 출시했고... 글로벌네트워크확장에 나선다. 마지막 날에는 '첨단재생바이오법 개정안을 중심으로 하는 벤처기업, 기반산업기업, 중견기업 등 각 산업에 미치는 영향...",https://www.newsworks.co.kr/news/articleView.html?idxno=751765,
1621,뉴스코리아네트워크,충남 우수 중소기업 한인경제인네트워크타고 세계시장 '훨훨',"경제인네트워크를 활용해 해외 판로를 확대할 기회를 잡았다. 세계한인무역협회(월드옥타)와 연합뉴스는 충남 예산군 스플라스 리솜에서 24개국 49개... 컵 쌓기 스포츠인 스포츠스태킹 제품을 가져나온 진은영 스태깅코리아대표는 ""스포츠스태킹을 생활체육으로 확산하려는 교육 프로그램과 국산 제품에...",https://www.yna.co.kr/view/AKR20240417154800371?input=1195m,
