company_id,company_name,news_title,news_text,news_url,posted_at
6149,엔씨아이티에스,"[ESG 경영]엔씨, 게임 캐릭터도 예외없는 '다양성 존중'","국내 게임업계에서는 처음으로 온실가스 배출량 보고 범위를 연결기준으로 확대했고 엔씨다이노스, 엔트리브, 엔씨소프트서비스,엔씨아이티에스등 국내 자회사까지 포함해 공시했다. 온실가스 배출량 검증 범위에 일부 기타 간접배출(SCOPE3) 목록을 확대 포함해 공급망 전반에 대한 관리체계 구축을...",http://www.startuptoday.co.kr/news/articleView.html?idxno=181070,
6149,엔씨아이티에스,"[ESG경영 사례분석]엔씨소프트, 게임업계 ESG경영 리더...글로벌 수준 겨냥한...","엔씨다이노스, 엔트리브, 엔씨소프트서비스,엔씨아이티에스등 국내 4개 자회사까지 포함해 공시했다. 올해에는 해외 자회사까지 확대할 계획이다. 뿐만 아니라 국내 게임사 중 유일하게 온실가스 배출량 검증 범위에 일부 기타 간접배출(SCOPE3) 카테고리를 확대 포함하며, 공급망 전반에서 발생하는...",https://www.news2day.co.kr/article/20240201500038,
6149,엔씨아이티에스,[지배구조 2023｜엔씨소프트①] 경영권 분쟁 후 더 단단해진 '철옹성',"국내 자회사는 5개로 △엔씨아이티에스△엔씨소프트서비스 △엔씨다이노스 △엔씨리브소프트 △클렙으로 나뉜다.엔씨아이티에스는 IT 전문기업으로 엔씨소프트와 계열사, 관계사의 IT 솔루션 개발과 관제 서비스를 제공하고 있으며, 엔씨소프트서비스는 자사 게임 서비스 고객센터를 운영한다....",https://www.newsway.co.kr/news/view?ud=2023040519071537155,
6149,엔씨아이티에스,"상명하복에 충성경쟁 문화? ""지금의엔씨소프트는 노동조합이 필요하다""","엔씨소프트서비스,엔씨아이티에스등 자회사도 마찬가지다. 앞으로 어떻게 하면 홍보를 더 잘할 수 있을지 고민 중이다. Q. 4,700명의 임직원 중 얼마나 많은 사람이 우주정복에 가입했나? A. 지난주 화요일에 700명 정도 가입했다. 지금은 1,000명을 넘은 것으로 나온다. 조직률이 21%가 넘었다. 분위기는 좋다고...",https://www.thisisgame.com/webzine/special/nboard/5/?n=169556,
6149,엔씨아이티에스,"㈜엔씨아이티에스, IT인프라운영/시스템 관리 및 관제 직원 모집 2월 20일 채...","㈜엔씨아이티에스에서 각 부문 신입/경력 직원을 채용 중이다. 모집부문은 시스템 관리 및 관제, IT인프라운영 부문이다. 자격요건 및 우대사항, 경력사항은 부문별로 상이하다. 시스템 관리 및 관제 부문의 경우 서울시 강남구, IT인프라운영 부문의 경우 성남시 분당구에서 근무한다. 입사지원은 2월 20일까지...",http://www.ekn.kr/news/article.html?no=342895,
6149,엔씨아이티에스,"엔씨아이티에스, 각 부문별 신입/경력 직원 모집 7월 18일 마감",엔씨아이티에스에서 각 부문 신입 및 경력직원을 모집 중이다. 모집분야는 정보보안관제/웹운영지원/시스템관리 및 관제/IT자산관리/자바 웹 개발이다. 자격요건 및 우대사항은 부문별로 상이하다. 근무지는 경기도 분당이다. 입사지원은 7월 18일까지 잡코리아 온라인 입사지원을 통해 가능하다. *본...,http://www.ekn.kr/news/article.html?no=298993,
6149,엔씨아이티에스,"엔씨, 신입공채 마감 임박... 온라인 채용정보 확인 가능","엔씨(NC)의 자회사 '엔씨아이티에스(NCITS)'는 3개 모집군, 7개 분야에서 신입사원을 채용하고 있다.엔씨아이티에스는 IT 솔루션을 개발하고 관제 서비스를 제공하는 회사다. 엔씨(NC) 사내 어린이집 '웃는땅콩'에서도 보육교사 등 직무에서 대규모 채용을 진행할 계획이다.",http://www.econovill.com/news/articleView.html?idxno=551069,
6149,엔씨아이티에스,"[신아-50대기업 해부44]엔씨소프트, 해외시장에 '성공 DNA' 심는다","국내선 작년 3분기 기준엔씨아이티에스(100%)와 엔씨소프트서비스(100%), 엔씨다이노스(100%), 엔트리브소프트(98%)를 계열사로 보유 중이다. 해외 계열사로는 퍼블리싱에 주력하는 엔씨재팬(100%), 앤씨유럽, 엔씨타이완(85%)과 함께 캐나다 게임개발사 ‘THIS GAME STUDIO(40%)’, 미국 게임 퍼블리싱과 개발...",http://www.shinailbo.co.kr/news/articleView.html?idxno=1243113,
6149,엔씨아이티에스,"엔씨소프트, 어떤 기업이길래?","계열회사로는 ㈜엔씨아이티에스와 ㈜크레이지다이아몬드, ㈜엔씨소프트서비스, ㈜엔씨다이노스, ㈜엔트리브소프트와 해외 현지법인 엔씨웨스트홀딩스(NC West Holdings), 엔씨인터랙티브(NC Interactive), 아레나넷, 엔씨재팬, 엔씨유럽, 엔씨타이완, 엔씨트루 등이 있다. 한편 엔씨소프트는 올 1분기...",http://moneys.mt.co.kr/news/mwView.php?no=2018051010168064857,
6149,엔씨아이티에스,[게임업체 지배구조-엔씨소프트①]‘리니지’로 온라인·모바일 모두 평정,"엔씨아이티에스는 IT 전문기업으로 엔씨소프트와 계열사, 관계사의 IT 솔루션 개발과 관제 서비스를 제공하고 있다. 2013년 8월 설립됐으며, 대표이사는 김성룡 엔씨소프트 CIO(최고정보책임자)다. 국내 자회사로 엔씨소프트서비스도 있다. 부산에 본사를 둔 이 회사는 엔씨소프트 게임 서비스 고객센터...",http://www.newsway.co.kr/view.php?tp=1&ud=2018042713193325345,
