company_id,company_name,news_title,news_text,news_url,posted_at
771,엘시인포메이션,"엘시인포메이션, LG 2022년 New 그램 14ZD95P 시리즈 출시","LG전자 온라인 인증점엘시인포메이션에서는 세계에서 가장 가벼운 노트북이라는 타이틀을 지닌 그램14를 블랙과 화이트 두가지 색상으로 선보였다. ▲LG 2022년 New 그램 14ZD95P 전작에 대비해 10% 성능 향상된 최신 11세대 CPU의 14ZD95P 시리즈 2022 그램 중, 14ZD95P-GX5BK은 순수하게 빛나는 짙은 검정의...",http://www.betanews.net:8080/article/1320299.html,
771,엘시인포메이션,"엘시인포메이션, 2021년 LG그램 '14Z90P-GA56K' 사전예약...구매 시 그램BOX ...",이 가운데 LG전자 공식판매점엘시인포메이션에서 그램 시리즈중 성능과 휴대성이 뛰어난 제품인 LG 그램14 14Z90P-GA56K 제품의 신모델 런칭을 진행한다. ▲ 2021년형 LG 그램14(14Z90P-GA56K) 2021년 LG 그램14(모델명 14Z90P-GA56K)은 999g 기네스가 인정한 최경량 노트북으로 기존화면 보다 가시화면이 더욱...,http://www.betanews.net:8080/article/1247341.html,
771,엘시인포메이션,"LG전자 노트북 '11세대 2021 뉴그램 14Z90P-GA56K', 위메프 LG 브랜드위크 행...",▲ 2021 뉴그램 14Z90P-GA56K©엘시인포메이션LG전자 온라인 공식 인증점엘시인포메이션이 11세대 2021 뉴그램 14Z90P-GA56K를 위메프 브랜드위크를 통해 할인 판매한다.엘시인포메이션은 이번에 위메프를 통해 LG 브랜드위크 행사로 최대 26% 할인쿠폰을 제공하며 평소보다 저렴한 가격으로 구매할수...,http://www.betanews.net:8080/article/1262645.html,
771,엘시인포메이션,"새내기 대학생을 위한 초경량 노트북, LG전자 2021년형 14그램 '14Z90P-GA56K...",현재 LG전자 온라인 인증점엘시인포메이션을 통해 전 마켓에서 판매를 하고 있다. 대용량 배터리를 채용해 한 번 충전으로 하루 종일 장소가 어디든 들고 다니며 활용할 수 있는 장점이 돋보인다(기네스협회 최경량 14형 노트북 인증 획득). 무엇보다도 최대 대역폭 4266MHz의 강력한 LPDDR4x 메모리...,http://www.betanews.net:8080/article/1252174.html,
771,엘시인포메이션,[기자수첩] 벤처투자는 초기이익보다 성장성 봐야,"기업 가치 90억달러로 국내 유니콘 중 가장 몸값이 비싼 '쿠팡'의 경우, 지분을 100% 갖고 있는 모회사 쿠팡엘엘시(LLC)는 소프트뱅크비전펀드와 미국의... 3위 '옐로모바일'도 1억달러 규모로 투자를 한 미국의 벤처캐피털포메이션8이 주요 주주이다. 또 다른 유니콘 기업인 간편송금 앱 토스 운영사...",http://www.m-i.kr/news/articleView.html?idxno=676668,
771,엘시인포메이션,배달의민족처럼…유니콘기업 90% 국외자본이 키웠다,"기업 가치 90억달러로 국내 유니콘 중 가장 몸값이 비싼 ‘쿠팡’의 경우, 지분을 100% 갖고 있는 모회사 쿠팡엘엘시(LLC)는 일본의 소프트뱅크의... 3위 ‘옐로모바일’도 1억달러 규모로 투자를 한 미국의 벤처캐피털포메이션8이 주요 주주이다. 또 다른 유니콘 기업인 간편송금 앱 토스 운영사...",http://www.hani.co.kr/arti/economy/marketing/925804.html,
771,엘시인포메이션,"FW 황의조-GK 정성룡, J리그 베스트11 수상","황의조는 베스트11 3-5-2포메이션의 투톱 중 한 자리를 차지했다. 최전방에 황의조가 있다면, 최후방에 정성룡이 있었다. 가와사키 프론탈레의 우승에 이바지한 정성룡은 골키퍼 부문에 이름을 올렸다. J1리그 우승팀 가와사키 프론탈레는 정성룡을 비롯해엘시뉴, 구루마야 신타로, 다니구치 쇼고...",http://sports.mk.co.kr/view.php?year=2018&no=789008,
771,엘시인포메이션,"[ACL 리뷰] '정성룡 출전' 가와사키, 우라와에 3-1 승...4강행 청신호","가와사키는 4-2-3-1포메이션에서 최전방에 아베를 중심으로 이에나가, 나카무라, 고바야시가 공격을 이끌었다. 골키퍼 장갑은 정성룡이 꼈다. 이에... 그러나 공은 멀리 가지 못했고, 반대편에서 침투하던엘시뉴가 공을 골문으로 밀어 넣으며 추가 득점을 성공시켰다. 우라와도 당하지만은 않았다. 후반...",http://www.interfootball.co.kr/news/articleView.html?idxno=170034,
771,엘시인포메이션,"[스타포커스] 시크릿 전효성-비스트 장현승-티아라 은정, 따로 또 같이 ‘그룹...",다양한포메이션변화를 통해 아이돌들은 각자의 매력을 발산하고 더욱 두터운 팬층 확보를 위해 힘쓴다. 그룹 활동에서는 볼 수 없었던 새로운 매력을... 은정은 독특하게도 그룹 활동 당시에 썼던 은정이라는 본명이 아닌 ‘엘시(ELSIE)’라는 예명으로 솔로 활동을 시작했다. 초반에는 본명이 아닌엘시라는...,http://www.topstarnews.net/detail.php?number=130043,
