company_id,company_name,news_title,news_text,news_url,posted_at
11205,코어체인,"코어사이언티픽, 비트코인 채굴에서 AI용 데이터센터 인프라 전환",비트코인 채굴 회사코어사이언티픽은 AI 기업을 위한 고성능 컴퓨팅 인프라로의 전환을 가속화하고 있다. 9일(현지시간) 블룸버그에 따르면 텍사스주... 비트코인 채굴 수익이 줄어든 것은 최근 블록체인의 코드 업데이트인 반감기 때문이라 할 수 있다. 이 업데이트는 채굴자에게 지급되는 비트코인을...,https://www.tokenpost.kr/article-177167,
11205,코어체인,[블록체인핫이슈] 비트코인 반감기 끝난 암호화폐 시장 변화 주목,"⦁코어체인, 래핑 없이 비트코인에서 스테이킹 지원한다코어체인은 비트코인 기반 이더리움 가상 머신(EVM) 호환 블록체인으로 비 커스터디형(non-custodial staking)으로 비트코인 스테이킹이 가능하도록 지원한다. 블록체인 기술기업 파이랩테크놀로지가 운영하는 크로스체인 네트워크 바이프로스트는...",https://www.digitaltoday.co.kr/news/articleView.html?idxno=514597,
11205,코어체인,"로아코어, 부리또 월렛과 ‘V2 업데이트’기념 에어드랍 이벤트 실시","로아코어관계자는 “글로벌 비즈니스를 확장하고 있는 부리또 월렛을 통해 누구나 손쉽게 웹3.0 프로젝트에 참여할 수 있도록 스테이킹, 크로스체인스왑 등 다양한 서비스를 경험할 수 있을 것”이라며 “이번 이벤트를 시작으로 앞으로도 부리또 월렛과 다양한 이벤트를 준비할 예정”이라고 말했다.",http://www.segyebiz.com/newsView/20240423515236?OutUrl=naver,
11205,코어체인,"코어체인, 래핑 없이 비트코인에서 스테이킹 지원한다","코어체인은 비트코인 기반 이더리움 가상 머신(EVM) 호환 블록체인으로 비 커스터디형(non-custodial staking)으로 비트코인 스테이킹이 가능하도록 지원한다. 지금까지 비트코인으로 기본 이자를 벌고 싶었던 투자자들은 비트코인을 이더리움 같은 다른 블록체인용 토큰으로 바꾸는, 이른바 래핑...",https://www.digitaltoday.co.kr/news/articleView.html?idxno=514590,
11205,코어체인,“AI반도체코어는 칩메이커”…‘SOL 미국 AI반도체 칩메이커 ETF’ 상장,"신한자산운용은 글로벌 반도체 밸류체인1등 기업 전반에 투자할 수 있는 ‘SOL 한국형글로벌 반도체 액티브’에 이어, 소재·부품·장비 기업만으로 포트폴리오를 구성한 ‘SOL AI반도체 소부장’을 내놨고, 올 들어서는 ‘SOL 반도체전공정’, ‘SOL 반도체후공정’을 상장했다. 김정현 신한자산운용...",http://www.edaily.co.kr/news/newspath.asp?newsid=01574406638856776,
11205,코어체인,"[비욘드 비트코인] 장경필 쟁글 ERP 챕터장 ""블록체인도입, 전사적으로 추진...","IT 시대에 인프라와 앱은 상호 작용하면서 성장하는데, 블록체인기술 기반 웹3.0도 새로운 앱의 등장이 필요하다는 설명이다. 또 신기술을 도입할 때 자회사 차원의 지엽적인 접근보다코어비즈니스를 어떻게 확장하고 키울 수 있을지 전사적인 동의를 바탕으로 조직 단위의 노력을 기울여야 성공 가능성을...",https://www.techm.kr/news/articleView.html?idxno=123899,
11205,코어체인,[긴급점검] 반도체 유리기판 서플라이체인&혁신기술 컨퍼런스,"세계 굴지의 다수 기업이 기존 반도체 패키지 기판인 FC-BGA(Flip-chip Ball Grid Array)의 유기 소재코어층을 유리 기판으로 대체하려는 연구와 투자를... 전자부품 전문미디어 <디일렉>은 유리기판 적용에 필요한 기술과 공정 노하우, 장비 소재 서플라이체인을 조망하는 콘퍼런스를 준비했습니다. 변화하는...",http://www.thelec.kr/news/articleView.html?idxno=27460,
11205,코어체인,"BNB체인, BSC에서 액체 스테이킹 기능 도입 예정","BNB체인코어개발팀은 BNB 스마트체인(BSC)에서 액체 스테이킹 기능을 활성화할 것이라고 발표했다. 이는 BNB 비컨체인의 기능을 BSC로 이전하고, 비컨체인을 점진적으로 종료하는 전환 계획의 일환으로 진행된다. 25일(현지시간) 코인텔레그래프에 따르면 BNB체인은 BNB 비컨체인이 2024년 6월까지 완전히...",https://www.tokenpost.kr/article-175375,
11205,코어체인,"비트코인코어개발자 루크 대시주니어, 룬즈 프로토콜 설계 결함 지적","그는 오디널이 비트코인코어의 취약점을 이용하는 9-벡터 공격인 반면, 룬즈는 기술적으로는 ""규칙""을 따르는 5-벡터 공격이라고 설명했다. 27일... 이러한 상황은 비트코인의 기본 원칙에서 벗어나고 블록체인스팸을 증가시킨다고 비판하는 대시주니어의 입장과 대조적이다. 이 문제는 앞으로도...",https://www.tokenpost.kr/article-175619,
11205,코어체인,"블로코어투자 블록체인게임 '픽셀즈', 바이낸스 런치풀 9조3000억 모금","벤처캐피털 블로코어가 초기 투자한 '픽셀즈(Pixels)'에 총 공모 금액 70억달러(약 9조3000억원)가 몰리며, 바이낸스 런치풀 게임 부문 최대... 초기투자자인 블로코어(Blocore) 외 △애니모카 브랜즈(Animoca Brands) △스카이 마비스(Sky Mavis) △오픈씨 벤처스(OpenSea Ventures) △프레임워크 벤처스...",http://www.g-enews.com/ko-kr/news/article/news_all/2024021609110221323b60030fa2_1/article.html,
