company_id,company_name,news_title,news_text,news_url,posted_at
3698,위너스커뮤니케이션즈,[합격 비밀노트] “현장에서 좋은 공연이 이뤄지기까지 저희 손을 거쳐야죠”...,"위너스커뮤니케이션즈는 2009년 설립돼 각종 공연의 배급, 매니지먼트를 맡거나 직접 공연을 기획하는 등 다양한 공연 전문 업무를 진행하고 있는 기업이다.위너스커뮤니케이션즈가 운영하고 있는 ‘쇼글’은 클래식 오케스트라부터 댄스, 무용, 전통공연, 퍼포먼스 등 행사에 필요한 공연팀 섭외를 내부...",https://magazine.hankyung.com/job-joy/article/202101124126b,
3698,위너스커뮤니케이션즈,위너스커뮤니케이션즈‘쇼글’ 모바일앱 다운 이벤트 진행,위너스커뮤니케이션즈'쇼글'의 모바일앱 다운 이벤트 (사진제공=위너스커뮤니케이션즈) ⓒ조우정 기자위너스커뮤니케이션즈'쇼글'의 모바일앱 다운 이벤트 (사진제공=위너스커뮤니케이션즈) [문화저널21=이현우 기자] 공연배급사위너스커뮤니케이션즈에서 온라인 플랫폼 ‘쇼글’ 모바일앱 다운 이벤트를...,http://www.mhj21.com/sub_read.html?uid=101496§ion=sc243,
3698,위너스커뮤니케이션즈,"위너스커뮤니케이션즈, ""공연 섭외·배급도 온라인에서 가능""... 전문 플랫폼...","공연섭외 및 공연배급 전문회사인 (주)위너스커뮤니케이션즈(쇼글)는 기존 오프라인 방식으로 진행되던 공연 섭외 등에 대한 전반적인 서비스를 제공하는 온라인 플랫폼인 '쇼글(Showgle)을 개발, 정식 출범했다고 9일 밝혔다. 공연배급사인 (주)위너스커뮤니케이션즈는 기업, 관광서, 기획사, 일반업체와 같은...",http://www.ajunews.com/view/20160909144118649,
3698,위너스커뮤니케이션즈,[오치우의 외계인 수첩]'코로나19' 물리치는 이벤티스트 장윤열,"그래서 서울에도 회사를 세웠습니다.'' 장윤열위너스커뮤니케이션즈대표 2006년, '위너스커뮤니케이션즈'을 설립했다. 중앙일보가 진행한 워크홀릭프로젝트 일환으로 배우 유인촌과 국토종단도 함께했다. 국토종단 멤버였던 유인촌이 문화부 장관이 되고 나서 ''이번엔 진짜 1등 이벤트회사가 될 것''이라는...",http://www.newspim.com/news/view/20200407001134,
3698,위너스커뮤니케이션즈,[오치우의 인물채집] '코로나19'를 물리치는 이벤티스트 장윤열 편,"그래서 '서울로 가자!'고 결심하고 서울에도 회사를 세웠 습니다.'' 2006년,'위너스커뮤니케이션즈'를 세우고 중앙일보 워크홀릭 프로젝트의 일환으로 문화부 장관이 된 배우 유인촌과 국토종단을 동행했다. 국토종단 멤버였던 유인촌이 장관이 되고나서 ''이번엔 진짜로 1등 이벤트회사가 될 것''이라고 주변의...",http://www.siminilbo.co.kr/news/newsview.php?ncode=1065580732756294,
3698,위너스커뮤니케이션즈,[26일 낙찰/계약 동향] 성지중 1학년 자유학년제 2차 교내 직업체험 용역 계약...,"2019학년도 2학기 3,4학년 찾아오는 문화예술 공연 계약 계약을 수의계약 방식으로 (주)위너스커뮤니케이션즈- 경기도교육청 경기도김포교육지원청 하늘빛초등학교간 계약금액 2,500,000(원)으로 계약을 체결했다. 도봉산~옥정 광역철도 건설공사 감독권한대행 등 건설사업관리용역 계약을 일반경쟁...",http://www.fintechpost.co.kr/news/articleView.html?idxno=91293,
3698,위너스커뮤니케이션즈,"부산 IT기업, 일본시장 진출 결실","부산정보산업진흥원은 최근 일본 동경에서 열린 '2018 재팬 IT 위크 NIPA 공동관'에 ㈜에스위너스와 ㈜이즈커뮤니케이션즈등 2개 부산 IT기업을 지원해 참가했다고 30일 밝혔다. 이날 일본, 중국, 스리랑카 등 해외바이어와 비즈니스 상담이 진행됐다. 이 가운데 일본기업과 총 357만 달러 계약이 체결됐으며...",http://www.fnnews.com/news/201805301734205603,
3698,위너스커뮤니케이션즈,"쇼글, 송년회행사 문의고객 대상 상품권 제공 이벤트 실시","▲ 공연배급사 ㈜위너스커뮤니케이션즈(쇼글)는 이달 말까지 다가오는 연말행사, 송년회행사 관련 이벤트를 진행한다고 18일 밝혔다. 쇼글 PC버전, 모바일앱 버전을 통해 간편섭외를 이용하면 추첨을 통해 5만원 상당의 SK상품권을 제공한다.위너스커뮤니케이션즈측은 ""많은 단체 및 기업이 참여의 부담감을...",http://app.yonhapnews.co.kr/YNA/Basic/SNS/r.aspx?c=AKR20161118109800848&did=1195m,
3698,위너스커뮤니케이션즈,"앱과 인강을 한번에!위너스멘토 ""올인원 프리패키지"" 출범",영어교육 전문업체 투유커뮤니케이션즈가 “영어 단어와 인강을 함께 공부할 수 있는 패키지를 출시하였다”고 9일 밝혔다. 이미 5년에 걸쳐 꾸준한 업데이트를 통해 단어암기 앱으로 많은 사랑을 받아 온위너스멘토 앱은 EBS 스타강사 5인과 함께 만든 500개의 영어기초회화 인강을 함께 시청할 수 있는 점이...,http://edu.donga.com/?p=article&ps=view&at_no=20190409150629690277,
3698,위너스커뮤니케이션즈,"[카트 듀얼레이스] 아프리카위너스, '한 방 역전' 이중대 활약에 4강 합류","위너스패 vs 승 맥스틸 블랙 5세트 아프리카위너스패 vs 승 맥스틸 블랙 에이스 결정전 이중대(아프리카위너스) 승 vs 패 황인호(맥스틸 블랙) 서초 / 박범, 김홍제 기자 <인벤, 네이버 뉴스스탠드! my언론사로 설정하기> e스포츠인벤 Copyright (c) 인벤커뮤니케이션즈. All rights reserved. 기사제보 및 문의",http://www.inven.co.kr/webzine/news/?news=194716&iskin=esports,
