company_id,company_name,news_title,news_text,news_url,posted_at
9212,모우컴,"'모우라 결승골' 토트넘, FA컵서 3부리그 모어컴에 3-1 역전승","루카스모우라, 올리버 스킵 등을 대거 투입하는 승부수를 던졌다. 그리고 이 선택은 팀의 승리로 이어졌다. 토트넘은 후반 29분 왼쪽 측면에서 얻은 프리킥을 해리 윙크스가 동점골로 연결하며 1-1 균형을 맞췄다. 역전골과 쐐기골은 교체로 투입된 선수들의 발끝에서 나왔다.모우라는 후반 40분 상대...",http://www.inews24.com/view/1441151,
9212,모우컴,"손흥민 없는 토트넘, 역시모우라 뿐이야… '콘테의 남자'다운 활약","루카스모우라가 후반 교체투입돼 토트넘홋스퍼에 승리를 안겼다. 손흥민이 당분간 빠진 가운데, 골과 도움 양면에서 가장 믿음직한 선수는 단연모우라다. 9일(한국시간) 영국 런던의 토트넘홋스퍼 스타디움에서 2021-2022 잉글랜드 FA컵 3라운드를 가진 토트넘이 모어컴에 3-1 역전승을 거뒀다. 모어컴은...",http://www.footballist.co.kr/news/articleView.html?idxno=143173,
9212,모우컴,"'어울리지 않는 위치였다'…토트넘 공격듀오, 3부리그 팀 상대로 무기력","토트넘은 이날 경기에서 전반 33분 선제골을 허용한 이후 후반전 중반까지 상대 수비 공략에 어려움을 겪었지만 경기 종반 윙크스,모우라, 케인의 연속골과 함께 승리를 거뒀다. 손흥민의 공백이 발생한 토트넘은 이날 경기에서 로테이션을 가동했다. 케인과모우라는 벤치에서 경기를 시작했고 알리와...",http://www.mydaily.co.kr/new_yk/html/read.php?newsid=202201100145194359&ext=na&utm_campaign=naver_news&utm_source=naver&utm_medium=related_news,
9212,모우컴,"'손흥민 부상 결장' 토트넘, 3부팀에 3-1 역전승…FA컵 32강행","결국 토트넘은 23분 주전 해리 케인, 루카스모우라를 투입하며 변화를 꾀했다.모우라는 4분 뒤 날카로운 슈팅으로 모어컴의 골문을 위협했다. 토트넘은 해리 윙크스가 왼쪽에서 날린 크로스가 골문으로 휘어들어가며 드디어 동점을 만들었다. 주전을 투입하며 분위기를 반전시킨 토트넘은 41분 상대 수비...",http://stoo.com/article.php?aid=77021242975,
9212,모우컴,"'K-관광 -> SONNY 보디가드' 브라질 신입 FW ""사랑해요. 대한민국""","경기 후에는 루카스모우라와 함께 '함께해 주셔서 감사합니다 #COYS(컴온 유어 스퍼스)'라는 문구가 담긴 플랜카드를 들고 나오며, 팬들에게 고마움을 표했다. 히샬리송뿐 아니라, 세비야전에서 윙백으로 변신하며 화제를 모았던 루카스모우라 또한 자신의 SNS를 통해 한국어로 감사 인사를 전했다.모우라의...",https://www.goal.com/kr/뉴스/a/bltaa4f5173814a0c30,
9212,모우컴,경기 후 콘테에게 '은돔벨레 비판' 쏟아낸 취재진… 무마하느라 바빴던 콘테,"후반전에 루카스모우라와 해리 케인이 투입된 뒤에야 이들이 1골씩 넣는 등 3골을 몰아쳐 역전승을 거둘 수 있었다. 콘테 감독은 경기 후 '풋볼 런던' 등 현지 매체와 가진 기자회견에서 ""케인과모우라는 손흥민이 다친 지금 가장 중요한 선수들이다. 당연히 이 두 명을 투입하면 상황을 바꿀 수 있다고 예상했다...",http://www.footballist.co.kr/news/articleView.html?idxno=143175,
9212,모우컴,"토트넘·모어캠비 '선발라인업' 공식발표, 손흥민은? 경기일정·중계","토트넘 선발출전명단은 브리안힐, 델레알리, 탕퀴 은돔벨레, 해리윙크스, 로셀소, 세세뇽, 도허티, 데이비스, 로든, 탕강가, 골키퍼 골리니 손흥민과 케인,모우라는 벤치에서 대기한다. 카라바오 컵 준결승 1차전을 패배한 토트넘은 3부 리그 소속인 모어컴을 상대로 분위기 전환에 도전한다. FA컵...",http://www.gukjenews.com/news/articleView.html?idxno=2385724,
9212,모우컴,"[FA컵 REVIEW] ‘3부 강등권’에 진땀 뺀 토트넘, 주전 투입해 3-1 역전승","후반 24분 해리 케인, 루카스모우라, 올리버 스킵을 동시에 투입하며 승부수를 던졌다. 기류를 바꾼 토트넘이 균형을 맞췄다. 후반 29분 왼쪽 측면에서... 팽팽한 균형을모우라가 깼다. 후반 41분 적극적인 압박으로 상대 공을 뺏어냈다. 골문을 향해 질주한모우라는 골키퍼를 제치고 역전골을 완성했다....",https://www.spotvnews.co.kr/?mod=news&act=articleView&idxno=463704,
9212,모우컴,"""쉰들러 리스트, 220만달러에 팝니다""","이스라엘홀로코스트 기념관에 전시돼 있는 쉰들러 리스트(예루살렘=연합뉴스, 자료사진) (서울=연합뉴스) 스티븐 스필버그 감독의 동명의 영화 '쉰들러 리스트'로 유명해진 '쉰들러 리스트'가 사료 수집가용 웹사이트 '모우먼츠인타임 닷컴(MomentsInTime.com)에 매물로 나왔다. 가격은 220만달러. 이...",https://n.news.naver.com/mnews/article/001/0003183615?sid=103,
9212,모우컴,"아이폰용 칩 누가 공급하나..시장, 관측 무성","알프랭크 애셋 매니지먼트의 애널리스트 마크모우레이는 ""애플에 대한 칩 공급은 대형 업체들에게 있어선 명성의 요소이자 브랜드를 강하게 만들 수 있는 요인""이라면서 ""소규모 업체들은 애플에 대한 공급 계약이 체결되지 않을 경우 큰 타격이 될 것""이라고 분석했다. 그는 또 ""애플이 6월 제품을 선보이기...",http://www.edaily.co.kr/news/newspath.asp?newsid=01348086582996736,
