company_id,company_name,news_title,news_text,news_url,posted_at
5157,해솔정보기술,[1월 25일 워크넷 채용정보] 신동아전자·큐빅스·유유랑컴퍼니·해솔정보기술...,"해솔정보기술응용 소프트웨어 개발 신입사원 채용 ▷모집부문 : 신입 ▷담당업무 : 회사내규 ▷지원자격 : 대졸(4년) ▷채용기간 : 채용 시까지 ▷전형방법 : 서류, 면접 ▷근무지역 : 대구광역시 서구 와룡로 307 725호 ▷근무시간 : 오전 9:00~오후 6:00 ▷임금 : 연봉 2900만원 이상 ▷고용형태 : 기간의...",https://www.news2day.co.kr/article/20240125500143,
5157,해솔정보기술,"솔데스크, ISMS-P 인증심사원 자격증 1:1멘토링 스파르타 교육 참가자 모집","또한정보보호 전문가가 아닌정보기술및 개발자도 충분히 취득이 가능할 수 있도록 쉽게 이해할 수 있도록 상세하고 쉽게 진행된다. 토요일 일일 6시간 7주 수업으로, 총42강을 통한 ISMS-P 완벽한 이해를 목표로 진행되며, 교육 강사는 'ISO/IEC 27001:2022정보보안경영시스템, ISO/IEC 23806 선박 사이버...",https://www.epnc.co.kr/news/articleView.html?idxno=241420,
5157,해솔정보기술,예상 180도 뒤집은 결과…'74조 시장' 삼성·LG도 뛰어들었다,"국내정보기술(IT) 업계는 협업툴에 생성형 인공지능(AI)을 탑재하는 등 시장 선점에 고삐를 죄는 모습이다. 28일정보기술(IT) 업계에 따르면 기업들이 협업툴에 AI를 접목해 고도화된 서비스를 내놓는 추세다. 삼성SDS는 다음달 작업 자동화 플랫폼 '브리티 코파일럿'을 출시한다. 기업 메일, 메신저, 미팅...",https://www.hankyung.com/article/202404294470i,
5157,해솔정보기술,"피피솔, 2023 무인이동체산업엑스포서 고정밀·초소형 RTK 수신기 2종 공개.....","현재 진행 중인 국토교통부의 디지털 국토정보 기술개발사업을 비롯해 설립 이래 GPS 기반 정부 연구개발 프로젝트를 30건 이상 수행한 바 있다.... 드론·UAM 기체, 배송드론 시스템, 해양 무인이동체 등 육·해·공 무인이동체의 최신기술과 제품이 전시됐으며, 군에서는 'AI 과학기술강군' 육성을...",https://kr.aving.net/news/articleView.html?idxno=1780788,
5157,해솔정보기술,나래솔과 스미노 하야토…세계가 인정한 ‘피아니스트 겸 유튜버’,"어려서부터 ‘피아노 신동’으로 유명했던 스미노는 공부도 잘해서 도쿄대 공대와 대학원에서정보과학기술을 전공했다. 중학생 시절부터 유튜브에도 꾸준히 피아노 관련 영상을 올렸다. 고양이를 좋아해서 지은 유튜브 채널 ‘카틴(cateen)’이 지금은 구독자 124만명에, 누적 조회가 1억5천만에...",https://www.hani.co.kr/arti/culture/music/1099584.html,
5157,해솔정보기술,"㈜솔데스크, IT루키 스케일UP 멘토링 프로젝트 성황리 마감","올해 3월 15일부터 22일까지 진행된 1차 멘토링에 더해 5월4일부터 5월12일 까지 이어진 참여 민간기업으로는 넷크루즈, 누리인포스, 씨에이에스, 에스티크리에이티브, 프로텐, 유니테크인포컴, 피디시스템, 다올디앤씨, 아임잇, 고려정보기술, 더더씨앤씨, 소베텍 기업이 참여하였다. 솔데스크의...",http://www.dailypop.kr/news/articleView.html?idxno=69301,
5157,해솔정보기술,[Who Is ?] 송정한 분당서울대학교병원 병원장,닥터앤서2.0은 과학기술정통부와정보통신산업진흥원 주관 사업이다. 앞서 추진한 '닥터앤서1.0'을 통해 방대한 의료 데이터 통합과 AI학습을 위한... 역할을해왔다. 조직 안에선 화합과 소통의 아이콘으로 남다른 면모를 보여줬다는 평가가 나온다. 규모 있는 조직에서 혁신 문화를 이어가기 위해선...,https://www.businesspost.co.kr/BP?command=article_view&num=349143,
5157,해솔정보기술,"'2년 차' KT 김영섭, 통신비 절감 선봉…실적 개선 여부 주목",이는 지난해 하반기 과학기술정보통신부(이하 과기정통부)가 데이터 이월 제도를 추진했던 것을 유심히 지켜본 결과라는 분석이다. 덩달아 이번 총선에서 압승한 야당이 내건 공약을 일찌감치 이행한 셈이 됐다. SK텔레콤과 LG유플러스는 아직 데이터 이월을 검토하지 않는 것으로 전해졌다. 이통 업계...,https://isplus.com/article/view/isp202404180171,
5157,해솔정보기술,[정보보호 특성화고 가다-3] 스마트+보안으로 대표 주자된 ‘세명컴퓨터고’,"사이버가디언즈 선정, 인재 양성의 역할 ‘톡톡’세명컴퓨터고는 과학기술정보통신부에서 주최하고 한국정보기술연구원(KITRI)에서 주관하는 사이버가디언즈 사업에서 시행 첫해에 대상 학교로 선정된 이래 매년 기준 평가에서 한 번도 탈락한 적이 없을 정도로 좋은 성과를 내고 있다. 사이버가디언즈...",http://www.boannews.com/media/view.asp?idx=114290&kind=,
5157,해솔정보기술,"한국베링거인겔하임동물약품(주), 엔테리솔® 일리아이티스 국내 출시 15주년...","김정희 도드람양돈농협동물병원 수의사는 '어느 농장도 예외 없이 회장염 관리가 필요하다'는 내용으로 회장염 예방 사례를 발표했고, 오유식 한국베링거인겔하임동물약품 박사가 생산 성적 향상과 부수적 개선 효과에 대한 최신기술정보를 소개했다. 문두환 한국베링거인겔하임동물약품 양돈 사업부 총괄...",http://www.aflnews.co.kr/news/articleView.html?idxno=234862,
