company_id,company_name,news_title,news_text,news_url,posted_at
8795,애니퍼포먼스,국제아트페어 '아트부산' 개막…20개국 129개 갤러리 참가(종합),"국제갤러리는 15억원 안팎의애니시 커푸어 작업을 필두로 하종현, 김윤신, 양혜규, 칸디다 회퍼, 제니 홀저 등의 작품을 걸었다. 국제갤러리는 첫날... 특히 미국의 시인이자퍼포먼스아티스트, 시각예술가 존 지오르노(1936∼2019)의 '다이얼 어 포엠'(Dial-A-Poem)이 국내에 처음으로 소개됐다. 전시장에 설치된...",https://www.yna.co.kr/view/AKR20240509162800005?input=1195m,
8795,애니퍼포먼스,[노컷 영화톡]애니덕후! '극장판 스파이 패밀리' 두근두근했어?,핵심요약애니메이션 '극장판 스파이 패밀리 코드 : 화이트'(감독 카타기리 타카시) 오퍼레이션 '두근두근':애니덕후 '더쿠와쿠'와 파헤쳐 본 '극장판'의... 난 '응가의 신'을 만나 현란한퍼포먼스와 표정 연기를 펼친 데 이어 '엑소시스트'의 리건 못지않은 최고의 침대 액션 연기를 펼친 아냐 포저! 더쿠와쿠...,https://www.nocutnews.co.kr/news/6117505?utm_source=naver&utm_medium=article&utm_campaign=20240326060042,
8795,애니퍼포먼스,"'애니벤저스 퍼레이드 펼쳐진다'...순천시, 4월 1일 순천만국가정원 개막식","'우주인도 놀러오는 순천'이라는 주제로 24개 읍·면·동 대표 캐릭터를 활용한 '애니벤저스 퍼레이드'를 시작으로, 정원문화산업도시 선포식, 어린이·청소년·청년 연합퍼포먼스가 참석자들의 눈과 귀를 즐겁게 만들 전망이다. 특히 2000여명의 시민들과 함께 '스페이스 허브' 활주로에서 펼쳐지는 육상·수상...",http://www.fnnews.com/news/202403271249188579,
8795,애니퍼포먼스,"2000여 명 참여애니벤저스 초대형 퍼레이드 , 순천만국가정원 4월 1일 개막 ...","'우주인도 놀러오는 순천'이라는 주제로 24개 읍면동 대표 캐릭터를 활용한 '애니벤저스 퍼레이드'를 시작으로, 정원문화산업도시 선포식, 어린이·청소년·청년 연합퍼포먼스가 개막식 참석자들의 눈과 귀를 즐겁게 만들 전망이다. 특히 2,000여 명의 시민들과 함께 스페이스 허브 활주로에서 펼쳐지는 육상...",https://www.dailysportshankook.co.kr/news/articleView.html?idxno=323728,
8795,애니퍼포먼스,세계적인 가족 뮤지컬 ‘애니’ 10월부터 유니버설 아트센터 공연···아역 ...,"뮤지컬애니는 오늘을 사는 지금 우리에게 필요한 위로이며, 최고의 넘버 ‘투모로우(Tomorrow)’를 통해 관객 모두의 가슴에, 희망의 꽃이 활짝 피도록 만들겠다고 전했으며 연출이자 안무를 맡은 신선호 감독은 시대에 드리워진 절망의 그림자를 한 번도 본 적 없는 화려하고 강력한 어린이들의퍼포먼스...",http://sports.khan.co.kr/news/sk_index.html?art_id=202402280049003&sec_id=540101&pt=nv,
8795,애니퍼포먼스,“투모로우 부를 수 있는 사람?” 시대의 명작 뮤지컬 ‘애니’ 2024 공개 오...,"“뮤지컬애니는 오늘을 사는 지금 우리에게 필요한 위로이며, 최고의 넘버 ‘투모로우’를 통해 관객 모두의 가슴에 희망의 꽃이 활짝 피도록 만들겠다”고 했다. 연출이자 안무를 맡은 신선호 감독은 “시대에 드리워진 절망의 그림자를 한 번도 본 적 없는 화려하고 강력한 어린이들의퍼포먼스로...",https://sports.donga.com/article/all/20240227/123713508/2,
8795,애니퍼포먼스,"앱애니, 업계 최초 통합 모바일퍼포먼스분석 툴 ‘앱애니어센드’ 출시","앱애니, 업계 최초 통합 모바일퍼포먼스분석 툴 ‘앱애니어센드’ 출시 모바일 데이터 및 분석 플랫폼인 앱애니(App Annie)가 앱 마켓 데이터와 모바일 광고의 효과 분석을 함께 제공하는 최초의 통합 모바일퍼포먼스제품인 ‘앱애니어센드(App Annie Ascend)’를 15일 출시한다.현재 많은 기업과...",http://www.viva100.com/main/view.php?key=20200715001626542,
8795,애니퍼포먼스,"마왕의 딸도 살려냈다...철지난 웹툰 1주만에애니로 부활, 비결은","통상 TV, 극장용애니1편을 제작하는데 드는 기간이 2~3년 정도인데 1년에 5편이면 경이로운퍼포먼스라 할만하다. 2023년부터는 '마왕의 딸로 태어났습니다' '우렁강도' '낮에 뜨는 별' '황녀, 미친 꽃으로 피어나다' '아무튼 로판 맞습니다' 등을 추가 제작중에 있고, 그 중 '마왕의 딸로 태어났습니다'는 올해 1월...",http://news.mt.co.kr/mtview.php?no=2024020508230937865,
8795,애니퍼포먼스,"라비, 힙의 정석이 '애니' MV 티저 공개..7일 발매","이번 티저에서는 신곡 '애니'의 강렬한퍼포먼스와 음원 일부가 최초 공개돼 라비의 음악을 기다려온 리스너들의 기대감을 최고조로 끌어올렸다. 신곡 '애니'는 힙합과 록(Rock)적인 요소를 결합한 곡으로, 꿈을 향해 여전히 아이처럼 뜨겁고 호기롭게 달려나가고 있는 모습을 담아낸 노래다. 마치애니메이션...",http://biz.heraldcorp.com/view.php?ud=202112040945000149190_1,
8795,애니퍼포먼스,"‘쇼킹나이트’애니팸, 별 따다 조 꺾고 3라운드行…단 1표 차이 [MK★TV뷰]",퍼포먼스의 제왕애니웨이는 뛰어난 춤 실력과 함께 현진영 ‘흐린 기억 속의 그대’를 소화했다. 최종 결과 41대 40으로애니팸이 1표 차이로 최종 승리를 거뒀다.애니웨이의 승리와 함께애니팸 전원이 3라운드로 직행했다. 탈락팀 중 3팀까지 쇼킹패스로 살릴 수 있고 전원 탈락도 가능한 가운데...,https://www.mk.co.kr/article/10806542,
