company_id,company_name,news_title,news_text,news_url,posted_at
5684,씨엘엠앤에스,"‘마음:단단’ 앱, 어르신을 위한 무료 심리상담 지원","다양한 사회적 이슈에 대해 맞춤심리상담을 실시하고 있는씨엘엠앤에스의 심리상담 전용 모바일 앱 ‘마음:단단’이 가정의 달을 맞아 어르신을 돌보는 사람들을 위한 특별 무료 심리상담 이벤트를 진행한다.이번 이벤트는 어르신을 돌보는 사람들을 대상으로 5월 1일부터 한달 동안 진행되며, 구글폼을...",http://www.brainmedia.co.kr/Trend/24070,
5684,씨엘엠앤에스,"코드에프·씨엘엠앤에스, 자동차정보제공서비스 고도화 MOU","데이터 중개 플랫폼 기업 코드에프(대표 서성권·여용주)는 자동차 빅데이터 분석 및 차량관리 시스템 제공 전문기업씨엘엠앤에스(대표 강종헌)와 '자동차정보제공서비스 고도화를 위한 업무제휴협약(MOU)'을 체결했다고 밝혔다. 양사는 이를 계기로 자동차 담보 대출, 중고차 거래, 자동차보험 등의 서비스를...",http://www.datanet.co.kr/news/articleView.html?idxno=169863,
5684,씨엘엠앤에스,"코드에프-씨엘엠앤에스, 자동차정보제공서비스 고도화 MOU 체결",데이터 중개 플랫폼 기업 코드에프(대표 서성권·여용주)는 자동차 빅데이터 분석·차량관리 시스템 기업씨엘엠앤에스(대표 강종헌)와 자동차 정보제공서비스 고도화를 위한 업무협약(MOU)을 체결했다고 21일 밝혔다. 양사는 이를 계기로 △자동차 담보 대출 △중고차 거래 △자동차보험 등 서비스를 제공하는...,http://www.etnews.com/20220221000247,
5684,씨엘엠앤에스,신학기 학부모를 위한 무료 심리상담 지원,마음단단 학부모 무료 삼당 이벤트(씨엘엠앤에스제공) 4일 전국의 대다수 학교가 개학 및 입학식을 한 가운데 신학기를 맞아 특별한 이벤트가 진행된다. 4일씨엘엠앤에스는 심리상담 전용 모바일 앱 '마음:단단'을 통해 신학기를 맞아 학부모들을 응원하고자 특별한 무료 심리상담 이벤트를 진행한다고 밝혔다....,https://www.sisamagazine.co.kr/news/articleView.html?idxno=502402,
5684,씨엘엠앤에스,"씨엘엠앤에스, 신차등록현황 빅데이터 분석 '카차트' 오픈","자동차 정보기업씨엘엠앤에스(CLM&S)는 최근 국내 자동차 신차등록현황 빅데이터를 분석할 수 있는 '카차트(CarCahrts)' 서비스를 오픈했다고 밝혔다. 카차트는 2012년 1월부터 현재까지 국내에 등록된 모든 승용차와 상용차의 월별 또는 연도별 데이터를 제공하며, 자동차 통계 전문가가 아니더라도 누구나...",http://www.meconomynews.com/news/articleView.html?idxno=50512,
5684,씨엘엠앤에스,"시흥시, 비대면 자동차매매상사 '온라인 이전등록' 시행",지난 22일 경기도 자동차매매사업조합 시흥시지부 및 ㈜씨엘엠앤에스와 자동차매매상사 온라인 (단순)이전등록시스템 운영을 위한 업무협약을 경기도 자동차매매사업조합 시흥시지부 회의실에서 체결했다.(사진=시흥시) 시흥시는 지난 22일 경기도 자동차매매사업조합 시흥시지부 및 ㈜씨엘엠앤에스와...,https://www.kmaeil.com/news/articleView.html?idxno=427161,
5684,씨엘엠앤에스,"시흥시, 자동차매매상사 온라인 이전등록 시행","경기 시흥시는 지난 22일 경기도 자동차매매사업조합 시흥시지부, ㈜씨엘엠앤에스와 자동차 매매상사 온라인 (단순)이전등록시스템 운영을 위한 업무협약을 체결했다고 밝혔다. 시 관계자에 따르면 이번 협약으로 23일부터 매매상사 자동차 이전등록 민원 처리를 위해 등록창구를 직접 방문하지 않고 이전등록을...",http://www.shinailbo.co.kr/news/articleView.html?idxno=1790918,
5684,씨엘엠앤에스,11월부터 온라인 車 이전 등록 대전·씨엘엠앤에스등과 협약,시는 23일 차량등록사업소 회의실에서 차량등록시스템 운영사인 ㈜씨엘엠앤에스및 대전오토월드자동차매매조합과 '온라인 자동차이전등록시스템' 협약을 체결했다. 이에 따라 시민들은 차량등록사업소를 직접 방문하지 않고 온라인으로 간편하게 자동차 이전등록을 할 수 있게 됐다. 이번 시스템은...,http://www.ccdailynews.com/news/articleView.html?idxno=1032849,
5684,씨엘엠앤에스,함양군 (주)씨엘엠앤에스와 협약체결,"= 경남 함양군은 지난 30일 재난종합상황실에서 최완식 함양군수를 비롯, 부군수, 실과소장 및 (주)씨엘엠앤에스강종헌 대표이사 등 15여 명이 참석한 가운데 함양군과 (주)씨엘엠엔에스와의 자동차관리정보시스템 협약식을 가졌다. 이번 협약은 자동차관리정보시스템 기업민원 서비스 제공을 통한 대국민...",https://n.news.naver.com/mnews/article/003/0004418946,
5684,씨엘엠앤에스,"충남 아산, '자동차 온라인 이전등록시스템' 업무협약","충남 아산시(시장 박경귀)가 24일 충청남도자동차매매조합·충청남도자동차협동조합·㈜씨엘엠앤에스와 자동차매매사업자용 '온라인 이전등록시스템' 업무협약을 체결했다. 이번 협약으로 자동차 이전등록 민원처리를 위해 등록창구를 직접 방문하지 않고, 매매사업자용 '온라인 자동차 이전등록시스템'을...",http://www.ccdn.co.kr/news/articleView.html?idxno=905684,
