company_id,company_name,news_title,news_text,news_url,posted_at
12322,네톰,"네톰, 중국 태그 생산 국영기업에 UHF 모바일 리더 ‘SWING’ 수출 개시",취급하는네톰이중국 하문신달물련과기유한공사(XINDECO)와 UHF 모바일 리더 'SWING' 제품의 1만5천대(500만불) 수출 계약을 체결하고 1차로 1만 대 생산에 들어갔다. 최소 보장 수량이 1만5천대여서 향후 중국 내 영업의 진척 사항에 따라 2년 내 3만대까지도 확대될 예정이다.네톰은 관련 분야에서 20개의...,http://www.hellot.net/new_hellot/magazine/magazine_read.html?code=202&sub=004&idx=32200,
12322,네톰,"네톰, 중국 태그 생산 국영기업에 UHF 모바일 리더기 '스윙' 수출",네톰이 지난달 30일 중국 하문신달물련과기유한공사(XINDECO)와 UHF모바일 리더기 '스윙(SWING)' 제품의 1만5000대(500만달러) 수출 계약을 체결하고 1차로 1만대 생산에 들어갔다고 밝혔다. 최소 보장 수량이 1만5000대여서 향후 중국 내 영업의 진척 사항에 따라 2년 내 3만대까지도 확대될 예정이다.네톰은...,http://www.cctvnews.co.kr/news/articleView.html?idxno=63352,
12322,네톰,"네톰, 혁신적인 모바일 IoT형 리더기 '스윙-U' 출시","네톰(대표 이건홍, www.nethom.co.kr)은 기존의 RFID 리더기보다 진일보한 IoT형 리더기 '스윙-U'를 오늘(9일)?출시했다.네톰이 개발한 모바일 IoT형 리더기 '스윙-U'의 차별성은 item location, 온습도 데이터, 데이터 검수기능 등을 기본적으로 탑재하고 있어 제품이 인식된 시점에 제품의 위치, 상황 정보(각종...",http://kr.aving.net/news/view.php?articleId=1005648&Branch_ID=kr&rssid=naver&mn_name=news,
12322,네톰,"[미리보는 2016 사물인터넷 국제전시회] IoT형 리더기네톰, 기업의 효율적인...","네톰은?오는 10월 12일(수)부터 14일(금)까지 코엑스에서 개최되는 '2016 사물인터넷 국제전시회(IoT Korea Exhibition 2016)'에 참가해 휴대형 RFID 리더기인 '스윙(Swing-U)', 세계에서 가장 작은 크기의 초소형 메탈 태그인 'NFID'와 능동형 RFID 온도센서 태그인 'Green Beat'를 선보인다.네톰(Nethom, 대표 이건홍)의...",http://kr.aving.net/news/view.php?articleId=1369871&Branch_ID=kr&rssid=naver&mn_name=news,
12322,네톰,"네톰, 사물인터넷 리더기 '스윙-U' 출시","네톰'스윙-U' [아이티데일리]네톰(대표 이건홍)은 9일 기존 RFID 리더기에서 진일보한 사물인터넷(Internet of Things, IoT)형 리더기 '스윙-U'를 출시했다. '스윙-U'에는 ▲제품 위치(item location) ▲온습도 데이터 ▲데이터 검수기능 등이 기본 탑재돼 있다. 이로써 제품 인식과 동시에 제품의 위치, 제품...",http://www.itdaily.kr/news/articleView.html?idxno=53745,
12322,네톰,"네톰, 사물인터넷 RFID 리더기 출시","국내 IT 벤처기업네톰이 사물인터넷 기술 기반 RFID 리더기 ‘스윙-U’를 출시했다. ‘스윙-U’는 제품의 위치정보는 물론, 온습도 데이터, 데이터 검수기능 등을 기본적으로 탑재하고 있다. 창고 내 제품이 인식된 시점부터 위치는 물론 각종 센서 정보, 제품의 자동계수까지 단번에 가능하다....",http://biz.heraldcorp.com/view.php?ud=20140710000925,
12322,네톰,"[RFID/USN KOREA 2011 현장]네톰, 긴 파리채 형태의 UHF RFID READER '스윙'","네톰(대표 이건홍, www.nethom.co.kr)은 11월 16일부터 18일까지 서울 코엑스에서 열리는 'RFID/USN KOREA 2011'에 참가해 UHF RFID READER '스윙'을 선보였다.... 특히네톰은 소비자의 요구에 대응해 스윙의 길이를 최대 70㎝까지 늘여 제작해 납품한 바 있다.네톰은 2003년 설립돼 대검찰청 기록물관리...",http://kr.aving.net/news/view.php?articleId=220267&Branch_ID=kr&rssid=naver&mn_name=news,
12322,네톰,"[미리보는 RFID/USN KOREA 2011]네톰, 협소한 곳의 데이터도 손쉽게 읽을 수...","RFID 시스템 전문업체네톰(대표 이건홍, www.nethom.co.kr)이 11월 16일(수)부터 18일(금)까지 서울 코엑스에서 열리는 'RFID/USN KOREA 2011(www.rfidkorea.or.kr)...네톰의 스마트 선반은 상향 인식 방식의 어레이 패치 안테나를 사용했고 주위 환경에 영향을 적게 받는 특징을 가지고 있으며, 인식 대상과의...",http://kr.aving.net/news/view.php?articleId=219044&Branch_ID=kr&rssid=naver&mn_name=news,
12322,네톰,"네톰, USN 게이트웨이 개발","네톰(대표 박종철 http://www.nethom.co.kr)은 유비쿼터스센터네트워크(USN)용 게이트웨이 제품을 개발, 출시했다고 9일 밝혔다. USN 게이트웨이는 지능형 홈이나 산업현장에 각종 센서로부터 정보를 수집, 다양한 u서비스 애플리케이션 구축 기반을 마련해 준다.네톰의 USN 게이트웨이는 국제표준 규격인...",http://www.etnews.co.kr/news/detail.html?id=200611090031,
12322,네톰,[미리보는 RFID/IoT]네톰의 900MHz RFID 이동형 리더 '스윙 1.5',네톰(www.nethom.co.kr)은 오는 10월 23일부터 25일까지 서울 코엑스 D홀에서 열리는 'RFID/IoT World Congress 2013'에 참가해 900MHz RFID 이동형 리더 '스윙... 이외에도네톰은 UHF 900MHz 대역에서 사용할 수 있는 온습도센서태그와?약 30x10mm 크기의 활용도가 높은?초소형 메탈태그 'NFID'도 함께 소개할...,http://kr.aving.net/news/view.php?articleId=719607&Branch_ID=kr&rssid=naver&mn_name=news,
