company_id,company_name,news_title,news_text,news_url,posted_at
9026,프리엘,‘아일랜드 체홉’ 브라이언프리엘대표작 ‘루나자에서 춤을’ 무대로,"루나자에서 춤을은 20세기 후반 가장 위대한 영어권 극작가이자 아일랜드의 체홉이라고 불리는 브라이언프리엘의 대표작이다. 종이로 만든 배가... 루나자에서 춤을은 가부장적 금기와 가난에 맞선 다섯 자매의 이야기이자, 산업사회라는 변화에 적응하지 못한 한 가정의 비극사이기도 하다.브라이언프리엘의...",https://vop.co.kr/A00001621571.html,
9026,프리엘,"여성 비키니·원피스 수영복프리엘로(Preello), 쇼핑몰 오픈하며 한가위 20%...","결합된 ‘프리엘로’(Preello) 브랜드 전상품에 대해 오는 19일까지 한가위 특별 20% 할인이벤트를 실시한다고 11일 밝혔다. 모던과 클래식을 넘나드는... 브랜드프리엘로(Preello)는 서울대학교 37회 패션쇼 ‘Run A Way’에도 후원, 오는 12일 19:30분 문화관 대강당 앞에서 패션쇼가 진행된다. 서 대표는...",http://www.tourtimes.net/sub_read.html?uid=50249§ion=sc40,
9026,프리엘,[박정기의 공연산책] 극단 풍경의 브라이언프리엘작 박정희 재구성 연출의 ...,▶ 공연메모 극단 풍경의 브라이언프리엘작 박정희 재구성 연출의 간혹 기적을 일으킨 사람 - 공연명 : 간혹 기적을 일으킨 사람 - 공연단체 : 극단 풍경 - 작가 : 브라이언프리엘- 재구성 : 연출 박정희 - 공연기간 : 2017년 9월 1일~17일 - 공연장소 : 나온씨어터 - 관람일시 : 9월 5일 오후 8시 [문화뉴스MHN...,http://www.munhwanews.com/news/articleView.html?idxno=75594,
9026,프리엘,아일랜드의 체홉 '브라이언프리엘'의 '아버지와 아들',"브라이언프리엘(Brian Friel·86)이 체홉 식으로 다시 쓴 연극입니다. 헛똑똑이 아들과 내리 사랑하는 아버지의 갈등을 다룹니다. 부자간의 갈등은... 이 연출은 ""브라이언프리엘(Brian Friel)은 '아일랜드의 체홉'이라고 불린다. 체홉의 특징이라면 대놓고 웃기는 장면이 없지만 잔잔하게 미소를 짓게 만든다""며...",http://news1.kr/articles/?2380697,
9026,프리엘,"아일랜드 극작가프리엘연극 '간혹,기적을 일으킨 사람들' 초연","9월 1∼17일 대학로 나온시어터 공연 '아일랜드의 체호프'로 불리는 극작가 브라이언프리엘(1929∼2015)의 '간혹, 기적을 일으킨 사람'이 국내 초연된다. 극단 풍경이 다음달 1∼17일 서울 대학로 나온시어터 무대에 올리는 연극 '간혹, 기적을 일으킨 사람'은프리엘의 1979년작 '페이스 힐러'(Faith Healer)를...",http://app.yonhapnews.co.kr/YNA/Basic/SNS/r.aspx?c=AKR20170826027000005&did=1195m,
9026,프리엘,[TEN PHOTO]육성재-프리엘'검게 그으린 민낯을 사수하라'(공항패션),[텐아시아=조준원 기자] 그룹 비투비 육성재와프리엘이 4일 오전 자카르타에서 SBS 정글의 법칙 수마트라 편 촬영을 마치고 인천국제공항을 통해 입국하고 있다. 그룹 비투비 육성재와프리엘이 4일 오전 자카르타에서 SBS 정글의 법칙 수마트라 편 촬영을 마치고 인천국제공항을 통해 입국하고 있다....,http://www.tenasia.co.kr/archives/1127895,
9026,프리엘,[부고]프리엘박희윤 차장 부친상,"(주)프리엘박희윤 차장 부친상 빈소 : 서울 건대병원 장례식장 104호, 발인 : 2월 9일 오전 10시, 장지 : 서울추모공원",http://www.enewstoday.co.kr/news/articleView.html?idxno=482324,
9026,프리엘,[ST포토] 비투비 포유프리엘'랩은 나에게 맡겨',그룹 비투비 포유(BTOB 4U) 첫 번재 미니앨범 '인사이드(INSIDE)' 발매 기념 쇼케이스가 16일 오후 서울 광진구 예스24 라이브홀에서 열렸다. 이날 쇼케이스에 참석한 비투비 포유 프니엘이 멋진 무대를 선사하고 있다. 2020.11.16.,http://stoo.com/article.php?aid=68686334830,
9026,프리엘,"HLB, 美서 ‘리보세라닙’ 경쟁력 강조...“범용성 높아 적응증 확대 기대”","왼쪽부터 엘레바 CCO 폴프리엘, CFO 웨이드 스미스, CEO 정세호 대표(사진=HLB) HLB(028300)는 미국 자회사 엘레바(Elevar Therapeutics)가 미국에서 개최된 캔터... 엘레바의 정세호 대표와 폴프리엘최고 상업화 책임자(CCO), 웨이드 스미스최고 재무 책임자(CFO)가 참여해 사회자와의 대담 형태로 진행된 이번...",http://www.edaily.co.kr/news/newspath.asp?newsid=02230406635772264,
9026,프리엘,"정세호 엘레바 대표 ""리보세라닙 상업화 전략만 307개 수립…NCCN 가이드라인...","엘레바는 지난해 4월 다케다제약 출신 폴프리엘(Paul Friel)을 최고상업책임자(CCO)로 영입하면서 리보세라닙 상업화 준비에 본격적으로 돌입했다. 현재 폴프리엘CCO 총괄 아래 마케팅(Marketing), 시장 진입(Market Access), 상업화 준비(Commercial Operations), 사업 개발(Business Development) 등 전담 영업 조직을...",https://news.mtn.co.kr/news-detail/2023080116010126446,
