company_id,company_name,news_title,news_text,news_url,posted_at
10535,예찬씨앤에스,[표] 신설법인 (7월 11일 ~ 7월 17일) 서울 - 유통,1층예찬씨앤에스이수철 50 컴퓨터ㆍ주변기기 도소매 원효로3가 51-30 원효 전자상가 6동 3층 98호 오픈이샵 권복순 50 가전제품 통신판매 번동 463-81 임오하이츠 빌라 A동 202호 웨스비 이용식 200 전자상거래ㆍ통신 판매 역삼동 832-7 황화빌딩 1606 위즈스토어 김교식 50 컴퓨터ㆍ주변기기...,http://news.mk.co.kr/news_forward.php?no=450100&year=2008,
10535,예찬씨앤에스,2014년 7월 신규 프랜차이즈 정보공개서 등록 170개 매월기준 역대최대,돈까스) 기타외식 20140553 2014-07-09 28예찬365일 데이케어예찬365일 데이케어 기타서비스 20140538 2014-07-09 29 육앤샤투스토리... (주)씨앤에스프랜차이즈 조가홍닭 주류 20140674 2014-07-28 151 (주)씨앤에스프랜차이즈 만고땡 주류 20140673 2014-07-28 152 권윤혁미스터팥집...,http://www.moneyweek.co.kr/news/mwView.php?type=1&no=2014080613298079845&outlink=1,
10535,예찬씨앤에스,"[관광레저시대 영천&] 영천관광, 색다른 볼거리·즐길거리·먹거리",명단 △미각루 △선창회가든 △고향솥단지삼겹살 △김부장숯불갈비 △까치복집 △원할머니보쌈 △제주초밥 △정원낙지 △예찬△천년레스토랑... 안심정 △씨앤에스에너지(주)대구방향 휴게소 △씨앤에스에너지(주)포항방향 휴게소 △동산정원 △초원숯불돼지갈비전문점 △황강식육식당 △(주)...,http://www.kyongbuk.co.kr/news/articleView.html?idxno=2005643,
10535,예찬씨앤에스,'백만원'으로 하루 2시간 투자해서 '천만원' 만들기!,"그는 주식투자가 반드시 필요하다고 강조하는 주식예찬론자이다. 무엇보다도 학력이나 처지에 상관없이 누구나 큰 부자가 될 수 있는 몇 안 되는... 에코프로,씨앤에스, 네오위즈게임즈, 넥스콘테크, 아이엠, 평산, 대덕전자, 남광토건, 동양메이저, 글로비스, 제다, 포휴먼, 성호전자, 수성, 미성포리테크...",http://www.moneytoday.co.kr/view/mtview.php?type=1&no=2010083008571742525&outlink=1,
