company_id,company_name,news_title,news_text,news_url,posted_at
9392,나우환경디자인,"패션DT,디자인~ 물류 전방위로","대표적으로나우패킹, 지브라테크놀로지, 트랜쇼 등을 꼽을 수 있다. 물류 과정 전산화 및 RFID, 바코드 등 다양한 기술을 접목해 효율적인 주문 처리를... 특히 패션기업 세정은 전사적으로 클로버추얼패션을 도입해디자인과정을 단축해환경면에서도 ESG 경영을 실현하고 있다.",http://www.fashionbiz.co.kr/article/view.asp?idx=206475,
9392,나우환경디자인,"""제품 본연의 기능에 충실한 결과""...삼성전자, 'iF디자인어워드 2024'서 금...","사용자환경(UI) 등 총 9개 부문에서디자인차별성과 영향력 등을 종합적으로 평가한다. 삼성전자는 올해 금상을 수상한 'OLED TV(S95C)'와 '갤럭시 Z... 제공하는 '삼성나우플러스(Samsung Now+)', 인공지능(AI) 사운드 기술 기반으로 소비자의 시청 공간을 분석해 몰입 경험을 극대화한 'Q 심포니', 모바일...",http://www.greenpostkorea.co.kr/news/articleView.html?idxno=216130,
9392,나우환경디자인,[라이센스 뷰티·패션 PICK] LG생활건강·LF 아떼·세르지오 타키니·나우,"라이센스뉴스 = 최은경 기자 | 12일 LG생활건강이 국내 화장품 업계 최초로 순도 100% 폐플라스틱 열분해유를 원료로 만든 친환경화장품 용기로 '제13회... 가능해 다양한 핏을 연출하며 입을 수도 있다.나우의 로고만을 활용한 아트웍으로 심플한디자인을 완성했으며, 색상은 블랙, 크림, 베이지 3가지로 구성됐다",https://www.lcnews.co.kr/news/articleView.html?idxno=65523,
9392,나우환경디자인,"서비스나우""나우플랫폼 모든 워크플로우에 생성형 AI 도입""",대화환경을 제공한다. 플로우 생성은나우플랫폼 내 관리자와 개발자가 워크플로우 청사진을 생성하고 대규모로 워크플로우를 빠르게 개발하는... 초기 워크플로우가 설정되면 개발자는 앱 엔진의 노코드디자인인터페이스를 사용하여 지속적으로 쉽게 조정하고 개선할 수 있다. FSM용나우어시스트는...,http://www.it-b.co.kr/news/articleView.html?idxno=71968,
9392,나우환경디자인,서비스나우“도메인 특화 자체 LLM으로 비즈니스 중심 생성형 AI 지원”,대화환경을 제공한다. 플로우 생성은나우플랫폼 내 관리자와 개발자가 워크플로우 청사진을 생성하고 대규모로 워크플로우를 빠르게 개발하는... 초기 워크플로우가 설정되면 개발자는 앱 엔진의 노코드디자인인터페이스를 사용하여 지속적으로 쉽게 조정하고 개선할 수 있다. FSM용나우어시스트는...,https://byline.network/?p=9004111222520307,
9392,나우환경디자인,[AP미디어동향 5월 1주] 한국 언론자유지수 15단계 하락,"┗ RSF는 전 세계 180개국의 언론 자유환경을 평가해 '좋음', '양호함', '문제 있음', '나쁨', '매우 나쁨'으로 분류한다. ┗ 전체 1위는 8년째 선두... 영상디자인국장 임태규 ▲ 경영국 경영심의부장 최송락 ▲ 신성장전략국 전략기획부장 곽용권 ▲ 신성장전략국 디지털콘텐츠부장 김영수 ▲ 보도국...",https://www.apnews.kr/news/articleView.html?idxno=3019079,
9392,나우환경디자인,"퓨어코리아, '생활의 편리함을 지켜주는 친환경정수 솔루션' 웨비나 개최","퓨어코리아는 오는 27일, 한경웨비나우플랫폼을 통해 '생활의 편리함을 지켜주는 친환경정수 솔루션'라는 주제로 웨비나를 개최한다고 밝혔다. 우리가... 퓨어발란스 ‘카운터탑 정수기’는 여러 번의 반복 작업을 끝에 1인 가구에도 적합한 사이즈와 감각적인디자인으로 설계되었으며, 비전문가가 아닌...",https://www.hankyung.com/article/202311241466O,
9392,나우환경디자인,"전통, 지속가능한디자인을 만나다..디자인을 혁신한 전통문화 기업들","주요 상품은 한국의 전통 공예품인 향로와 호롱에서 착안한 인센스 버너와 오일램프인데, 2019년 세계 3대 리빙 박람회인 뉴욕나우(NYNOW) 박람회에서... 재생지 및 친환경포장재를 사용하여환경친화적인 제품을 고객에게 제공하는 착한 기업이다.디자인전문 기업인 아이디어두잇과 함께 무자기의 새로운 홈...",http://news.heraldcorp.com/view.php?ud=20231214000023,
9392,나우환경디자인,내 몸에 맞는 깨끗한 물 고르는 방법은?,"퓨어코리아는 오는 27일, 한경웨비나우플랫폼을 통해 '생활의 편리함을 지켜주는 친환경정수 솔루션'라는 주제로 웨비나를 개최한다고 20일 밝혔다.... 퓨어발란스 제품은 사용자를 고려한 여러 설계 끝에 1인 가구에도 적합한 사이즈와 감각적인디자인으로 설계되었으며, 비전문가가 아닌 누구라도 교체...",https://www.hankyung.com/article/202311200576O,
9392,나우환경디자인,"안효섭, 캠핑시 철통보온!나우의 트랜스폼 '포틀랜드 캠핑 다운' 선봬",BYN블랙야크그룹이 전개하는 친환경어반 아웃도어 브랜드나우(nau)가 매서운 겨울 추위를 막아 줄 '포틀랜드 캠핑 다운' 시리즈를 출시했다. '포틀랜드... 상단 숏 기장 다운은나우의 시그니처 스타일인 아노락과 자켓을 결합한디자인으로 차별화를 뒀다. 포틀랜드 캠핑 다운재킷은 따뜻한 감성의 코듀로이...,http://www.kdfnews.com/news/articleView.html?idxno=121229,
