company_id,company_name,news_title,news_text,news_url,posted_at
5793,대교씨엔에스,대교씨엔에스“IPTV 콘텐츠 사업 시작해요”,"대교씨엔에스(대표 정윤희)가 채널명 ‘대교플러스’로 인터넷(IP)TV 콘텐츠 사업을 시작한다. 18일 방송통신위원회는 2009년 제11차 회의를 열어 이 회사의 IPTV 콘텐츠 사업자 등록 신청을 허용했다.대교씨엔에스는 ‘어린이’ 전문 채널(콘텐츠 제공 사업)이며, 납입 자본금은 100억원(실질자본...",http://www.etnews.co.kr/news/detail.html?id=200903180151,
5793,대교씨엔에스,품질에 대한 사전검증… 고품질 강구조물 제작/시공,"이처럼 삼일씨엔에스는 만경대교, 국내 최대 경간장 현수교인 이순신대교를 비롯해 사장교, 아치교, 트러스교 등 다수의 특수강교 제작/설치를 성공적으로 수행해 국내에서 입지를 공고히 하고 있다. 현재도 국내 최고 높이의 강주탑(150M) 사장교인 제3연륙교를 수주해 과업을 수행 중에 있으며, 고객이...",http://www.engjournal.co.kr/news/articleView.html?idxno=2641,
5793,대교씨엔에스,[교육용 SaaS 개발·검증 사업③] SaaS 기반 스마트한 자율 학습 지원,"올해 사업에는 NHN에듀, 쓰리알이노베이션, 퓨전소프트,대교씨엔에스, 글로브포인트, 코드넛, 비주얼캠프, 테크빌교육, 심테크시스템 등 9개 기업이 참여해 각사별로 다양한 SaaS 개발과 상용화에 앞장서고 있다. 기업별 세부 서비스를 살펴보면 코드넛은 교육 콘텐츠 '스튜디오 티클(Studio TEECLE)'을...",http://www.itdaily.kr/news/articleView.html?idxno=218350,
5793,대교씨엔에스,주식회사 '진영씨엔에스' 1사단 통일대교의 육군 장병들을 위해 KCS인증방호복...,"진영씨엔에스는 1사단 통일대교에 KCS인증방호복들을 기증해 JSA부대와 CIQ(남북출입사무소)등지에서 국내생산방호복들을 사용할 수 있도록 했으며, 육군 장병들의 안전한 군생활을 돕고 기업의 사회적 책임을 다하기 위해 이번 기증을 진행하게 됐다. 이번에 기증한 제품들은 레벨D의 KCS인증방호복 제품으로...",http://www.sisamagazine.co.kr/news/articleView.html?idxno=352363,
5793,대교씨엔에스,"[단독] 국세청,대교·대교홀딩스 특별세무조사…탈세 포착했나?","대교홀딩스는 대교(지분 54.5%)를 포함해 대교디앤에스,대교씨엔에스, 강원심층수, 대교 ENC를 직접 소유하고 있다. 그룹 내 핵심 계열사인 대교 역시 대교에듀캠프, 대교CSA, 대교아메리카, 대교홍콩유한공사 등 국내와 해외 계열사를 보유하고 있다. 2022년 9월 말 현재 대교그룹 지배구조 [자료=대교홀딩스...",https://www.ajunews.com/view/20230314173208481,
5793,대교씨엔에스,"장경간 고가구조물, 정밀함은 높이고 제작·시공은 효율적으로","씨엔에스씨는 새천년대교, 부산의 부산항대교, 인천의 송도4교 등 국내 굴지의 장경간 교량들을 성공적으로 시공한 경험을 토대로 사업의 주관을 맡은 한국철도기술연구원 및 공동 연구진과 함께 연구개발을 수행 중이다.씨엔에스씨 고한승 전무(사진)는 ""세계 최초의 신형식 고가구조물을 개발하는 일원이...",http://www.engjournal.co.kr/news/articleView.html?idxno=2522,
5793,대교씨엔에스,"[실적발표] 대림씨엔에스,대교, 한전기술, 고영, SK머티리얼즈","배동호 대림씨엔에스대표이사.대교는 2020년 1분기 연결기준으로 매출 1706억9천만 원, 영업손실 19억1800만 원, 순손실 67억3500만 원을 거둔 것으로 잠정집계됐다. 2019년 1분기보다 매출은 12.6% 줄었고 영업손실과 순손실을 내며 적자로 돌아섰다. 한전기술은 2020년 1분기 개별기준으로...",http://www.businesspost.co.kr/BP?command=article_view&num=175971,
5793,대교씨엔에스,"대교CNS, '쿠버네티스 서비스 인증 기업' 자격 획득","대교CNS, '쿠버네티스 서비스 인증 기업' 자격 획득 대교그룹의 종합 아이티(IT) 서비스 기업대교씨엔에스(CNS)는 클라우드 네이티브 컴퓨팅 재단(CNCF)이 운영하는 ‘쿠버네티스 서비스 인증 기업(KCSP)’ 자격을 획득했다고 17일 밝혔다. 쿠버네티스는 클라우드화된 애플리케이션을 빠르게 자동화할 수...",https://www.viva100.com/main/view.php?key=20220817010004173,
5793,대교씨엔에스,"[IB토마토](2세 경영-대교)②강호준·강호철, 승계 재원 마련 '빨간 불'","하지만 2011년 이비즈(e-biz) 사업부문을 그룹 계열사인대교씨엔에스에 매각하고, 매각 대가로 지분(보통주 98만9888주)을 받는 과정에서 논란이 제기됐다. 이후 일감몰아주기·부당 내부거래 등 의혹에 휩싸이자 크리스탈원은 사실상 영업을 중단했다. 대교 관계자는 에 “회사의 올해 배당 계획은 3월...",http://www.newstomato.com/ReadNews.aspx?no=1178925&inflow=N,
5793,대교씨엔에스,"대교-LG CNS, 외국어회화 교육 서비스 MOU","대교-LG CNS, 외국어회화 교육 서비스 MOU대교는 엘지씨엔에스(LG CNS)와 업무협약(MOU)을 체결했다고 14일 밝혔다. 이번 MOU로 LG CNS ‘스피킹클래스’ 애플리케이션에서대교초등영어 교과서를 활용한 교사의 영어 학습 콘텐츠 제작을 지원, 학생 등 학습자에게는 인공지능(AI)이 자동 추천하는 다양한...",https://www.viva100.com/main/view.php?key=20220614010002981,
