company_id,company_name,news_title,news_text,news_url,posted_at
10574,서광,제주영어교육도시 주변 성장관리계획구역 지정 추진,"서귀포시가 계획하고 있는 성장관리계획구역 지정 대상은 영어교육도시 주변인 대정읍 구억리와 안성리, 안덕면서광서리로 1구역인 구억리·서광서리 일원이 2.02㎢, 2구역인 영어교육도시 제2진입로 인접 안성리 일원이 0.4㎢다. 시는 1구역의 경우 영어교육도시 인근 비도시 지역으로 무질서한 소규모 개발행위...",https://www.newsis.com/view/?id=NISX20240509_0002728516&cID=10813&pID=10800,
10574,서광,"이스라엘, 인질협상 조건 대폭 완화...가자전쟁 휴전 합의에서광",이스라엘이 하마스와 인질 석방 협상 조건을 대폭 완화했다. 가자 전쟁을 끝내려는 외교적 노력이 성과를 거둘 수 있을 것이라는 기대감이 높아지고 있다. 파이낸셜타임스(FT)는 4월 29일(현지시간) 외교 소식통을 인용해 이스라엘이 전향적인 자세로 돌아섰다고 보도했다. 이스라엘과 하마스 간 협상이 수주 동안...,http://www.fnnews.com/news/202404300401016661,
10574,서광,[하늘에서 본 제주] 초록의 녹차향 가득 ‘서광녹차밭’,,https://news.kbs.co.kr/news/pc/view/view.do?ncd=7958833&ref=A,
10574,서광,'선도지구' 노리는 1기 신도시… 규모·동의율 확대 '안간힘',"(임광보성·한라3·화인유천·계룡·서광영남) ▲까치마을·주공 5단지 ▲양지마을(한양1·2단지 및 금호1·3단지, 청구2단지)의 8개 통합단지가 선도지구 선정을 추진하고 있다. 한솔마을 1·2·3단지는 현재 신탁방식 재건축 동의율을 50% 이상 넘겼고 정자일로(임광보성·한라·유천화인·계룡·서광영남 통합)...",https://www.moneys.co.kr/article/2024050708224016394,
10574,서광,"[GAM]""애플에서광이 비친다"", 6년 만의 강세론①",이 기사는 4월 30일 오후 4시17분 '해외 주식 투자의 도우미' GAM(Global Asset Management)에 출고된 프리미엄 기사입니다. GAM에서 회원 가입을 하면 9000여 해외 종목의 프리미엄 기사를 보실 수 있습니다. 주가가 작년 12월 최고가를 찍고 하락세로 반전해 현재까지 약 5개월 동안 어두운 '터널'을 지나고 있는 애플...,https://www.newspim.com/news/view/20240503000021,
10574,서광,"[GAM]""애플에서광이 비친다"", 6년 만의 강세론②",이 기사는 4월 30일 오후 4시17분 '해외 주식 투자의 도우미' GAM(Global Asset Management)에 출고된 프리미엄 기사입니다. GAM에서 회원 가입을 하면 9000여 해외 종목의 프리미엄 기사를 보실 수 있습니다. 에서 이어짐 5. PER과 계절성 4번째로는 애플 주식을 밸류에이션 지표인 PER(주가수익배율)로 봤을 때 매수...,https://www.newspim.com/news/view/20240503000020,
10574,서광,"서광초-신세계사이먼, 한마음축제 물품 후원",※사진설명(사진=초록우산 제주지역본부)사진 1) 지난 3일(금)서광초에서 열린서광초 한마음 축제에서 신세계사이먼 제주점이서광초 학부모회에 후원물품을 전달하고 기념사진을 촬영했다. 초록우산 제주지역본부(본부장 변정근)는 지난 3일 신세계사이먼 제주점(점장 정상기)으로부터 후원물품 30만원...,http://www.headlinejeju.co.kr/news/articleView.html?idxno=543153,
10574,서광,어린이날 연휴 거센 비바람에 제주 하늘길 차질…'결항·지연' 속출,ⓒ제주의소리 4일부터 현재까지 주요 지점별 누적강수량은 △삼각봉 625mm △진달래밭 601mm △윗세오름 495mm △금악 113.5mm △가시리 113.5mm △서광93mm... 주요 지점 가시거리는 △서광610m △성판악 640m △어리목 980m 등을 나타내고 있다. 제주도는 5일 밤까지 수증기를 머금은 강한 남풍이 유입되면서...,http://www.jejusori.net/news/articleView.html?idxno=426461,
10574,서광,"소파·매트리스 전문 제작 브랜드,서광퍼니처","서광퍼니처가 ‘2024 한국소비자만족지수 1위’ 가구(소파) 부문을 13년 연속 수상했다.서광퍼니처는 소파, 소파베드, 매트리스 전문 업체로, 휴식의 중요성이 대두되는 가운데 회사 내 기업 연구소를 두고 소비자의 변화하는 요구와 최신 트렌드를 빠르게 파악해 창의적이고 혁신적인 접근으로 제품 개발에...",https://magazine.hankyung.com/business/article/202404227075b,
10574,서광,"기상청속보, 한라산 625mm호우특보 '제주공항 결항·지연사태' 서울날씨예보","* 주요 지점 가시거리 현황(5일 14시 현재, 단위: m) -서광610, 성판악 640, 어리목 980 * 주요 지점 누적강수량 현황(4일~5일 14시 현재, 단위: mm) [산지] 삼각봉 625.0, 진달래밭 601.0, 윗세오름 495.0 [중산간] 제주금악 113.5, 제주가시리 113.5,서광93.0 [해안] 한림 64.0, 서호 57.5, 강정 56.5, 성산수산 45.5...",https://www.gukjenews.com/news/articleView.html?idxno=2986435,
