company_id,company_name,news_title,news_text,news_url,posted_at
666,필라테크,"필라이즈, 2023년 결산 발표...MAU 75만명 달성","필라이즈 신인식 대표는 “필라이즈는 초개인화 헬스테크기술을 통한 건강 관리와 혈당 관리 서비스를 제공하며, 다양한 건강 트렌드와 고민에 대한 솔루션을 제시하고 있다.”라며, “슈가케어로 파악한 실시간 연속혈당 데이터와 건강 기록, 생활 습관 데이터를 바탕으로 효과적인 혈당 관리를 할 수...",https://www.mk.co.kr/article/10934927,
666,필라테크,[포스트체크] 넷플릭스 세금 780억 못 내겠다 소송...불붙은 '조세회피' 논란...,"◆ 미국계 빅테크4사 지난해 매출은 9조원 세금은 백억원대 조세회피란 법률상의 행위 형식을 남용하여 조세부담을 부당히 경감하는 행위를 말한다.... 지난해 7월 기획재정부는 ""IF 가입국들은 경제의 디지털화로 촉발된 문제를 해결하기 위한필라1, 2 이행을 위해 패키지를 마련했다""며 ""성명문은...",http://www.lkp.news/news/articleView.html?idxno=47562,
666,필라테크,"필라테크, 스마트 무선랜 사업 확대","필라테크(대표 박동현)가 무선랜 유통 사업을 시작했다. 주력 상품은 스마트 무선랜 장비다. 일반·보안 공유기(AP), 무선침입방지 시스템(WIPS), 사물인터넷(IoT) 장비 등이다. 네트워크 스위치 장비와 액세서리도 판매한다. 유통 시장 영업력과 홍보도 강화할 방침이다. 부문별 전문 파트너를 모집, 다양한...",http://www.etnews.com/20170308000141,
666,필라테크,디지털 최저한세 적용 시작...필라2 적용대상 한국기업 240여개 사,디지털세는필라1(2025년 이후 발효 예정)과필라2(2024년 1월 시행) 두 축으로 구성되어 있다.보고서는 이중필라2 글로벌 최저한세는 전 세계 매출이... 한국무역협회 강금윤 수석연구원은 “당초 디지털세는 거대 빅테크기업들의 조세회피를 방지하기 위해 논의가 시작됐으나 현재는 제조업을 포함한...,https://weeklytrade.co.kr/news/view.html?section=1&category=5&item=&no=90609,
666,필라테크,"[스타트업 단신] 코드블라썸, 센트비, 한국프롭테크,필라이즈, 어웨이크코퍼...","미국 내 인증기관 및 정부 부처, 전통 금융권, 핀테크파트너사와 협업하며 해외 송금 사업의 토대를 마련했다. 또한 다수의 기술 검증을 거치며 송금... 영영관리 앱필라이즈, ‘식단 맞춤 분석’ 기능 추가 초개인화 영양관리 앱필라이즈가 식단 맞춤 분석 기능을 신설하고, 영양제와 식단 맞춤 분석을...",https://platum.kr/archives/200388,
666,필라테크,"필라테크, 서울교육청 SW 공급 수주","55억규모 MS 업무용… 3년연속 올해 최대 규모 SW 라이선스 구매입찰 건으로 꼽히는 서울교육청의 55억원 규모 '마이크로소프트(MS) 업무용 SW(OVS-ES)' 공급사업을필라테크가 수주했다. 서울교육청은 오는 4월부터 내년 3월말까지 교육청과 소속기관, 초·중·학교에서 사용할 MS 업무용 SW라이선스...",http://www.dt.co.kr/contents.html?article_no=2018032602101160753001&ref=naver,
666,필라테크,[스타트UP] AI로 혈당 관리필라이즈… 당뇨 전 단계 800만명 조준,같다.” ―필라이즈 인적 구성은 어떻게 돼 있나. “팀원은 10명이다. 약사 겸 영양사가 내부에 있다. 그리고 외부 감사로 한의학 박사와 의사들이 있다. 내·외부 네트워크를 활용해 서비스 전문성을 강화하고 있다. 내부 팀원 중엔 개발자가 대다수다.” ―헬스테크(건강 관리+기술) 시장 규모는 어느...,https://biz.chosun.com/industry/company/2023/12/30/XU5HEGDK4FFHBK2UIJRIW6CY5E/?utm_source=naver&utm_medium=original&utm_campaign=biz,
666,필라테크,맞춤 영양·식단관리 '필라이즈’ 120억 투자 유치 [주간 VC 동향],초개인화 영양 관리 플랫폼 '필라이즈'와 통신 보안 스타트업 '프라이빗테크놀로지'가 각각 투자유치에 성공했다. 27일 벤처캐피탈(VC) 업계에 따르면 초개인화 영양 관리 플랫폼필라이즈는 최근 120억원 규모의 시리즈A(본격적인 시장 진출 전 받는 투자) 투자를 유치했다. 이번 투자는 캡스톤파트너스가...,http://www.fnnews.com/news/202308271814116104,
666,필라테크,"필라이즈, 120억 투자 유치…탤런트뱅크, 김민균 대표 선임[Geeks' Briefing]","필라이즈는 2021년에 설립된 맞춤형 영양제·식단 관리 플랫폼이다. 주요 서비스는 △영양제 조합 분석 △약사와 영양사 등 전문가 상담 △식단 관리 기능 등이다. 프라이빗테크놀로지, 40억원 투자 유치 통신 보안 스타트업 프라이빗테크놀로지는 40억원 규모의 프리 시리즈A 투자를 유치했다. 이번 투자에는...",https://www.hankyung.com/economy/article/202308229451i,
666,필라테크,"님블스토리지,필라테크와 스토리지 총판 계약 체결",플래시 스토리지 전문 기업 님블스토리지코리아(지사장 김기훈)는필라테크(대표 박동현)와 국내 판매 총판 계약을 체결했다고 4일 밝혔다. 님블스토리지는 플래시 전문 스토리지 기업으로 최근 가트너 매직쿼드런트 범용 스토리지 부분에서도 리더군에 등록됐다. 신생 스토리지 벤더지만 세계 6000여 고객을...,http://www.etnews.com/20151104000186,
