company_id,company_name,news_title,news_text,news_url,posted_at
8241,마더브레인,"FSN 자회사마더브레인, 2년 연속 구글 프리미어 파트너로 선정",코스닥 상장사 FSN은 자회사마더브레인이 2024 구글 프리미어 파트너로 선정됐다고 5일 밝혔다. 구글 프리미어 파트너는 구글 파트너 프로그램 중 최고 등급으로 △기존 고객 성장 △신규 고객 증가 △고객 유지 △제품 다각화 △연간 광고비 지출을 종합적으로 평가한 후 각 국가별 상위 3% 기업에만 자격을...,http://news.mt.co.kr/mtview.php?no=2024030514470366815,
8241,마더브레인,[Interview] EQT파트너스 AI 투자 플랫폼마더브레인알렉산드라 러츠 대표 |...,"이코노미조선= | “기업의 재무 데이터가 많지 않아도 인공지능(AI)이 웹 트래픽(접속자 수)부터 과거 투자자, 임직원 정보 등을 종합해 기업을 평가해 줍니다.”세계 3대 사모펀드(PEF) 운용사 EQT파트너스(이하 EQT)에서 AI 투자 플랫폼 ‘마더브레인(Motherbrain)’을 총괄하는 알렉산드라 러츠(Alexandra Lutz)...",https://economychosun.com/site/data/html_dir/2023/10/09/2023100900003.html,
8241,마더브레인,[CEO인터뷰] 유제남마더브레인대표 “FSN그룹과 퍼포맥스 제휴 마케팅 시너...,"이투데이=고종민 기자 | 종합 디지털 마케팅 그룹 퓨쳐스트림네트웍스(이하 FSN)와 자회사마더브레인이 올해부터 본격적인 시너지를 낼 전망이다.마더브레인은 국내 대표 퍼포먼스 제휴 마케팅 기업으로, 마케팅 플랫폼 개발이 한창이다. 유제남마더브레인대표이사는 이투데이와 가진 인터뷰에서 “연내...",http://www.etoday.co.kr/news/section/newsview.php?idxno=1764231,
8241,마더브레인,"마더브레인, 2023 구글 프리미어 파트너로 선정","코스닥 상장사 FSN의 자회사마더브레인이 구글 파트너 프로그램의 최고 등급인 ‘2023 구글 프리미어 파트너(Google Premier Partner)’로 선정됐다. 구글 프리미어 파트너는 매년 국가별로 상위 3% 기업에만 부여하는 구글의 최상위 등급 파트너십이다. 전 세계 디지털 마케팅 파트너의 검색광고, 동영상(유튜브)...",https://www.mk.co.kr/article/10662301,
8241,마더브레인,"FSN, 주가 급등…자회사 구글 '최고등급 파트너' 선정","코스닥 상장사 FSN은 자회사마더브레인이 2024 구글 프리미어 파트너로 선정됐다고 5일 밝혔다. 구글 프리미어 파트너는 구글 파트너 프로그램 중 최고 등급으로 기존 고객 성장, 신규 고객 증가, 고객 유지, 제품 다각화, 연간 광고비 지출을 종합적으로 평가한 뒤 각 국가별 상위 3% 기업에만 자격을 부여한다....",http://www.thebigdata.co.kr/view.php?ud=202403060537469945cd1e7f0bdf_23,
8241,마더브레인,[북스&] 뇌 속의 돌봄회로가 가동시킨 육아의 비밀,"이 책의 원제목은 ‘마더 브레인(Mother Brain)’. 엄마의 뇌를 들여다보는 것이 이 책의 첫 번째 관문이다. 임신, 출산을 거치면서 ‘엄마’가 된 여성의 뇌는 어떤 변화를 거칠까. 저자는 다수의 연구 결과를 종합해 ‘여성의 뇌에는 출산 이후 ‘돌봄 회로’라는 것이 만들어진다’고 주장한다. 돌봄회로는...",https://www.sedaily.com/NewsView/2D91N9JF7S,
8241,마더브레인,"FSN, 주요 자회사 실적 호조..애드쿠아인터렉티브마더브레인작년 매출 '최대...",애드테크 전문기업 퓨쳐스트림네트웍스(이하FSN)는 자회사인 ‘애드쿠아인터렉티브’와 ‘마더브레인’이 작년 역대최대 매출을 기록했다고 12일 밝혔다. 디지털 중심 종합광고 회사 ‘애드쿠아인터렉티브’는 지난해 매출이 전년동기대비 12.3% 증가한 286억원을 시현해 창립 18년 이래 최고 매출을...,http://www.newspim.com/news/view/20190212000210,
8241,마더브레인,"[e기업] 류제남마더브레인대표 ""광고, 결국 통합의 길로""","2009년 이후 온라인 광고 대행 사업을 하고 있는 류제남마더브레인대표는 광고 시장도 융합의 길로 갈 수 밖에 없다고 예상했다. 류제남마더브레인대표 류 대표는 TV와 PC, 모바일 등 플랫폼 간 경계선이 모호해지고 있는 점을 들었다. 그는 “스마트TV에 나오는 광고를 디지털 광고라고 봐야할지 일반적인...",http://www.edaily.co.kr/news/newspath.asp?newsid=02220566619077064,
8241,마더브레인,유아영어 교재 '써니브레인마더구스' 개정판 '써니브레인마더송' 출간,"유아교육 전문브랜드 판타스쿨은 지난 3일, 유아영어 그림책 '써니브레인마더구스'의 개정판인 '써니브레인마더송'을 출간했다. 개정판 써니브레인마더송은 기존마더구스 구성에서 애니메이션 영상과 놀이 활동북 등을 추가해 유아영어를 배울 때 도움이 되는 놀이교구들을 패키지로 묶는 알찬 구성을...",http://www.munhwanews.com/news/articleView.html?idxno=150063,
8241,마더브레인,"20조 기흥단지, 삼성의 ‘마더팩토리’… SK-현대차도 국내에 핵심기지",삼성전자의 미래 ‘브레인’ 역할을 맡는다는 얘기다. 6일 재계에 따르면 삼성전자 기흥캠퍼스는 최근 주목받는 ‘마더팩토리 전략’의 가장 대표적인 사례로 꼽힌다.마더팩토리는 해외로 나갔던 기업들을 다시 자국으로 유치하자는 ‘리쇼어링’에서 한 단계 더 나아간 개념이다. 생산 기반은 해외로...,https://www.donga.com/news/Economy/article/all/20231107/122052032/1,
