company_id,company_name,news_title,news_text,news_url,posted_at
2008,미술세계,한강에세계서 가장 긴미술관 생긴다… '잠수교 핑크길' 명소 예감,"서울 잠수교가 '서울에서 가장 길고 특별한 야외미술관'으로 탈바꿈한다. 서울시는 ‘문화의 다리, 잠수교(디자인 설계 및 콘텐트 기획) 설계 공모’... 공모 최종 당선작은 네덜란드 건축 디자인 기업인 ‘아치 미스트’의 ‘세상에서 가장 긴미술관(The Longest Gallery)’이 선정됐다. 잠수교를 800m에 이르는...",https://www.joongang.co.kr/article/25248363,
2008,미술세계,"세계인의 사랑하는미술작품, 부산에 다 모였다",특별전으로는 아시아 현대미술1세대를 대표하는 여성 작가를 조명하는 ‘허스토리’ 섹션이 첫날부터 큰 관심을 받았다. 쿠사마 야요이 정강자 샤오루 등 동아시아를 대표하는 작가와 신디 셔먼 제니 홀저 등 서구를 대표하는 여성 작가의 작품도 한 자리에서 만날 수 있었다. 또 다른 특별전으로 도쿄와...,https://www.busan.com/view/busan/view.php?code=2024051010584155822,
2008,미술세계,"거리 전전하던 가출 청소년, 낙서 그림으로 전세계를 사로잡다 [나를 그린 화...","그가 살던 시기 현대미술은 지나치게 개념화되거나 추상화돼 엘리트 중심주의로 흘렀다는 지적을 받았습니다. 바스키아는 쉽고 직설적인 방식으로 그림을 그려 대중과 소통했고, 예술세계의 중심부에서 자신의 목소리를 당당히 냈습니다. <참고 자료> -탐라 데이비스(2020), 장 미쉘 바스키아: 더 레이디언트...",https://www.mk.co.kr/article/11007736,2024-05-11 09:09
2008,미술세계,백사장서 '세계미술관 여행'을…2024 해운대 모래축제,"부산 해운대구는 오는 24~27일 해운대해수욕장 백사장에서 '세계미술관 여행'을 주제로 '2024 해운대 모래축제'가 개최된다고 9일 밝혔다. 개막식은 24일 오후 7시 해운대해수욕장에서 개최하며, 드로잉 쇼와 가수 울라라세션의 노래 공연, 불꽃쇼가 진행된다. 이번 축제에서는 한국을 대표하는 최지훈·지대영...",https://www.newsis.com/view/?id=NISX20240509_0002728773&cID=10811&pID=10800,
2008,미술세계,5월엔세계문화예술교육 주간...올해는 21~27일,"이외에도 21~25일 ‘2024 문화예술교육사 현장역량 강화사업 문화시설 워크숍’이 서울역 서울스퀘어에서,세계적인 설치미술가 최정화 작가와 함께 늘봄학교 예술교육가를 대상으로 하는 ‘2024 아르떼 아카데미 연수’가 종로 세운상가 세운홀에서 개최될 예정이다. 박은실 교육진흥원 원장은 “올해...",http://www.fnnews.com/news/202405100915259585,
2008,미술세계,"한국문화예술교육진흥원, ‘2024세계문화예술교육 주간’ 행사 개최","이외에도 21일, 25일에는 문화예술교육 전문인력 양성 강화를 위한‘2024 문화예술교육사 현장역량 강화사업 문화시설 워크숍’이 서울역 서울스퀘어에서,세계적인 설치미술가 최정화 작가와 함께 늘봄학교 예술교육가를 대상으로 하는 ‘2024 아르떼 아카데미 연수’가 종로 세운상가 세운홀에서 개최될...",https://sports.khan.co.kr/news/sk_index.html?art_id=202405110617003&sec_id=940100&pt=nv,2024-05-11 07:09
2008,미술세계,대구와미술의 만남,"미술품 거래 온라인 플랫폼 ‘사적인 컬렉션’과 딜러 파트너 ‘마롱컴퍼니’를 통해서도 사전 판매에 공을 들였지만 전체 작품 거래 총액은 전년 대비... 우손갤러리는 오는 6월 스위스 바젤에서 열리는세계적인 아트 페어 '아트 바젤 바젤(ABB)'에 참가합니다. 지방 갤러리로는 처음인데요, 오묘초(1984)...",https://www.vogue.co.kr/2024/05/11/%eb%8c%80%ea%b5%ac%ec%99%80-%eb%af%b8%ec%88%a0%ec%9d%98-%eb%a7%8c%eb%82%a8/?utm_source=naver&utm_medium=partnership,2024-05-11 22:09
2008,미술세계,세계미술관 여행 2024 해운대 모래축제,"[부산=위키트리 최학봉 선임기자] 해운대구는 2024 모래축제 주제를 ‘세계미술관 여행’으로 정하고, 해운대해수욕장 그랜드미술관을 5월 24~27일에 오픈한다. 한국을 대표하는 최지훈 지대영 김길만 작가와 미국, 캐나다, 중국, 러시아 등 외국 작가 9명 등 모두 12명의세계적인 모래작가가 20개 작품을...",https://www.wikitree.co.kr/articles/950535,
2008,미술세계,"BTS RM, 오늘(10일) 선공개곡 'Come back to me' 전세계동시 발표","방탄소년단 RM이 10일 오후 1시(이하 한국시간) 신곡 'Come back to me'(컴 백 투 미)를 전세계동시 발표한다. 'Come back to me'는 오는 24일 발매되는... 류성희미술감독과 영화 '1987', '만추'의 김우형 촬영 감독이 의기투합했다. RM의 솔로 2집 'Right Place, Wrong Person'은 'Come back to me'를 포함해...",https://tenasia.hankyung.com/article/2024051099334,
2008,미술세계,'청년 핵심인재세계로'…부산시 '2024 NEXT 10' 사업,"부산시가 성장 잠재력을 지닌 청년 핵심인재를 발굴해세계적 리더로 도약·성장을 지원하는 '2024 NEXT 10' 사업을 진행한다. 부산시는 10일부터 24일까지... 선발 분야는 전문가 분야(건축, 조리, 디자인, 과학·기술), 문화·예술 분야(문학, 음악·무용·미술, 연극·영화, 사진), 이슈리더 분야(언론, 경제, 창업...",https://www.news1.kr/articles/5411509,
