company_id,company_name,news_title,news_text,news_url,posted_at
6993,파이닉스,"㈜파이닉스알엔디, 장학금 1000만 원 가평군에 기탁","기호일보 - 아침을 여는 신문, KIHOILBO 가평군 환경기초시설 위탁관리사인 ㈜파이닉스알엔디는 가평군에 장학금 1천만 원을 지난 3일 기탁했다. 고안상 ㈜파이닉스알엔디 대표는 이날 가평군청을 방문, ""학생들이 꿈을 키워 지역을 빛내는 훌륭한 인재로 성장하는 데 도움이 될 수 있기를 바란다""며 장학금...",http://www.kihoilbo.co.kr/news/articleView.html?idxno=1019536,
6993,파이닉스,"(주)파이닉스알엔디, 가평군에 장학금 1,000만 원 기탁","4일 (주)파이닉스알엔디가 가평군청을 방문해 장학금 1,000만원을 기탁한 후 기념사진을 찍고 있는 모습. (사진제공=가평군청.) ©열린뉴스통신 경기 가평군은 (주)파이닉스알엔디가 임인년 새해를 맞아 장학금 1,000만원을 기탁했다고 6일 밝혔다.파이닉스알앤디는 지난 2016년 장학금 300만원 기탁을...",https://www.onews.tv/news/articleView.html?idxno=106541,
6993,파이닉스,"[포토뉴스]정선,파이닉스알엔디·나라환경개발, 장학금 600만원 기탁",파이닉스알엔디(대표:고안상)와 나라환경개발(주)(대표:정연수)는 지난 6일 정선군청을 방문해 최승준 정선군수에게 지역 인재 육성을 위해 사용해달라며 장학금 600만원을 기탁했다.,http://www.kwnews.co.kr/page/view/2023010610044180633,
6993,파이닉스,"파이닉스알엔디‧나라환경개발, 정선장학회에 장학금 기탁",파이닉스알엔디와 나라환경개발이 6일 강원 정선군청 군수 집무실에서 지역 인재 육성에 써 달라며 최승준 정선장학회 이사장(가운데)에게 장학금 600만 원을 기탁했다. [사진=정선군],http://www.enewstoday.co.kr/news/articleView.html?idxno=1628996,
6993,파이닉스,"가평군 하수도사업소, ㈜파이닉스알엔디와 꽃 심기 행사 개최",위탁사인 ㈜파이닉스알엔디 와 가평군 하수도사업소는 식목일을 맞이하여 가평공공하수처리시설 주변 산책로에 꽃 심기 행사를 개최하였다고 밝혔다. 이날 꽃심기 행사에는 가평군 하수도사업소 공무원 및 ㈜파이닉스알엔디 직원등...,http://www.breaknews.com/884972,
6993,파이닉스,"가평하수사업소·파이닉스알엔디, 처리시설 주변 산책로 등 꽃 단장","기호일보 - 아침을 여는 신문, KIHOILBO 가평군 환경기초시설 위탁사인 ㈜파이닉스알엔디 와 가평군 하수도사업소는 5일 식목일을 맞아 가평공공하수처리시설 주변 산책로에 꽃 심기 행사를 가졌다. 이날 행사에는 가평군 하수도사업소 공무원 및 ㈜파이닉스알엔디 직원 등 40여명이 참석해 무스카리, 팬지...",http://www.kihoilbo.co.kr/news/articleView.html?idxno=973861,
6993,파이닉스,"(주)파이닉스R&D, 산청군에 성금 1000만원 전달","▲ 산청군은 ㈜파이닉스R&D가 16일 군청을 찾아 이웃돕기 성금 1000만원을 전달했다. 산청군은 ㈜파이닉스R&D(대표이사 고안상)가 16일 군청을 찾아 이웃돕기 성금 1000만원을 전달했다고 밝혔다. ㈜파이닉스R&D는 산청군 내 환경기초시설인 산청군가축분뇨공공처리시설, 산청군내리가축분뇨처리시설...",http://www.gndomin.com/news/articleView.html?idxno=262539,
6993,파이닉스,"파이닉스R＆D, 산청군에 성금 1000만원 전달","▲파이닉스R＆D, 산청군에 성금 1000만원 전달 [경남 위클리오늘=위종우 기자] 산청군은 ㈜파이닉스R＆D가 16일 군청을 찾아 이웃돕기 성금 1000만원을 전달했다고 밝혔다. ㈜파이닉스R＆D는 산청군 내 환경기초시설인 산청군가축분뇨공공처리시설, 산청군내리가축분뇨처리시설, 분뇨처리시설을 통합관리...",http://www.weeklytoday.com/news/articleView.html?idxno=330614,
6993,파이닉스,"파이닉스R＆D, 상주시에 코로나19 극복 마스크 1만 매 기탁",(주)파이닉스R＆D(대표 고안상)가 상주시를 방문하여 신종 코로나바이러스감염증(코로나 19) 극복을 위해 마스크 1만 매(600만 원상당)를 맡겼다. (상주시 제공) 상주시는 (주)파이닉스R＆D(대표 고안상)가 방문해 코로나 19 극복을 위한 마스크 1만 매(600만 원 상당)를 맡겼다고 밝혔다.파이닉스R＆D는...,http://www.kyongbuk.co.kr/news/articleView.html?idxno=2035065,
6993,파이닉스,㈜파이닉스알엔디 가평군에 장학금 기탁,"4일 오후 2시께 가평군 공공하수도 환경기초시설 위탁운영사인 ㈜파이닉스알엔디는 가평군청을 방문해 장학금 1천만원을 가평군에 전달했다. ㈜파이닉스알엔디는 2016년을 시작으로 올해로 누적 기탁금액이 1천800만원에 달한다. 김성기 가평군수는 ""장학기금을 낸파이닉스알엔디에 감사의 뜻을 전하다""며...",http://www.kyeonggi.com/news/articleView.html?idxno=2326534,
