company_id,company_name,news_title,news_text,news_url,posted_at
1557,제이블엔터테인먼트,"안재욱의 그녀 최현주,제이블엔터테인먼트전속계약",뮤지컬 배우 최현주가제이블엔터테인먼트와 계약. 활동에 본격적인 시동을 건다.제이블엔터테인먼트측은 19일 “최현주와 최근 전속계약을 체결했다. 많은 사랑을 받고 있는 두 배우와 함께하게 되어 기쁘다. “라고 밝혔다. 2015년 안재욱과 화촉을 밝힌 최현주는 이화여자 대학교 성악과를 졸업한 재원....,http://www.sedaily.com/NewsView/1L2R6AE52Y,
1557,제이블엔터테인먼트,"배우 안재욱,제이블엔터테인먼트설립 ‘홀로서기’ 후배 배우 양성 나선다","배우 안재욱이제이블엔터테인먼트를 설립했다. ⓒ 배우 안재욱이제이블엔터테인먼트를 설립해 독자적인 활동에 나섰다. 6일제이블엔터테인먼트측은 “안재욱이 최근 EA&C를 떠나 매니저와 함께 회사를 설립했다”며 “배우 매니지먼트를 목표로 회사를 운영할 계획""이라고 밝혔다. 이어...",http://www.newsculture.press/view.htm?idxno=2016090703470051007,
1557,제이블엔터테인먼트,"떼아뜨르-제이블엔터테인먼트합병, ‘EA＆C 설립’","EA＆C(사진=EA＆C) 임태경, 김주원 등이 소속된 떼아뜨로와 안재욱, 민영기가 소속된제이블엔터테인먼트가 합병 해 EA&C(이에이앤씨)를 설립했다. 20일 EA&C는 “떼아뜨르와제이블엔터테인먼트가 합병해 아티스트 매니지먼트와 엔터테인먼트 콘텐츠를 기획, 제작하는 EA&C(이에이앤씨)로 거듭났다”라고 밝혓다....",http://www.fnnews.com/newsview/starnews.jsp?newsid=20140620308300,
1557,제이블엔터테인먼트,"[창간특집①] 안재욱 ""제이블엔터 설립, 회사 일 다 체크해요""","원조 한류 스타로 드라마 및 뮤지컬에서 활발한 활동을 벌이고 있는 그가제이블엔터테인먼트를 설립, 배우 매니지먼트를 목표로 회사를 운영할 계획을 전한 것. 1994년 데뷔한 안재욱은 그간 드라마 ‘별은 내 가슴에’, ‘복수혈전’, ‘오 필승 봉순영’, ‘미스터 굿바이’, ‘빛과 그림자’ 등으로 대중의...",http://www.mydaily.co.kr/new_yk/html/read.php?newsid=201611211916171118&ext=na,
1557,제이블엔터테인먼트,"뮤지컬 배우 김준현 · 최현주,제이블과 전속계약","본문 이미지 영역 뮤지컬 배우 김준현 최현주가제이블엔터테인먼트와 계약을 체결했다.제이블엔터테인먼트측은 19일 “김준현, 최현주와 최근 전속계약을 체결했다. 많은 사랑을 받고 있는 두 배우와 함께하게 되어 기쁘다. ""라고 밝혔다. 김준현은 뮤지컬 ‘지킬 앤 하이드’, ‘잭 더 리퍼’, ‘모차르트’...",http://www.moneyweek.co.kr/news/mwView.php?type=1&no=2016101907398029029&outlink=1,
1557,제이블엔터테인먼트,"떼아뜨로-제이블엔터 합병, EA&C 설립","- 임태경·김주원·안재욱 등 한솥밥 - ""각 분야에서 활동중인 아티스트 지속 영입 계획"" 임태경과 김주원 등이 소속된 떼아뜨로가 안재욱 등이 소속된제이블엔터테인먼트와 합병해 ‘이에이앤씨(EA&C)’를 설립했다. 뮤지컬 등의 분야에서 실력을 인정받고 있는 임태경, 김주원, 김승대, 카이, 전동석, 임혜영...",http://www.edaily.co.kr/news/newspath.asp?newsid=01141446606124344,
1557,제이블엔터테인먼트,"안재욱, 16일 부친상 ""슬픔 속 빈소 지키는 중"" [공식]","17일 안재욱의 소속사제이블엔터테인먼트관계자는 OSEN에 ""안재욱 씨 부친께서 지난 16일 소천하셨다. 안재욱 씨는 슬픔 속에 가족들과 빈소를 지키고 있다""라고 밝혔다. 안재욱의 부친은 생전 대장암으로 투병한 끝에 별세했다. 고인은 가족들과 함께 마지막을 준비하던 중 세상을 떠난 것으로...",http://www.osen.co.kr/article/G1112225340,
1557,제이블엔터테인먼트,"‘음주운전’ 안재욱, 사과→뮤지컬 하차→인터뷰 취소…이틀째 여파ing [종합...",결국 안재욱 소속사제이블엔터테인먼트측은 “변명의 여지없이 책임을 통감하고 있다. 절대 해서는 안 될 물의를 일으켜 매우 부끄럽고 수치스러운 마음”이라며 사과의 뜻을 밝혔다. 안재욱은 뮤지컬 ‘광화문 연가’ 지방 공연에 출연 중이었다. 오는 3월부터 진행되는 뮤지컬 ‘영웅’ 10주년 기념...,http://www.tvreport.co.kr/?c=news&m=newsview&idx=1108382,
1557,제이블엔터테인먼트,[DA:피플] “참회·자숙할 것” 안재욱 음주운전→‘광화문연가’·‘영웅’ ...,"소속사제이블엔터테인먼트는 11일 오후 공식 입장문을 통해 “안재욱은 금번의 불미스러운 일에 대한 참회와 자숙의 의미로 ‘광화문연가’의 대전, 포항, 이천 공연과 개막을 앞둔 뮤지컬 ‘영웅’의 모든 공연 일정에서 하차하기로 결정했다. 다만 2월 16,17일로 예정된 ‘광화문 연가’ 부산 공연은, 공연이 채...",http://sports.donga.com/3/all/20190211/94061149/1,
1557,제이블엔터테인먼트,"안재욱, 음주운전 면허 정지...""부끄럽다..변명 여지없이 책임 통감""(공식입장...",/ 제공=제이블엔터테인먼트배우 안재욱이 음주운전으로 적발됐다. 11일 소속사제이블엔터테인먼트에 따르면 안재욱은 지난 9일 밤 지방 일정을 마친 후 숙소 옆 식당에서 동료와 술자리를 가졌다. 숙소로 복귀한 후 충분한 휴식을 취해야 했으나 안재욱은 10일 오전 서울로 향하던 중 음주운전 단속에 적발돼...,http://www.tenasia.co.kr/archives/1654842,
