company_id,company_name,news_title,news_text,news_url,posted_at
9144,앤츠커뮤니케이션,"'앤츠' 연습생 김정은, '슈스케' 티저출연으로 관심 폭증","개발 및 방송촬영환경 적응력을 높이는 동시에 방송현장 스탭과의커뮤니케이션, 방송예절 등을 체득하라고 연습생들에게 주문하는 것으로 알려졌다. 한편,앤츠스타컴퍼니는 현재 남녀 댄스그룹, 연기자 등을 오디션을 통해 선발하고 있으며 여자, 남자 댄스그룹을 준비중인 것으로 알려졌다. //온라인뉴스팀",http://www.cnews.co.kr/uhtml/read.jsp?idxno=201103151622468920303,
9144,앤츠커뮤니케이션,"코요태, 용감한형제와 손잡고 내년 컴백",[내일신문] ▲ 사진=앤츠워크커뮤니케이션혼성그룹 코요태가 인기 작곡가 용감한형제와 호흡을 맞춘 새 싱글을 발매한다. 소속사앤츠워크커뮤니케이션에 따르면 코요태는 다음달 2일 새 디지털 싱글 '했던 말 또 하고'를 발표하고 본격적인 활동에 돌입한다. '했던 말 또 하고'는 용감한형제의...,https://n.news.naver.com/mnews/article/086/0002088719?sid=106,
9144,앤츠커뮤니케이션,"[한류현장, 이투데이 기자가 간다⑤] 홍보팀 신입 경쟁률 100대 1… 무작정 덤...","앤츠웍스커뮤니케이션의 김일겸 이사는 단순히 ‘연예인이 좋아서’라는 이유로 일을 시작한다면 실망도 크다고 조언했다. 김 이사는 “그동안 많은 사람을 봐 왔다. 명확한 목표가 없이 단지 ‘연예인을 보고 싶다’는 이유로 일한다면 반대다. 사실, 연예인을 볼 기회도 생각보다 적고, 일도 많으므로 단순한...",http://www.etoday.co.kr/news/section/newsview.php?idxno=1236085,
9144,앤츠커뮤니케이션,"김영희PD “'나가수2' 정지찬 후임, 곧 정할 것""","한편 ‘나가수2’는 지난 6일 첫 생방송 경연을 펼쳤다. 이날 경연에서 이수영이 최고점을 받았으며 이은미와 JK김동욱이 상위권에 이름을 올렸다. 백두산, 이영현, 박미경은 아쉽게 하위권에 들었다. jmpyo@osen.co.kr &lt사진>앤츠워크커뮤니케이션, MBC",http://osen.mt.co.kr/article/G1109395269,
9144,앤츠커뮤니케이션,"코요태, 용감한형제와 손잡고 1월 신곡 발표",29일 코요테의 소속사앤츠워크커뮤니케이션에 따르면 코요태는 다음달 2일 새 디지털 싱글 '했던 말 또 하고'를 발표하고 본격적인 활동에 돌입한다. '했던 말 또 하고'는 코요태 특유의 멜로디와 곡 구성에 맞게 일렉트로닉 사운드를 더한 곡으로 히트 작곡가 겸 프로듀서 용감한 형제가 전체...,http://star.moneytoday.co.kr/view/stview.php?no=2011122912355366930&type=1&outlink=1,
9144,앤츠커뮤니케이션,"2019년 청년친화강소기업 1,127곳 선정",(주)골든민커뮤니케이션(주)골든블루 (주)광성금속 (주)광성텍 (주)군장조선 (주)금경라이팅 (주)기산과학 (주)나눔기술 (주)나래나노텍 (주)나우티앤에스... (주)앤츠(주)앱스필 (주)야스 (주)에네스지 (주)에몬스가구 (주)에버텍엔터프라이즈 (주)에스알티 (주)에스앤에스텍 (주)에스에스피 (주)에스에이치엘 (주)...,http://www.opinionnews.co.kr/news/articleView.html?idxno=12478,
9144,앤츠커뮤니케이션,"뉴스웨이, 22일 '제4회 블록체인 비즈니스 포럼' 개최","마지막인 여섯번째 세션은 YGBS의 오혜미커뮤니케이션수석매니저가 '메타버스와 NFT 플랫폼, 암호화폐 프로젝트 개발의 모든 것'이라는 주제로 발표에... 이번 포럼은 뉴스웨이가 주최하고 블록체인 경제미디어 블록스트리트, 가상자산 커뮤니티앤츠코인넷이 주관한다. 홍은호 머니에디터 eh@",http://www.newsway.co.kr/news/view?tp=1&ud=2022061014351250460,
9144,앤츠커뮤니케이션,"뉴스웨이-윈크립토코리아, 디지털자산 비즈니스 생태계 구축 MOU",커뮤니티 ‘앤츠코인넷’을 운영 중이다. 윈크립토는 새 인터넷 프로젝트 발굴 등의 업무를 하는 통합 마케팅 솔루션 제공 기업이다. 블록체인커뮤니케이션전문 글로벌 리소스를 보유 중인 윈크립토는 개발자 커뮤니티와 금융기관 등과 파트너십을 구축하고 있다. 윈크립토는 “블록체인 기술과 산업 동향에...,http://www.newsway.co.kr/news/view?tp=1&ud=2021032217190693523,
9144,앤츠커뮤니케이션,"서울산업진흥원, 지원그린테크 등 첫 소공인 18개 업체 선정","액세서리) ▷원데이커뮤니케이션(화장품, 휴대폰 케이스) ▷심야공방 (가죽소품) ▷아이탑 (신발) ▷열사람 (IoT 제조) ▷우리들 생활과학 (공기 청정기, 가습기) ▷주연 (여성 액세서리) ▷지원그린테크 (문풍지) ▷튜드코퍼레이션 (신발) ▷플레이 클라우드 (유아동복) ▷마이티앤츠(구두) ▷바이수 (핸드백...",http://news.hankyung.com/article/201808286372a,
9144,앤츠커뮤니케이션,[표] 신설법인 (7월 10일 ~ 7월 16일) 서울 - 서비스,"502호앤츠정종일 50 프랜차이즈 체인사업 논현동 140-3 보성빌딩 4층 에덴종합개발 지현태 100 부동산개발, 임대ㆍ분양 신정동 943-1 진주빌딩... 위트커뮤니케이션이형구 50 광고 업무대행 삼성동 120-2 대훈빌딩 3층 유원이엔지 김기배 100 소방시설 설계 성수동2가 280-13 삼환디지털벤처타워...",http://news.mk.co.kr/news_forward.php?no=390048&year=2009,
