company_id,company_name,news_title,news_text,news_url,posted_at
1737,비에스미디어커뮤니케이션,"무협, 中 신마케팅 트렌드와 뉴미디어활용법 세미나 열어","한국무역협회가 8일 서울 삼성동 트레이드타워에서 '중국 신 마케팅 트렌드와 뉴미디어마케팅을 활용한 실전 비법 세미나'를 개최했다. 무협은 이날... 중국 내 온라인마케팅 전문기업비에스커뮤니케이션의 박병규 대표는 ""올해 중국 전자상거래법이 개정되면서 왕홍, 따이공 등 개인도 사업자등록및 납세...",http://www.newsis.com/view/?id=NISX20191007_0000791810&cID=13001&pID=13000,
1737,비에스미디어커뮤니케이션,미시즈 퍼스트 뷰티월드 코리아 상해 프로모션 개시,"한편 '2017미시즈퍼스트뷰티월드 코리아'는 퍼스트 파운데이션과 충청일보, 여원뉴스가 공동 개최하며, 중국 타이근미디어와비에스커뮤니케이션이 함께 대회를 주관, 중국의 뉴스채널 봉황망중한이 함께한다. 대망의 대회를 통해 선발된 위너와 세미위너는 퍼스트파운데이션을 통해 각종 사회활동에 참여...",http://www.ccdailynews.com/news/articleView.html?idxno=923430,
1737,비에스미디어커뮤니케이션,"블로그산업협회, '뉴미디어트렌드와 벤처미디어생존전략' 컨퍼런스 개최","수 있을 것""이라며 ""모바일 시대 뉴미디어트렌트에 맞춘 공공기관 및 기업의 마케팅커뮤니케이션방법과 콘텐츠 창작, 활용, 배포의 전반적인 운영 노하우를 공유하는 유익한 자리에 많은 참여와 관심 부탁한다""고 말했다. bstoday@busan.com < 저작권자 ⓒ비에스투데이(www.bstoday.kr) 무단 전재 및 재배포 금지 >",http://news20.busan.com/controller/newsController.jsp?newsId=20151014000149,
1737,비에스미디어커뮤니케이션,"충남도, 지난해 방송 및 언론 등에 홍보비 75억 집행","니트커뮤니케이션즈 50,000,000 38 (주)경향신문사 49,600,000 39 (주)뉴스일대전충남 45,600,000 40 (주)내일신문 45,300,000 41... (주)에스비에스미디어넷 13,200,000 75 대전세종충남기자협회 13,200,000 76 주식회사 충청일보 13,200,000 77 주식회사전국매일신문 13,200,000 78...",http://www.newstnt.com/news/articleView.html?idxno=121747,
1737,비에스미디어커뮤니케이션,"충남도, 작년 ‘홍보비 75억 집행’…방송‧신문 6개사 30억","니트커뮤니케이션즈 50,000,000 38 (주)경향신문사 49,600,000 39 (주)뉴스일대전충남 45,600,000 40 (주)내일신문 45,300,000 41... (주)에스비에스미디어넷 13,200,000 75 대전세종충남기자협회 13,200,000 76 주식회사 충청일보 13,200,000 77 주식회사전국매일신문 13,200,000 78...",http://www.sisanews24.co.kr/6991,
1737,비에스미디어커뮤니케이션,"[1일 낙찰/계약 동향] 2019.2학기 현장체험학습 차량 임차 용역 계약, 공기청...","계약기관 : 서울특별시 성동구, 계약일자 : 2019-10-21, 계약방법 : 수의계약, 발주처(수요기관) : 서울특별시 성동구, 계약 : 주식회사 레드컴커뮤니케이션- 서울특별시 성동구 (성동구 골목길재생 공동체 활성화 실행 용역, 성동구 골목길재생 공동체 활성화 실행 용역). ▲ 낙찰업체 : 주식회사비에스아...",http://www.fintechpost.co.kr/news/articleView.html?idxno=83170,
1737,비에스미디어커뮤니케이션,"중국 콘텐츠 마케팅, 온·오프 사전준비는 필수",●마케팅 전에 제품 키워드 검색 결과를 만들어라 = 중국 내 온라인마케팅 전문기업비에스커뮤니케이션의 박병규 대표는 중국 뉴미디어마케팅에 대해 “가장 가성비 좋은 수단은 검색최적화(SEO)”라며 “SEO를 안 해놓으면 다른 걸 해도 효과가 없다”고 말했다. 중국인들은 광고를 암만 많이 해도 검색 결과가...,http://weeklytrade.co.kr/news/view.html?section=1&category=3&item=&no=57893,
1737,비에스미디어커뮤니케이션,"[16일 낙찰/계약 동향] 헌법 가치 확산을 위한 바이럴 영상 제작, 학산어린이...","2019학년도 5-3반,5-5반 체험학습 차량 임차용역 계약을 수의계약 방식으로 (주)비에스관광개발 - 서울특별시교육청 서울특별시강서교육청 서울등마초등학교간 계약금액 900,000(원)으로 계약을 체결했다. 서울은 미술관 영상기록 집적 및 촬영 용역 계약을 수의계약 방식으로 주식회사 큰물고기미디어...",http://www.fintechpost.co.kr/news/articleView.html?idxno=69477,
1737,비에스미디어커뮤니케이션,[24일 낙찰/계약 동향] 가고싶은 섬 소안도 항일운동의 섬 테마공원 조성 실시...,"마포구 골목길 재생 공동체 활성화 실행 용역 계약을 수의계약 방식으로 주식회사 레드컴커뮤니케이션- 서울특별시 마포구간 계약금액 5,000,000(원)... ▲ 낙찰업체 : 브이엘미디어(VL Media), 계약금액 : 1,155,000(원), 계약명 : 2019학년도 운일 체육 한마당 음향장비 및 천막텐트 대여 계약체결. 계약기관...",http://www.fintechpost.co.kr/news/articleView.html?idxno=81123,
1737,비에스미디어커뮤니케이션,금주(12월 13일~19일)의 신설법인,"및미디어등) 을 이용한 교육업) 강남구 남부순환로355길 33 나동 102호 (도곡동,일광하이츠) ▷너두지(이규현·20·광고기획, 대행 및 홍보업) 마포구... (수송동,두산위브파빌리온) ▷에이투디커뮤니케이션(김영수·5·광고대행업) 마포구 백범로31길 21, 1층 (공덕동,서울시50플러스 중부캠퍼스)...",https://www.hankyung.com/economy/article/201912236592i,
