company_id,company_name,news_title,news_text,news_url,posted_at
7631,퓨전,"메트라이프생명 사회공헌재단과 한국메세나협회,퓨전국악 뮤지컬 '심청날다'...","일환으로퓨전국악 뮤지컬 '심청날다'를 선보인다. 2019년 시작된 'The Gift'는 역량 있는 예술 단체를 발굴해 3년간 공연 제작, 음반 발매, 뮤직비디오... 2022년부터는 2기 단체로 선정된 국악 크로스오버 밴드 '날다'와 함께 판소리 '심청전'을 현대적으로 각색한퓨전국악 뮤지컬 '심청날다'를 선보이고 있다....",https://www.nbntv.co.kr/news/articleView.html?idxno=3016742,
7631,퓨전,"""정체 불명의퓨전한복에 전통 파괴 우려""에 바른 한복 입기 행사도","그런데 화려한 무늬의 정체불명퓨전스타일이 대부분이라, 우리 전통을 잃어가고 있다는 지적도 계속 나오고 있습니다. 사람들이 모여 한복에 대한... 그래서 전통 한복을 들여다보게 되었고."" 화려한퓨전에 가려진 우리 전통 한복. 잃어버린 전통을 되찾기 위한 반성과 성찰의 노력도 계속되고 있습니다. 취재...",https://news.jtbc.co.kr/article/article.aspx?news_id=NB12195160,
7631,퓨전,[공연]퓨전국악 뮤지컬 심청날다,"일환으로퓨전국악 뮤지컬 ‘심청날다’를 선보인다. 2019년 시작된 ‘The Gift’는 역량 있는 예술 단체를 발굴해 3년간 공연 제작, 음반 발매... 2022년부터는 2기 단체로 선정된 국악 크로스오버 밴드 ‘날다’와 함께 판소리 ‘심청전’을 현대적으로 각색한퓨전국악 뮤지컬 ‘심청날다’를 선보이고 있다....",https://www.artinsight.co.kr/news/view.php?no=69924,
7631,퓨전,쿠키피자·크루키… ‘디저트 왕국’ 프랑스가 바뀌었다? [푸드 트렌드],"전통성만 고수하지 않고,퓨전디저트를 받아들이는 경향이 생겼다. aT한국농수산식품유통공사에서 운영하는 KATI 농식품수출정보에서는 ""새로운... 프랑스에서 그나마 인기를 끌던퓨전디저트들은 말차 마카롱, 말차 밀푀유 등 디저트 정체성을 유지하면서 대중적으로 익숙한 새로운 맛이 첨가되는...",https://health.chosun.com/site/data/html_dir/2024/05/09/2024050902634.html,
7631,퓨전,[리얼푸드] ‘김치+마요네즈’퓨전K-소스가 인기인 이유,"매체의 소개처럼 최근 미국에서는퓨전(fusion)으로 즐기는 한식 요리가 주목받고 있다. 김치볶음밥을 비롯해 김치를 이용한 한식 요리에 마요네즈나 크림... ‘K-로제’는 고추장에 크림, 우유 등을 섞은퓨전소스다. 주로 떡볶이나 찜닭, 라면 등에 사용되고 있다. 해외에서도 SNS를 중심으로 관심을 얻고 있는...",http://www.realfoods.co.kr/view.php?ud=20240509050268,
7631,퓨전,마이크로소프트365로 디지털 전환에 박차를 가하다,에듀테크 기업으로서 마이크로소프트365로 한발 더 도약하려는퓨전소프트와 전통적인 패션 기업으로서 마이크로소프트365로 디지털 전환의 토대를 삼은 아가방앤컴퍼니의 사례를 소개한다. ■ 첨단 디지털교과서를 이끄는 첨병 '퓨전소프트'퓨전소프트는 1991년 창업한 소프트웨어 전문 기업이다. 최근에...,https://zdnet.co.kr/view/?no=20240507141715,
7631,퓨전,가요·퓨전국악·탱고까지…용산 ‘가족콘서트’ 한마당,"구는 가정의 달을 맞아 많은 구민이 문화예술을 즐길 수 있도록 인기가요, 재즈,퓨전국악, 탱고 등 풍성한 음악과 다채로운 볼거리를 마련했다. 90분간 진행되는 이번 공연은 8세 이상 누구나 무료로 관람이 가능하며 선착순으로 입장한다. 가수 백지영, 종합편성채널 경연 프로그램 ‘보이스퀸’ 준결승 진출자...",https://www.seoul.co.kr/news/publicnews/seoul_local/news_seoul/2024/05/07/20240507010004?wlog_tag3=naver,
7631,퓨전,“김치볶음밥엔 이걸 넣어야” 美서 인기인 레시피? [식탐],"매체 소개처럼 최근 미국에서는퓨전(fusion·함께 섞어 새롭게 만든 것)으로 즐기는 한식 요리가 주목받고 있다. 김치볶음밥처럼 김치를 이용한 한식... ‘K-로제’는 고추장에 크림, 우유 등을 섞은퓨전소스로, 국내에선 주로 떡볶이나 찜닭, 라면에 쓰이고 있다. 해외에서도 SNS를 중심으로 관심을 얻고 있는...",https://news.heraldcorp.com/view.php?ud=20240510050732,
7631,퓨전,"""서울놀이마당서 국악에 빠져봐요""…매주 토·일요일 무료공연","국악·판소리·한국무용 등 전통문화예술의 진수를 보여주는 무대부터,퓨전국악·창작 연희·장터 서커스 등 대중의 진입장벽을 낮추고 현대적으로 재해석한 공연도 마련됐다. 앞선 5월 첫 주말에는 한국무용과 국악 크로스오버 공연이 양일간 열렸다. 11일에는 사물놀이 거장 김덕수와 앙상블 시나위의 창작...",https://www.yna.co.kr/view/AKR20240510069000004?input=1195m,
7631,퓨전,[포토뉴스]철원군 건강퓨전마당극 '사또전' 성황,철원군이 어버이날인 8일 철원종합문화복지센터에서 Al-loT 어르신 건강관리사업의 일환으로 철원예술단과 함께 마련한 건강퓨전마당극 '사또전'이 성황리에 열렸다.,https://www.kwnews.co.kr/page/view/2024050815352185719,
