company_id,company_name,news_title,news_text,news_url,posted_at
1623,동양피앤아이,"레이싱모델 소이, '단아한동양미인 눈길' (피앤아이2022)","15일부터 18일까지 4일간 서울 강남구 삼성동 코엑스에서 '제31회 서울국제사진영상전(The 31th Seoul International Photo & Imaging Show (P&I 2022)' 이 열렸다. 이번 행사는 코엑스, (사)한국사진영상산업협회, (사)한국광학기기산업협회가 주최하고 대한사진영상신문사가 후원했다. 캐논...",http://www.siminsori.com/news/articleView.html?idxno=231225,
1623,동양피앤아이,나이스피앤아이‘제 15차 나이스본드아카데미’개최,"이번 강의는동양증권 금융상품개발 팀장 추정호 박사와 나이스피앤아이금융공학연구소 팀장 안청희 박사가 담당하게 되며, 첫 강의는 10월 15일에 시작된다. 이후, 11월 19일까지 6주간 매주 화요일 저녁 7시부터 2시간 동안 진행된다. 강의 장소는 여의도 사학연금회관 2층...",http://www.etoday.co.kr/news/section/newsview.php?idxno=795027,
1623,동양피앤아이,"나이스피앤아이, 제 15차 나이스본드아카데미 개최",강의는동양증권 금융상품개발 팀장 추정호 박사와 나이스피앤아이금융공학연구소 팀장 안청희 박사가 담당하게 된다. 첫 강의는 10월 15일(화)에 시작되며 11월 19일까지 6주간 매주 화요일 저녁 7시부터 2시간 동안 진행된다. 장소는 여의도 사학연금회관 2층 회의실이며 강의...,http://www.fnnews.com/view?ra=Sent0301m_01A&corp=fnnews&arcid=201309230100218740012120&cDateYear=2013&cDateMonth=09&cDateDay=23&,
1623,동양피앤아이,9월 ELS 발행 6개월째 감소 …동양사태와 함께 중도 상환 '급증',"김경용 나이스피앤아이연구원은 ""지난달 13~26일 ELS 상환에 비춰 국내 증시 상승으로 주가지수를 기초자산으로 설정한 ELS 종목들이 개별종목... 이와 함께 지난달 중순 이후 불거진동양그룹 사태 역시 ELS 투자심리 위축 요인으로 작용했다는 분석이다. 최창규 우리투자증권 연구원은 ""동양그룹...",http://www.hankyung.com/news/app/newsview.php?aid=2013100280076,
1623,동양피앤아이,[더벨]신흥 강호로 떠오른 '재무 주치의'동양證,"재무적으로 어려움에 처한 기업의 '재무 주치의'를 자처하는동양종금증권이 유상증자 주관 부문의 새로운 강자로 떠올랐다. 지난해 연간 유상증자... 건수는 상위권에 오른 증권사 중에서 가장 많았지만, 비츠로테크(108억원)와 삼정피앤아이(500억원)를 제외한 나머지 발행사의 주관 규모가 50억원...",http://www.moneytoday.co.kr/view/mtview.php?type=1&no=2011070115306059649&outlink=1,
1623,동양피앤아이,<부음>正煥동양강철대표 부친상 外,"▲成明煥성일전기대표·正煥동양강철대표 부친상〓13일 18시40분 서울아산병원. 발인 15일 7시30분 02-3010-2291 ▲金裕燦피부과의원원장·裕承... 발인 15일 8시 02 -760-2016 ▲徐聖烈미래비젼대표·大烈㈜오키데이대표이사 부친상, 琴東海 공인회계사·丁敬浩㈜피앤아이대표이사 장인상...",https://n.news.naver.com/mnews/article/021/0000015892?sid=102,
1623,동양피앤아이,10월 13일 개장 전 주요공시,"콘텐트리중앙은 중앙홀딩스 외 2인에서 중앙피앤아이외 2인으로 최대주주가 변경됐다고 10일 공시했다.동양은 YTN 지분인수를 위한 본계약을 체결했다고 10일 공시했다.동양은 ""당사가 출자(49%)한 유진이엔티 주식회사가 YTN 지분 일부 인수를 위한 계약을 체결했다""고 밝혔다. 조선내화는...",http://www.seoulfn.com/news/articleView.html?idxno=500802,
1623,동양피앤아이,"[증권소식] 작년 사업보고서 제출 기업 5곳 중 2곳 '미흡'/메리츠운용, 김병철...","이를 위해 유가증권평가기관 NICE피앤아이와 컨설팅 계약을 체결했으며, 관련 컨설팅을 10월 말까지 진행한다. 예탁원은 ""이번 컨설팅은 예탁원... 그는 1989년동양증권에 입사해 23년간 채권운용팀장, 금융상품 운용팀장, 기업금융(IB)본부장, 채권·외환·상품(FICC) 본부장으로 근무했다. 이후 신한투자증권...",https://www.asiatime.co.kr/article/20230713500453,
1623,동양피앤아이,[2020 대구경북 신년교례회] 자리를 빛내주신 분들께 감사드립니다,"장일성동양전자초자㈜ 대표이사, 장진영 대구경북가구공업협동조합 이사장, 장환석 대성에너지㈜ 가스솔루션본부장, 전영배 삼익THK㈜ 사장, 전용만... 매일피앤아이대표, 정찬두 ㈜세기리텍 회장, 정태호 ㈜칼라원 대표이사, 정해은 ㈜에스엘티 대표이사 /㈜선웅 회장, 정훈 ㈜우산 회장, 조만현 동우씨엠...",https://news.imaeil.com/Politics/2020010222113504941,
1623,동양피앤아이,[더벨]세컨더리 펀드 활황…주요 LP 관심 '집중',"피앤아이인베스트먼트-L&S벤처캐피탈(Co-GP), 이수창업투자, 케이앤투자파트너스는 모태펀드의 출자 없이 100% 민간 자본으로만 한국벤처투자조합... 최근 해산된 유안타인베스트먼트의 'KoFC동양파이오니어 챔프 2011-11호 투자조합(380억 원)'은 IRR 18%를 달성했다. 메디치인베스트먼트의 첫 세컨더리...",http://www.thebell.co.kr/front/free/contents/news/article_view.asp?key=201701060100013480000800,
