company_id,company_name,news_title,news_text,news_url,posted_at
8068,자우버,"F1 진출하는 아우디, ‘니코 휠켄베르크’ 영입","니코 휠켄베르크는자우버와 장기 계약을 체결해 오는 2025년부터자우버팀 소속으로 활동하게 되며, 오는 2026년 시즌부터 아우디 F1 팀으로 전환해 경기에 참가할 예정이다. 최근 아우디는 성공적인 F1 출전을 위해자우버지분 100%를 인수했다. 안드레아스 자이들 아우디 F1팀 최고경영자(CEO)는...",https://www.mk.co.kr/article/11006549,
8068,자우버,"중국자우버광안시장, 구미시 방문… 산업 분야 협력 논의","경북 구미시와 국제 우호 도시를 맺은 중국 사천성 광안시의자우버(趙波) 광안시장 일행이 4월 21일부터 2박 3일간의 일정으로 구미시를 방문했다. 광안시장 일행은 박정희 대통령의 생가를 방문해 한국의 현대사와 구미시의 발전 역사에 대해 깊이 있는 이해를 얻었으며, 구미상공회의소와 지역 내 주요...",https://view.asiae.co.kr/article/2024042311263150882,
8068,자우버,자우버중국 쓰촨성 광안시장 일행 구미상의 방문,22일 구미상공회의소 회의실에서 열린 '자우버중국 쓰촨성 광안시장 일행 구미상의 방문 구미-중국 경제교류 간담회' 에서 참석자들이 기념촬영을 하고 있다./구미상공회의소 제공 구미상공회의소는 22일 회의소 회의실에서 '자우버중국 쓰촨성 광안시장 일행 구미상의 방문 구미-중국 경제교류 간담회'를...,http://www.kbmaeil.com/news/articleView.html?idxno=993476,
8068,자우버,"자우버중국 쓰촨성 광안시장 일행, 구미상의 방문","회의실에서자우버중국 쓰촨성 광안시장 일행이 구미상공회의소 방문하여 구미-중국 경제교류 간담회를 개최했다. 매일일보 = 이정수 기자 | 구미상공회의소는 지난 22일 오전 11시 구미상공회의소 3층 회의실에서 윤재호 회장을 비롯한 상의 관계자,자우버중국 쓰촨성 광안시장 일행, 엄기득 구미시...",http://www.m-i.kr/news/articleView.html?idxno=1113558,
8068,자우버,"아우디, 니코 휠켄베르크 영입으로 포뮬러 1 프로젝트 박차","니코 휠켄베르크는자우버와 장기 계약을 체결해 2025년부터자우버팀 소속으로 활동하며, 2026년 시즌부터 아우디 F1 팀으로 전환하여 경기에 참여할 예정이다. 독일 출신의 드라이버로 F1 레이스에 200경기 이상 참가한 니코 휠켄베르크는 아우디 F1팀 구축에 크게 이바지할 예정이다. 안드레아스 자이들...",http://www.rpm9.com/news/article.html?id=20240506090008,
8068,자우버,"중국자우버광안시장, 구미시 방문… 산업 분야 협력 논의","▲ 김장호 시장은 지난 22일, 사천성자우버광안시장과 교류 협력 방안에 대해 의견을 나누었다. 구미시 제공 구미시의 국제 우호 도시인 중국 사천성 광안시의자우버(趙波) 광안시장 일행이 지난 21일부터 2박 3일간의 일정으로 구미를 방문했다. 광안시장 일행은 박정희 대통령의 생가를 방문해 한국의...",https://www.dkilbo.com/news/articleView.html?idxno=439741,
8068,자우버,"㈜자우버, '2023년 충청남도 장애인고용 우수기업' 선정","생활위생용품 전문 제조기업 ㈜자우버가 '2023년 충청남도 장애인고용 우수기업'으로 선정됐다고 밝혔다. 관계자는 ""㈜자우버는 10월 31일 충청남도에서 선정하는 장애인고용 우수기업으로 선정됐다. 장애인고용 우수기업은 포용적 기업문화를 조성해 장애인 고용에 선도적인 역할을 하는 기업 및 기관을...",http://www.sisunnews.co.kr/news/articleView.html?idxno=202539,
8068,자우버,"㈜자우버, '장애인 고용 우수 기업' 선정",생활위생용품 전문 제조기업 ㈜자우버가 ‘2023년 충청남도 장애인고용 우수기업’ 으로 선정됐다.자우버는 10월 31일 충청남도에서 선정하는 장애인고용 우수기업으로 선정됐다고 발표했다. 장애인고용 우수기업은 포용적 기업문화를 조성해 장애인 고용에 선도적인 역할을 하는 기업 및 기관을 선정하는...,https://www.fetv.co.kr/news/article.html?no=151233,
8068,자우버,"자우버, '충청남도 장애인고용 우수기업' 선정","생활위생용품 전문 제조기업 ㈜자우버가 충청남도에서 선정하는 '2023년 충청남도 장애인고용 우수기업'으로 10월 31일 선정됐다고 밝혔다.자우버는 2014년 법인 설립 이후, 안전확인대상생활화학제품, 의약외품, 위생용품 등의 분야에서 지속적인 기술혁신으로 국내에서 생활위생용품 제조기업으로서의...",https://www.thebilliards.kr/news/articleView.html?idxno=23329,
8068,자우버,"서브랩, 신제품 ‘워싱소다 부스터 캡슐세제’ 출시","사진=서브랩 주식회사자우버(Sauber)의 라이프솔루션 브랜드 서브랩(Sub.lab)이 세제와 표백제를 하나의 캡슐로 담아낸 신개념 세탁세제 ‘워싱소다 부스터 캡슐세제’를 출시했다고 29일 밝혔다. 서브랩은 Unmet Needs(당신이 몰랐던, 생활 속 편리) 콘셉트를 기반으로 소비자들의 생활 속 크고 작은 불편함을...",http://www.segyebiz.com/newsView/20240429506258?OutUrl=naver,
