company_id,company_name,news_title,news_text,news_url,posted_at
2930,세움,미래엔 아이세움‘제2회 아이세움북캉스-작가와의 만남’ 강연 진행,미래엔의 아동출판브랜드 아이세움이 전국 초등학교 및 공공기관에서 '제2회 아이세움북캉스 - 작가와의 만남'을 진행한다. 아이세움북캉스는 미래엔 아이세움의 인기 동화 작가가 초등학생 독자들을 직접 만나 세상을 보는 시각을 넓혀주고 책 읽기의 재미를 느끼도록 돕기 위해 마련된 자리다. 지난 2월...,https://www.ekn.kr/web/view.php?key=20240509024513743,2024-05-11 08:19
2930,세움,삼육대 2026학년도 입학전형 주요사항 발표…무전공 261명 선발,"전형별 모집인원을 보면 수시모집에서세움인재전형(종합)과 논술우수자전형(논술)이 각각 37명, 24명 늘어난 242명, 148명을 선발한다. 학교장추천전형(교과)는 40명 줄어든 137명이다.세움인재전형은 1단계 서류 100%로 4배수를 선발하고 2단계에서 1단계 성적 60%, 면접 40%를 합산한다. 서류평가와...",https://news.heraldcorp.com/view.php?ud=20240511050072,2024-05-11 17:19
2930,세움,"미래엔아이세움, '북캉스-작가와의 만남' 학교 순회 강연",미래엔의 아동출판 브랜드 아이세움은 전국 초등학교와 공공기관에서 '제2회 아이세움북캉스 - 작가와의 만남'을 진행한다 7일 밝혔다. 아이세움북캉스는 인기 동화 작가가 초등학생 독자들을 직접 만나 세상을 보는 시각을 넓혀주고 책 읽기의 재미를 느끼도록 돕기 위해 마련된 자리로 지난 2월 미래엔...,https://www.nocutnews.co.kr/news/6140853?utm_source=naver&utm_medium=article&utm_campaign=20240507014647,
2930,세움,"안산대, 'AU세움마음건강 캠페인' 운영","안산대학교(총장 윤동열) 학생상담센터는 지난 2일 안산시 정신건강복지센터, (사)가치있는누림과 AU세움마음건강 캠페인 프로그램을 운영했다고 8일 밝혔다. 이번 캠페인은 안산대 재학생들에게 정신건강관리의 필요성 및 중요성을 안내하고, 은둔·고립 청년 지원 및 건강한 대학생활을 응원하기 위해...",http://www.enewstoday.co.kr/news/articleView.html?idxno=2124801,
2930,세움,"[삶-특집] ""아이들을 내놓을리 없습니다…그들에게는 돈이니까요""","이경림세움대표 이경림(59)은 교도소 수용자 자녀들을 지원하는 아동복지실천회 '세움'의 대표다. 수용자 자녀는 자기가 잘못을 저지른 것이 아닌데도 사회적 형벌을 받는다. 생계가 어려워지고, 소년·소녀 가장이 돼서 홀로 살기도 한다. 이 대표는 4일 연합뉴스와의 통화에서 ""부모 중 1명 또는 양부모가...",https://www.yna.co.kr/view/AKR20240504023900505?input=1195m,
2930,세움,삼육대 '2026학년도 입학전형 주요 사항' 발표,"수시 논술전형 '약술형 논술' 시행...모집인원↑ 수시에서는세움인재전형(종합/37명↑)과 논술우수자전형(논술/24명↑) 인원이 2025학년도 대비 증가했고, 학교장추천전형(교과/40↓)의 인원은 줄었다.세움인재전형(종합)은 가장 많은 인원인 242명을 뽑는다. 1단계 서류 100%로 4배수를 선발하고, 2단계에서...",http://news.mt.co.kr/mtview.php?no=2024050716164950444,
2930,세움,'북캉스- 작가와의 만남' 운영,미래엔의 아동출판 브랜드 아이세움이 전국의 초등학교와 도서관 등 공공기관에서 '제2회 아이세움북캉스- 작가와의 만남'을 진행한다. 작가가 직접 학교로 찾아가 강연을 진행하는 형식으로 운영된다. 임지형ㆍ송정양ㆍ조성자ㆍ문채빈ㆍ윤숙희ㆍ정이립 작가가 참여한다. 현재 참여 학교를 모집 중이다. 자세한...,https://www.kidshankook.kr/news/articleView.html?idxno=10325,
2930,세움,"인천 만수주공 재건축, '빛세움'이 정비사업 관리",빛세움과 계약을 체결했다. 추진위원회 설립 또는 사업시행자 지정을 위한 용역계약이다. 인천광역시 남동구 만수동 13번지 일대에 1980년대 중반 준공된 만수주공은 1~6단지를 합쳐 6866가구 규모로 인천 최대규모 재건축 추진 단지다. 빛세움은 조합방식으로 진행할 경우 추진위가 정비사업전문관리업자...,http://www.constimes.co.kr/news/articleView.html?idxno=247074,
2930,세움,[베스트셀러] '오래되고 멋진 클래식 레코드 2'·'똥볶이 할멈 6'·'오십 너머...,다음으로 17위는 흔한남매 - '흔한남매 16'(미래엔아이세움)이 차지했다. 18위는 양귀자 - '모순'(쓰다)이다. 이어 19위에는 모건 하우절 - '돈의 심리학... 13위는 흔한남매 원저/백난도 글/유난희 그림/흔한컴퍼니 감수 - '흔한남매 16'(미래엔아이세움)이다. 이어 14위에는 신용하(빨간모자쌤) 저 - '빨모쌤의...,http://www.topstarnews.net/news/articleView.html?idxno=15492815,2024-05-11 09:19
2930,세움,"[베스트셀러] '새벽의 연화 42'·'김형석, 백 년의 지혜'·'길고양이와 늑대 ...","이어 9위에는 흔한남매 원저/백난도 글/유난희 그림/흔한컴퍼니 감수 - '흔한남매 16'(미래엔아이세움)이 올랐다. 계속해서 10위는 강용수 저... 13위는 미래엔아이세움- '흔한남매 16'(흔한남매 지음, 유난희 그림, 백난도 글, 흔한컴퍼니 감수)이다. 이어 14위에는 서삼독 - '불변의 법칙'(모건 하우절...",http://www.topstarnews.net/news/articleView.html?idxno=15492290,
