company_id,company_name,news_title,news_text,news_url,posted_at
4898,코웰테크,[스톡+ 데일리 픽] 오늘(27일)의 추천주는 인텔리안테크·코웰패션,"코웰패션은 올해 7월 특수목적법인(SPC)을 설립해 로젠택배 지분 100%를 인수했다. 인수가는 3400억원이었다. ▲ 인텔리안테크- 저궤도 위성통신 밸류체인 진입 - 메타버스 인프라 확대 수혜 - 올해 투자, 신규 사업 실적 반영 ▲코웰패션 - 거리두기 영향서 자유로워 - 로젠택배 자회사 편입 효과",https://www.wikitree.co.kr/articles/701002,
4898,코웰테크,"[공매도 TOP 10 종목] 코스닥, 주성엔지니어링 공매도 1위, 케이피엠테크-씨아...","이어 케이피엠테크(16만2845주), 씨아이에스(16만2503주),코웰패션(13만6228주), 에이치엘비(12만9165주), SFA반도체(12만3259주), 우리기술투자(12만1285주), 엘비세미콘(10만5437주), 유니슨(10만2664주), 코리아센터(10만334주) 순으로 뒤를 이었다. 전날 10위권 밖에 있었던코웰패션, 에이치엘비, 엘비세미콘...",http://www.econonews.co.kr/news/articleView.html?idxno=212689,
4898,코웰테크,"수소차 관련주, '웃음' 아이에이·폴라리스세원·시노펙스·삼화전자·한화솔...","반면코웰패션은 하락했다.코웰패션의 주가는 전 거래일 대비 45원 내린 3625원에 거래됐다.코웰패션의 주가 하락률은 1.23% 다. 이외에 우리산업... 상아프론테크, LS ELECTRIC, 유일에너테크, 유니크, 지엠비코리아, 엔케이, 삼기, 코오롱플라스틱, 에스퓨얼셀, 모토닉, 제이엔케이히터, 글로벌에스엠...",https://www.pointdaily.co.kr/news/articleView.html?idxno=190773,
4898,코웰테크,"수소차 관련주, '맑음' 대원강업·현대로템·현대차·기아... '흐림' 시노펙스...","이외에 디케이락, 풍국주정, 미코, 삼기, 동양피스톤, 이지트로닉스, 삼화전자, 이엠코리아, 제이엔케이히터, 상아프론테크, 비나텍, 비엠티, 원익머트리얼즈, 성창오토텍, 에스코넥, 아이에이, 효성중공업, 모토닉, 에코바이오, 신도기연,코웰패션, 디아이티, 엘티씨 등은 하락했다. 수소차는 수소를...",https://www.pinpointnews.co.kr/news/articleView.html?idxno=244218,
4898,코웰테크,"수소차 관련주, '웃음' 대원강업·세종공업·삼보모터스·한온시스템·시노펙...","코웰패션과 현대로템의 주가 하락률은 각각 21.82%, 1.27% 다. 이외에 현대모비스, 엘티씨, 디아이티, 인지컨트롤스, 삼기, 평화산업, 우수AMS, 코오롱플라스틱, 효성화학, 동아화성, 원익머트리얼즈, 영화테크, SNT모티브, 티에이치엔, 일지테크, 유니크, 모토닉, 평화홀딩스, 현대제철, 대창솔루션...",https://www.pinpointnews.co.kr/news/articleView.html?idxno=243064,
4898,코웰테크,"""코웰패션"" 캐시닥· 타임스프레드· 지니어트 용돈퀴즈 전체 문제+정답![단독...","캐시닥· 타임스프레드· 지니어트 용돈퀴즈에서 ""코웰패션""관련 퀴즈를 제시했다. 금요일인 1월 12일 오전 11시경 제시된 '코웰패션'관련 퀴즈는 ""BEST... 캐시닥 열심히 걷고 퀴즈만 풀어도 일주일이면 스타벅스 기프티콘 주는 앱테크다! 걸음 수마다 매일 행운번호를 지급하고 매주 토요일 결과를 발표하는데...",http://www.jejuilbo.net/news/articleView.html?idxno=220679,
4898,코웰테크,"""코웰패션"" 캐시닥· 타임스프레드· 지니어트 용돈퀴즈 전체 문제+정답![단독...","캐시닥· 타임스프레드· 지니어트 용돈퀴즈에서 ""코웰패션""관련 퀴즈를 제시했다. 수요일인 12월 27일 오후 7시경 진행되고 있는 '코웰패션'관련 문제는... 캐시닥 열심히 걷고 퀴즈만 풀어도 일주일이면 스타벅스 기프티콘 주는 앱테크다! 걸음 수마다 매일 행운번호를 지급하고 매주 토요일 결과를...",http://www.jejuilbo.net/news/articleView.html?idxno=219774,
4898,코웰테크,"코웰패션, 27일 캐시닥 타임스프레드 돈버는퀴즈 정답","앱테크는 애플리케이션(App)과 재테크(Tech)의 합성어로 스마트폰 앱을 활용해 돈을 버는 구조를 의미한다. 사용자가 많기에 대규모 유치가 가능하고... 12월 27일 캐시닥 정답코웰패션은 하반기 마지막 추가 인하로 부드럽고 포근한 후드플 리스벤치코트 상품을 15,900원 에 판매하고 있는데요, 해당 상 품을 85...",https://www.job-post.co.kr/news/articleView.html?idxno=92135,
4898,코웰테크,"수소차 관련주, '웃음꽃' 한화솔루션·삼화전자·시노펙스·한온시스템·에스...","코웰패션의 주가 하락률은 2.29% 다. 아이에이와 대창솔루션은 전 거래일 대비 각각 1원, 1원 내린 462원과 423원에 장을 마감했다. 아이에이와 대창솔루션의 주가 하락률은 각각 0.22&%, 0.24% 다. 이외에 엘티씨, 기아, 진성티이씨, 코오롱인더, 현대차, 티에이치엔, 일진하이솔루스, 삼보모터스, 일지테크...",https://www.thekpm.com/news/articleView.html?idxno=184937,
4898,코웰테크,"[코스닥]코웰시스넷 ""테크스피어와 전략적 제휴""",코웰시스넷에 따르면 손혈관패턴인식시스템은 기존 정맥인식시스템의 차세대 제품으로서 해외의 하이-엔드(high-end) 생체인식시장에서 획기적인 제품으로 호평 받고 있는데 이번에 국내의 파트너로서코웰시스넷과테크스피어가 공동마케팅을 하기로 결정했다. 양사는코웰시스넷이 그 동안 영위해온...,https://n.news.naver.com/mnews/article/008/0000075578?sid=101,
