company_id,company_name,news_title,news_text,news_url,posted_at
12238,원플러스텔레콤,신사업 발굴도 척척…통신사 기업용 AI 경쟁,LG유플러스는 개발 중인 빅데이터용 생성 AI 솔루션의 이름을 ‘아쿠아’로 정하고 다음달 출시하기로 했다. 데이터 솔루션까지 개발해 기업 간 거래... SK텔레콤도 B2B에서 새 사업 기회를 찾고 있다. 이 회사는 생성 AI 활용을 지원하는 사내 포털인 ‘AI원’을 이날 출시했다. 이 포털을 통해 사내...,https://www.hankyung.com/article/202405098422i,
12238,원플러스텔레콤,"[더벨][IR Briefing]비용 증가 뼈아픈 LG유플러스, 신사업 키워드 '효율성'","통신 기술에 최적화된 초거대언어모델(LLM)을 만들고 있는 SK텔레콤과 자체 LLM '믿음'을 개발 중인 KT와 달리 LG유플러스는 AI 활용 서비스 개발에만 초점을 맞춰왔다. 여 CFO는 ""AI 원천 기술에 대한 대규모 투자보다 고객 가치를 파악해서 서비스로 구현하는 게 더 중요하다고 생각한다""며 ""이 방향성을...",https://www.thebell.co.kr/free/content/ArticleView.asp?key=202405091547261480107770,
12238,원플러스텔레콤,드림시큐리티 주가 꿈틀...인증 시장 최초 본인인증 통합 서비스인 '드림원' ...,사업부문별 매출은 렌탈부문이 77.90%로 가장 큰 비중을 차지하고 있다 이날 오젅 9시 19분 현재 양자암호 관련주인 우리로 케이씨에스 아이윈플러스쏠리드 드림시큐리티 피피아이 엑스케이트는 SK텔레콤엑스게이트 우리넷 LG유플러스KT 쏠리드 한국정보인증 텔레필드 우리로 시큐센 에이엘티...,https://www.pinpointnews.co.kr/news/articleView.html?idxno=264463,
12238,원플러스텔레콤,"[더벨][재무 리스트럭처링 전략]SK텔레콤, 흔들림 없는 SK 자금줄",지난해에도 SK의 전체 배당금수익 1조3994억원 중 SK E&S(4816억원)와 SK머티리얼즈에어플러스(3000억원) 다음으로 많은 2180억원을 책임졌다. SK텔레콤은 올해 들어서도 지난해 결산배당(총액 2233억원)과 올해 1분기 분기배당(1767억원)을 지급했다. SK가 SK텔레콤으로부터 5월까지 지분율대로 거둬들인...,https://www.thebell.co.kr/free/content/ArticleView.asp?key=202404301618230840102842,
12238,원플러스텔레콤,[산업 브리핑] LG전자·LG유플러스·SK텔레콤,"[사진 = SKT 제공] ◇ SKT, AI 인재 육성 프로그램 6기 모집 SK텔레콤이 AI 분야 미래 인재를 발굴하는 'SKT AI 펠로우십'(SKT AI Fellowship) 6기 지원자를 모집한다고 15일 밝혔다. 'SKT AI 펠로우십'은 AI를 공부하는 대학(원)생들에게 기업 실무 경험을 제공함으로써 AI 전문가로 성장할 수 있도록 돕는다. SKT가...",http://www.niceeconomy.co.kr/news/articleView.html?idxno=83689,
12238,원플러스텔레콤,[통신워치] SK텔레콤'SKT AI 펠로우십 6기'·KT 'AICT Company KT'·LG유플러...,LG유플러스의 열흘간 모던 감성 카페로 탈바꿈을 통해 오는 21일까지 스페셜티 커피 전문점 '커피 리브레'와 손잡고 '일상비일상의틈byU+'(이하... 'SKT AI 펠로우십'은 AI를 공부하는 대학(원)생들에게 기업 실무 경험을 제공함으로써 AI 전문가로 성장할 수 있도록 돕는 프로그램으로 SK텔레콤이...,http://www.newswatch.kr/news/articleView.html?idxno=67819,
12238,원플러스텔레콤,"[뉴투분석] ""인재가 경쟁력""…SKT·KT·LG유플러스, AI인력 확보 전쟁 후끈","SK텔레콤(SKT), KT, LG유플러스등 이동통신(이통) 3개 업체가 AI를 미래 핵심 사업으로 정하고 우수 인재를 확보하기 위해 팔을 걷어붙였다. 20일... 이와 관련해 'SKT AI 펠로우십'은 AI를 공부하는 대학(원)생들에게 기업 실무 경험을 제공해 AI 전문가로 성장할 수 있도록 돕는 프로그램이다. SKT는 지난...",https://www.news2day.co.kr/article/20240417500228,
12238,원플러스텔레콤,가성비 스마트폰 OnePlus(원플러스) 12R 글로벌 공개 계획,"원플러스12R 누출로 모든 사양과 특징이 드러납니다 전세계 시장에 진출할 것으로 예상되는원플러스12R은 차이나텔레콤웹사이트에 초기 목록으로 보이는 중국의 별명인원플러스에이스 3로 모든 영광을 누렸다. 마이스마트프라이스에 따르면, 그것이 출시될 때, 12R은 2480x1264 픽셀의 1.5K 해상도의...",https://www.tokenpost.kr/article-158121,
12238,원플러스텔레콤,[통신워치] SK텔레콤'에이닷 기능 확대'·KT '4월 혜택 강화'·LG유플러스'...,"LG유플러스의 여의도 봄꽃 축제 기간 맞춰 내달 14일까지 국내 최대 규모 '무너' 팝업 전시 개최 등 다양한 소식이 전해졌다. ◆SK텔레콤, 에이닷 전화 모든 스마트폰 고객으로 확대 SK텔레콤은 AI 개인비서 '에이닷' 내 전화 서비스를 고도화, 안드로이드 버전에서도 '통역콜' 등의 기능을 사용할 수 있게...",http://www.newswatch.kr/news/articleView.html?idxno=67707,
12238,원플러스텔레콤,"더존비즈온, 제4이통 투자…스테이지엑스, 컨소시엄사 공개","지난 1월 말, 28㎓ 주파수를 4301억 원에 경매로 낙찰받은 뒤 이날 올해치 주파수 할당대가인 430억원(경매대가의 10%)을 지불하고 관련 서류를 낸 것이다.... 스테이지엑스는 SK텔레콤과 KT, LG유플러스를 잇는 제4 이동통신사로 불린다. 전기통신회선설비를 설치하고 기간통신역무를 제공한다. 장비를 설치해야...",http://www.edaily.co.kr/news/newspath.asp?newsid=03539126638886624,
