company_id,company_name,news_title,news_text,news_url,posted_at
8665,미쎄랑,"[인터뷰]세계적 테너 라몬 바르가스 ""한국무대 위해 성악인생 최고의 음악 선...","라몬 바르가스, 멕시코 출신 세계적인 테너(사진=미쎄랑) = '빅3 테너'(루치아노 파바로티·플라시도 도밍고·호세 카레라스)의 뒤를 잇는 '제4의 테너'로... 라몬 바르가스, 멕시코 출신 세계적인 테너(사진=미쎄랑) 파바로티를 연상시키는 부드러운 미성과 쭉 뻗어 가는 고음, 세밀한 표현력은 타의 추종을...",http://www.newsis.com/ar_detail/view.html?ar_id=NISX20150902_0010262139&cID=10701&pID=10700,
8665,미쎄랑,[기자석] 엉망진창 명예의 전당 홈페이지,지난해미쎄랑이란 기업에서 제작했다. 이 업체는 지난해 공개 입찰을 통해 명예의 전당 사업권을 따냈다. 콘진원 담당자는 사이트 제작 이후 검수를 거쳤다고 했지만 현재의 결과물을 놓고 봤을 땐 제대로 검수가 이뤄지지 않았다. 단 한 번만 제대로 살펴봤다면 이런 촌극은 벌어지지 않았을 것이다.미쎄랑이...,http://www.dailyesports.com/view.php?ud=201808251309452914e90a5ea104_27,
8665,미쎄랑,"""부산영화제 힘내라!""... 일일호프 열어","공동집행위원장 ⓒ미쎄랑제공 사회자가 건배사로 ""부산국제영화제""를 외치자 참석자들은 ""힘내라!""로 응답했다. 다시 사회자가 ""힘내라""를 외치자... 왼쪽부터 부산영화제 김동호 명예집행위원장, 임권택 감독, 정지영 감독, 영화단체연대회의 이춘연 대표, 강수연 집행위원장 ⓒ미쎄랑제공 행사를 주최한...",http://www.ohmynews.com/NWS_Web/View/at_pg.aspx?CNTN_CD=A0002174207,
8665,미쎄랑,"세계 최고 리릭테너 바르가스 ""난 영원한 학생입니다""","<<㈜미쎄랑제공>> 10월 첫 내한공연 오는 10월 첫 내한공연을 하는 라몬 바르가스(55)는 멕시코가 낳은 세계 최고의 리릭 테너다. '세계 3대 테너(쓰리... "" <<㈜미쎄랑제공>> 이런 그에게 성악가로서 남은 꿈 역시 ""계속 노래하면서 경험과 레퍼토리를 늘려가는 것""이다. ""예술가에게 가장 중요한 것은 자신이 하는...",http://app.yonhapnews.co.kr/YNA/Basic/SNS/r.aspx?c=AKR20150818060000005&did=1195m,
8665,미쎄랑,"바이올리니스트 백현경, '현의 몸짓' 첫 솔로앨범 선봬",(사진=미쎄랑제공) (서울=국제뉴스) 최동희 기자 = 바이올리니스트 백현경이 다음달 5일 첫 번째 솔로 앨범 '현(絃)의 몸짓-MOVING OF STRING'을 선보인다. 백현경은 이번 앨범을 계기로 새로운 예명 화산(火山)-HWASAN으로 활동하면서 연주자의 한계를 넘어선 전위적 아티스트로 활동을 시작한다고 13일 밝혔다....,http://www.gukjenews.com/news/articleView.html?idxno=496929,
8665,미쎄랑,피아노와 범패 영성의 길 비추다,공연기획미쎄랑제공 피아니스트와 승려. 음악과 영성은 어떤 지점에서 서로 만날 수 있을까. '여태 여기 있었고 또 길이 있을 그 원시의 공감 가운데에서'(윌리엄 워즈워드)라는 영원성과 교접할까. 그렇지 않으면 '음악은 또 하나의 천체'(알퐁스 도데)라는 유기적인 우주관과 맞닿아 있을까. 충남 금산 효심사...,http://news20.busan.com/controller/newsController.jsp?newsId=20160401000006,
8665,미쎄랑,오페라 풍년…四色에 빠지다,"트라비아타’ ‘라보엠’ ‘나비부인’의 주요 아리아와 구노의 오페라 아리아를 들려준다. 국립오페라단이 국내 초연하는 비제의 오페라 ‘진주조개잡이’에 출연하는 테너 헤수스 레온(왼쪽부터), 소프라노 나탈리 만프리노, 바리톤 공병우(사진=국립오페라단). 라몬 바르가스& 홍혜경 듀오콘서트(사진=미쎄랑).",http://www.edaily.co.kr/news/newspath.asp?newsid=01259526609530952,
8665,미쎄랑,“파바로티와 나는 달라… 성악가도 시대에 맞춰 변해야”,"하지만 바르가스는 공연 기획사미쎄랑을 통해 이탈리아 밀라노 라 스칼라 극장에서 진행된 문화일보와의 서면 인터뷰에서 조금 다른 입장을 나타냈다. “저는 분명 벨칸토를 계승한 테너입니다. 항상 깨끗하고 아름다운 소리를 내기 위해 노력해 왔고, 가슴의 압력(di PETTO)이나 힘을 강조하는 방법은 늘...",http://www.munhwa.com/news/view.html?no=2015090801032612053001,
8665,미쎄랑,"'제4의 테너' 라몬 바르가스, 첫 내한공연…홍혜경 듀오 콘서트",'세기의 만남 홍혜경 & 라몬 바르가스 듀오 콘서트' 포스터(사진=미쎄랑) = '빅3 테너'(루치아노 파바로티·플라시도 도밍고·호세 카레라스)의 뒤를 잇는 제4의 테너로 통하는 라몬 바르가스가 첫 내한공연한다. 28일 공연주최사미쎄랑(MICErang)과 케이엔씨 뮤직 퍼블리싱 컴퍼니에 따르면 바르가스는 10월 8일...,http://www.newsis.com/ar_detail/view.html?ar_id=NISX20150727_0010188436&cID=10701&pID=10700,
8665,미쎄랑,[무대]잠자는변신의카프카·만추·홍혜경&바르가스·기돈크레머&앙상블디토·...,"02-588-7708 이명행·박송권·김지현·김소진, 연기력으로 내로하는 배우들 ★★★☆ 라몬 바르가스, 멕시코 출신 세계적인 테너(사진=미쎄랑) ◇클래식...미쎄랑. 02-6925-0510 이탈리아 정통의 벨칸토 발성 ★★★★ ▲기돈 크레머 & 앙상블 디토: 실내악 콘서트·기돈 크레머 & 크레메라타 발티카 크레머가...",http://www.newsis.com/ar_detail/view.html?ar_id=NISX20151004_0010329553&cID=10701&pID=10700,
