company_id,company_name,news_title,news_text,news_url,posted_at
4198,춘천와이신용협동조합,[포토뉴스]춘천조운동 세대공감 나눔릴레이 모금 전달식,12통장 △김한호춘천동부교회 위임목사 △박완주춘천동부교회 장로 △박희권춘천동부시장사업협동조합조합장 △노석호 우미닭갈비 △이봉우 초원두부 △춘천와이신용협동조합△권선정 △권영주 △김소영 △김수현 △김호석 △김희진 △박상선 △박제현 △이문덕 △이정분 △이지현 △채웅근 △허종순,http://www.kwnews.co.kr/page/view/2022092815533852180,
4198,춘천와이신용협동조합,춘천 와이신용협동조합제30차 정기총회,"춘천 와이신용협동조합제30차 정기총회 ◇춘천 와이신용협동조합(이사장:임운식)은 18일 순복음춘천교회에서 한숙자 도신협협의회장, 허천 국회의원 등조합원 800여명이 참석한 가운데 제30차 정기총회를 열고 지점 확대와 총자산 1,000억원 달성 등을 다짐했다.춘천 와이신용협동조합(이사장...",http://www.kwnews.co.kr/view.asp?aid=211021800074&s=401,
4198,춘천와이신용협동조합,춘천와이신용협동조합적십자특별회비 전달,= 강원춘천와이신용협동조합(이사장 심인섭)은 28일 대한적십자사 강원도지사를 방문해 어려운 이웃을 위해 써달라며 적십자특별회비를 전달했다.춘천와이신용협동조합은 지난해까지 800만 원을 납부해 적십자 활동을 위한 재원 조성에 기여하고 있다. 또한 적십자 회비 납부 이외에도 국가유공자...,https://n.news.naver.com/mnews/article/003/0003065355?sid=102,
4198,춘천와이신용협동조합,춘천 와이신용협동조합적십자 금장 수상,춘천 와이신용협동조합적십자 금장 수상 ◇춘천와이신용협동조합(이사장:심인섭)은 지난 18일 대한적십자사 104주년 기념행사에서 적십자 회원 유공자 금장을 수상했다.춘천 와이신용협동조합(이사장:심인섭)이 적십자 금장을 수상했다.와이신협은 그동안 수익의 일부를 사회에 환원하는 방법의 하나로 매년...,http://www.kwnews.co.kr/view.asp?aid=209112500082&s=401,
4198,춘천와이신용협동조합,[새얼굴]임운식춘천와이신용협동조합이사장,"임운식(67)춘천와이신용협동조합이사장은 “전국 1등 신협으로 도약하도록 하겠다”고 다짐. 전북 익산 출신. 이리상고를 졸업. 강원대 경영대학원 최고경영자과정 수료.춘천기독교 장로연합회장,춘천와이신협 감사 등을 역임. 순복음춘천교회 으로 활동 중. 가족은 부인 조기숙씨와 1남1녀.",http://www.kwnews.co.kr/view.asp?aid=214021100033&s=201,
4198,춘천와이신용협동조합,춘천와이신용협동조합적십자 특별회비 전달,춘천와이신용협동조합(이사장 심인섭ㆍ사진 왼쪽)은 28일 김병두 대한적십자사 강원도지사에게 적십자 특별회비를 전달했다. 박성은,http://www.kado.net/news/articleView.html?idxno=450356,
4198,춘천와이신용협동조합,[춘천]춘천와이신협 오늘 정총 임운식 이사장 재임 도전,【춘천】춘천와이신용협동조합은 11일 오전 10시30분춘천석사교회에서 제33차 정기총회를 연다. 이날 총회에서조합상임 이사장 및 임원 선출이 이뤄진다. 상임 이사장 후보로는 임운식(67·사진) 현 이사장이 단독 입후보해 재임에 도전한다. 임 이사장은 지난 2010년부터 4년간춘천와이신용협동조합을...,http://www.kwnews.co.kr/view.asp?aid=214021000053&s=501,
4198,춘천와이신용협동조합,[포토뉴스]와이신협 동호인 탁구대회,춘천와이신용협동조합(이사장:임운식)은 지난 28일부터 이틀간 남춘천중학교 실내체육관에서 `제2회와이신협 이사장배춘천시 동호인 탁구대회'를 개최했다.,http://www.kwnews.co.kr/view.asp?aid=212042900168&s=201,
4198,춘천와이신용협동조합,"[춘천]""사랑나눔, 위기 가정에 큰 도움""",10만원△춘천와이신용협동조합이사장 임운식 10만원△쟈스민 박선남 10만원△월드비전춘천후원이사 고광만 10만원△월드비전 자원봉사자리더회 회장 김안순 10만원△(주)코앤코 교육춘천지사 10만원△여성자원봉사연맹 6만원△춘천세무서 서장 반재훈 5만원△법인단체등 어린이집...,http://www.kado.net/news/articleView.html?idxno=783177,
4198,춘천와이신용협동조합,"[알쓸경제] 정기예금이 4.8%?⋯ 은행인가, 피싱인가","새마을금고와신용협동조합(이하 '신협') 등도 예탁금 금리를 재차 높이고 있다. 해당 금융기관의 고객층은 대부분 지역 주민이다. 주로 영세기업...춘천와이신협의 '정기예탁금'도 12개월 만기를 채웠을 때 4.5% 금리가 적용된다. 3개월은 2.4%, 6개월은 3.0%이다. 한편 금리뿐만 아니라 이자에 적용되는...",https://www.mstoday.co.kr/news/articleView.html?idxno=80679,
