company_id,company_name,news_title,news_text,news_url,posted_at
5134,아이웨이,[원 클릭 시사]아이웨이(I weigh) 운동,아이웨이(I weigh) 운동 여성의 가치를 몸무게와 외모로 판단하는 ‘외모 지상주의’에 반대하는 운동이다. 인도계 영국 배우 겸 모델인 자밀라 자밀(Jameela... 자밀라 자밀은 “여성은 아주 오래 전부터 성적 대상 아니면 아이를 낳고 키우는 존재로 전락했다”면서아이웨이운동을 통해 여성들이 자기 자신으로...,https://www.viva100.com/main/view.php?key=20210907010002108,
5134,아이웨이,“내 몸매를 평가하지 마세요”…‘아이웨이(i_weigh) 운동’ 확산 중,"최근 SNS를 중심으로 탈코르셋 운동을 넘어 몸무게와 외모로 사람의 가치를 평가하는 풍조를 반대하는 ‘아이웨이(i_weigh)’ 운동이 활발히 전개 중이다.... ‘아이웨이(i_weigh)’ 운동은 사회에서 정한 몸무게나 수치 등으로 ‘나’를 평가받는 것을 넘어보자는 것이다. 본인의 내면과, 감사하고 자랑스럽게...",http://news.kmib.co.kr/article/view.asp?arcid=0012715840&code=61121111&cp=nv,
5134,아이웨이,"여성들, ‘미투’ 이어 ‘아이웨이(I Weigh)’ 운동 전개",중심으로 ‘아이웨이(I Weigh)’라는 새로운 운동이 활발히 전개되고 있다. 여성의 가치를 몸무게와 외모로 판단하는 풍조에 여성들 스스로 반발하고 나선 것이다. 이들은 외모 아닌 자기의 다른 장점을 셀카 사진과 함께 속속 올리고 있다. 여기에 연예인들도 참가하기 시작했다. 인스타그램에서아이웨이...,http://view.asiae.co.kr/news/view.htm?idxno=2018090608471426273,
5134,아이웨이,'더 이상 날씬할 필요는 없다.'...아이웨이(I Weigh) 운동의 등장 [지식용어...,"여성외모에 대한 인식의 변화가 생기면서, '탈코르셋'에 이은아이웨이(I Weigh) 운동이 전개되고 있는 것.아이웨이는 여성의 가치를 몸무게와 같은 외모로 판단하는 풍조에 반발하면서 대두된 운동이다. 외모로 나를 평가받는 것을 넘어서자는 취지가 담겨있는 동시에, 있는 그대로의 모습만으로도 충분히...",http://www.sisunnews.co.kr/news/articleView.html?idxno=92223,
5134,아이웨이,[TD포토] 브아걸 제아 '시크한아이웨이',[티브이데일리 브아걸 제아가 10일 오후 서울 강남구 청담동 한 음식점에서 열린아이웨이브랜드 행사에 참석하고 있다. [티브이데일리,http://tvdaily.co.kr/read.php3?aid=14996815631257517017,
5134,아이웨이,"글로벌 패션아이웨이브랜드 젠틀몬스터, 제니와 함께 모바일게임 '젠틀가든...","글로벌 패션 아이웨어 브랜드 젠틀몬스터가 모바일 게임 을 런칭한다고 22일 밝혔다. 젠틀몬스터와 블랙핑크 제니가 함께 상상한 판타지 세계라는 의미의 '젠틀가든' 은 2월 22일 구글 플레이 스토어와 앱스토어에서 다운로드 가능하며, 아시아, 미국, 유럽 등 글로벌 국가에서 참여가 가능하다. 게임은 2월...",http://www.thefirstmedia.net/news/articleView.html?idxno=89027,
5134,아이웨이,"[패션트렌드] 질 스튜어트아이웨이, 라운드 쉐입 타입 안경 출시…다양한 연...","질 스튜어트아이웨이, 라운드 쉐입 타입 안경 출시…다양한 연출 가능 안경브랜드 질 스튜어트아이웨이에서 풍부한 색상을 가진 라운드 쉐입 안경을 출시했다. 이번에 출시되는 신 제품은 개성이 담긴 디자인에 메탈과 반합성섬유 프레임이 조화를 이뤄 자연스러운 표현이 가능하다. 또 투 톤으로...",http://sports.khan.co.kr/news/sk_index.html?cat=view&art_id=201506301341263&sec_id=590101&pt=nv,
5134,아이웨이,아이웨이브랜드 '하이비션(hybition)' 2021년 신제품 출시,미국 록밴드 너바나의 리더 커트코베인이 착용했던 선글라스를 현대적으로 재해석한 '로즈웰'과 '디폭스'로 잘 알려진 아이웨어 브랜드 '하이비션'이 2021년 신제품을 발표했다고 15일 밝혔다. 하이비션은 국내외 셀럽들과 유명 아이돌들의 애정템 선글라스 등으로 알려져 있는 브랜드다. 하이비션은 올해...,http://www.inews24.com/view/1359044,
5134,아이웨이,"밀레, 이탈리아 스포츠아이웨이브랜드 '루디 프로젝트' 국내 사업권 인수",프랑스 정통 아웃도어 브랜드 밀레를 전개하는 (주)밀레(대표 한철호)가 이탈리아 스포츠 아이웨어 브랜드 '루디 프로젝트RUDY PROJECT'의 국내 사업권을 가진 (주)파르마인터내셔널(대표이사 김태중)의 지분을 인수할 예정이다. 이미 (주)밀레는 지난 2월 2일 (주)파르마인터내셔널의 지분 전부를 인수하는 계약을...,http://www.outdoornews.co.kr/news/articleView.html?idxno=32404,
5134,아이웨이,"안양시, 2023년 우수기업 9곳 선정","올해 우수기업으로 선정된 기업은 ▲㈜지오투정보기술 ▲㈜미래해양 ▲㈜이너스텍 ▲㈜아이웨이▲㈜와이앤에스전자 ▲㈜귀뚜라미환경테크... [전국매일신문] 안양/ 배진석기자 baejs@jeonmae.co.kr 안양시,우수기업,지오투정보기술,미래해양,이너스텍,아이웨이,와이앤에스전자,귀뚜라미환경테크...",https://www.jeonmae.co.kr/news/articleView.html?idxno=989617,
