company_id,company_name,news_title,news_text,news_url,posted_at
2635,타노인터내셔날,SNS 화제의 제품을 들여다 보다 재기발랄 푸드 마케팅의 시대,무역회사타노인터내셔날의 대표로서 옥토끼 프로젝트 제품들의 생산과정 및 운영 전반을 책임지고 있습니다. (박리안)옥토끼 프로젝트 박리안 부사장입니다. 미국대사관 의전보좌관 출신으로서 옥토끼 프로젝트의 대외 커뮤니케이션과 콘텐츠 크리에이션을 담당합니다. Q. 요괴라면은 어떻게 만들게...,http://news.mk.co.kr/newsRead.php?year=2018&no=182407,
2635,타노인터내셔날,"정유경의 신세계인터내셔날, 사업 확장 가속화","신세계인터내셔날관계자는 “경기 불황 속에서도 장기적인 성장을 위해 활발한 신규 브랜드 론칭과 온라인 비즈니스 구축 등의 신규 사업에 대한 지속적인 투자를 아끼지 않고 있다”며 “안야 힌드마치, 스타터, 폰타노밀라노 1915 등 해외 수입 브랜드의 발굴뿐만 아니라 스튜디오 톰보이, V라운지, 코모도...",http://www.newsway.co.kr/view.php?tp=1&ud=2016090516460549907,
2635,타노인터내셔날,"해외 소재 기업, 한국 패션 시장 적극 공략","이 회사 리카타노매니저는 “이틀 동안 한국 의류 업체, 수출 벤더 등 100여 명이 방문, 지난해보다 한국 바이어들이 눈에 띄게 늘었고, 다양한... 국내 영업 유통 대행은 원단 전문 기업 지오인터내셔날이 맡는다. 국내 도입 초반부터 중대형 패션 기업과 벤더사가 수주를 의뢰한 것으로 알려졌다. 최근...",http://www.apparelnews.co.kr/news/news_view/?idx=210422,
2635,타노인터내셔날,"[보상소비 적기]④노세일 브랜드마저 온세일…""재고 털어라""","신세계인터내셔날관계자는 “올해 초부터 명품 브랜드 추가로 확장해나가고 있는데 쥬세페 자노티, 필립플레인, 사카이, 폰타노밀라노1915, 아르마니 주니어 등을 올해 새로 입점했다”면서 “이후에도 매달 특정일, 특정 요일 등에 브랜드 데이, 페이백 이벤트 등등 진행할 예정”이라고 말했다. LF도...",http://www.edaily.co.kr/news/newspath.asp?newsid=01256246625805328,
