company_id,company_name,news_title,news_text,news_url,posted_at
9013,피피더블유코리아,"[신성장동력기업]피피더블유코리아, 마케팅","피피더블유코리아(대표 김종수, www.ppwkorea.com)는 통합마케팅커뮤니케이션(IMC)의 관점에서 각종 프로모션과 이벤트 등을 기반으로 하는 BTL마케팅 서비스를 제공, BTL전문대행사로 성장을 거듭하고 있다. 특히 지난 15년간 쌓은 다량의 경험과 노하우를 바탕으로 토털솔루션을 구현, 고객만족을...",http://www.moneytoday.co.kr/view/mtview.php?type=1&no=2009061610024781727&outlink=1,
9013,피피더블유코리아,[인사] 행정자치부 ;피피더블유코리아; 서울대,<> 행정자치부 *전보 <부이사관> *주민과장 高潤煥 <서기관> *국민고충처리위원회 趙誠烈 <>피피더블유코리아*사장 尹錫鉉 <> 서울대 *사범대학장 尹正一,https://n.news.naver.com/mnews/article/015/0000686924,
9013,피피더블유코리아,<한국금융 共生으로 윈윈하라>‘취업+ 적금’ 패키지 지원… 청년 실업에 ‘희...,18일 서울 강남구 삼성2동피피더블유코리아에서 최승연(가운데) 대리가 ‘신한 JOB S.O.S 희망적금’ 통장을 들고 환하게 웃고 있다. 임정현기자 theos@munhwa.com “돈이 입금됐다는 문자를 받을 때마다 기분이 좋아지고 회사에 대한 애정이 솟아나요.” 지난 18일 서울 강남구 삼성2동 ‘피피더블유코리아’...,http://www.munhwa.com/news/view.html?no=2011112101112824277001,
9013,피피더블유코리아,"[15일 낙찰/계약 동향] 정보통신 회선망 고도화 사업(장기계속), 2020년 국방...","▲ 낙찰업체 : (주)피피더블유코리아, 계약금액 : 19,813,200(원), 계약명 : 서울관광설명회 및 해외시장관광교역전 사업 기념품 제작. 계약기관 : 재단법인 서울관광재단, 계약일자 : 2019-12-11, 계약방법 : 수의계약, 발주처(수요기관) : 재단법인 서울관광재단, 계약 : (주)피피더블유코리아- 재단법인...",http://www.fintechpost.co.kr/news/articleView.html?idxno=95061,
9013,피피더블유코리아,"지투알 3사, 협력사와 친환경 광고 제작 실천 협약 체결","권창효 HS애드 AS 2사업부문장 전무, 나연 주식회사 아페쎄 대표, 조재호 ㈜라움에스엔디 대표, 정성수 지투알 및 HS애드, 엘베스트 대표, 양동승 ㈜스퀘어그라피 대표, ,김종수 ㈜피피더블유코리아대표, 박애리 HS애드 AS 1사업부문장 전무가 기념촬영을 하고 있다.(사진=HS애드)이번 협약을 통해 지투알은...",http://www.edaily.co.kr/news/newspath.asp?newsid=02151686629248344,
9013,피피더블유코리아,"[일본 대지진]프로골퍼 김경태, 구호성금 1000만엔 기부","김경태의 매니지먼트를 담당하고 있는피피더블유코리아는 17일 김경태가 일본 적십자를 통해 1000만엔(약 1억4400만원)의 성금을 기부한다고 밝혔다. 지난해 일본프로골프투어(JGTO)에서 뛰어난 활약으로 한국인 최초 상금왕을 차지했던 김경태는 ""지진의 피해를 입은 사람들의 고통을 조금이나마...",https://sports.news.naver.com/news.nhn?oid=003&aid=0003748683,
9013,피피더블유코리아,"김경태, 내년 PGA 무대에 도전장","일본 시즌 마지막대회를 마치고 입국한 김경태는 7일 메지먼트사인피피더블유코리아를 통해 ""일본에서의 시즌을 잘 마치고 귀국하게 돼 기쁘다. 내년 시즌에도 좋은 성적을 기록한 뒤 곧바로 PGA무대에 도전하겠다""고 전했다. 김경태는 세계 3대 투어 중에 하나인 JGTO에서 올 시즌 총상금...",http://www.cbs.co.kr/nocut/Show.asp?IDX=1655644,
9013,피피더블유코리아,[디지털경영혁신대상] 디지털혁신으로 글로벌 경제위기 넘는다,"◆ 유통 우수상 /피피더블유리미티드 =피피더블유리미티드는 10여 년간 판촉물 업계에서 쌓아온 풍부한 경험과 노하우를 바탕으로 전문 프리미엄... ◆ 디지털금융 대상 /코리아크레딧뷰로 =코리아크레딧뷰로는 선진 신용 인프라 구축을 위해 은행, 카드사 등19개 금융회사들이 공동으로 출자해 설립한...",http://news.mk.co.kr/news_forward.php?no=283761&year=2009,
9013,피피더블유코리아,"<골프계> 에코골프, 하이브리드 골프화 ‘에보원’ 출시","☎(031)798-1982 ◆골프관련업체 ‘피피더블유(PPW) 스포츠’는 골프 골프사업본부 대표이사에 김동수씨, 이사에 김영민씨를 선임했다. 김 대표는 동화회원권 대표를 지냈고, 김 이사는 GMI 출신이다. PPW스포츠는 골프장 인수합병, 컨설팅, 분양대행을 주로 하며 신한동해오픈 운영ㆍ대행사인 PPW코리아의...",http://www.ajunews.com/view/20140213140710261,
9013,피피더블유코리아,[표] 신설법인 (6월 27일 ~ 7월 3일) 서울 - 서비스,4588피피더블유인터랙티브 이강호 100 프로모션 이벤트 양재동 281 성호빌딩 5층 한국외국어 능력개발원 나동균 100 외국어 교육 컨설팅 서초동... 의한 자산운용업무 삼성동 143-40 현대스위스타워 16층 홍천개발 허일영 200 체육시설 당산동6가 341-2 ◇ 문의＝디앤비코리아(02)2122 - 2536,http://news.mk.co.kr/news_forward.php?no=420483&year=2008,
