company_id,company_name,news_title,news_text,news_url,posted_at
3782,삼성문화재단,"죽음 이후 궁극의 삶… 극락의 첫 장면 ‘내영도’, 한·일의 차이는 [일본 속...","오른쪽은삼성문화재단소장 ‘아미타삼존도’. 세계일보 자료사진·문화재청 부드러운 위엄이 서린 표정의 아미타여래, 왕생자를 바라보는 듯 얼굴을 오른쪽으로 돌렸다. 발은 얼굴과 반대 방향을 향하고 있다. 함께 극락으로 갈 것이라는 의지, 혹은 함께 가자는 권유의 의사를 표현했다. 가로 1m, 세로 2m 정도...",http://www.segye.com/newsView/20240511502036?OutUrl=naver,2024-05-11 19:18
3782,삼성문화재단,이재용 2억·최태원 15억…총수들 기부 행렬,이재용삼성전자 회장과 최태원 SK그룹 회장 등이 지난해 본인 사재를 털어 공익재단에 수 억 원을 기부한 것으로 나타났다. 8일 국세청... 김승연 한화그룹 회장은 세 아들과 함께 보유하고 있던 토지와 코스닥 상장사 주식 등 8억 6031만 원 어치의 현물을 한화문화재단에 증여했다. 한편 구광모 LG그룹...,https://www.munhwa.com/news/view.html?no=2024050801039910181002,
3782,삼성문화재단,[부고] 이종혁(삼성전자 커뮤니케이션팀 프로)씨 동생상,"이종혁(삼성전자 커뮤니케이션팀 프로)씨 동생상 ▶이은지(구리문화재단문화사업팀 대리)씨 별세, 이종혁(삼성전자 커뮤니케이션팀 프로)씨 동생상, 정지은(한국경제신문 테크&사이언스부 기자)씨 시누이상=10일 오후 7시20분, 신촌세브란스병원 장례식장 8호실. 발인 13일",https://www.hankyung.com/article/202405112735i,2024-05-11 13:18
3782,삼성문화재단,"""주방 가격만 3억?""삼성도 점찍은 이탈리아 명품 가구 정체는","특히 올해는삼성전자가 유럽 빌트인 시장을 장악한 소식이 전해지면서 국내에서도 크게 화제가 됐습니다. 유럽인들의 ‘최애’ 브랜드인 밀레나... “1984년부터 40년이상 주방문화를 이끌어 가고 있습니다. 한국을 포함한 70개 이상의 나라에 수출을 하고 있고, 한국에는 손에 꼽을만큼 크고 아름다운 쇼룸을...",https://realty.chosun.com/site/data/html_dir/2024/05/10/2024051002204.html,2024-05-11 08:18
3782,삼성문화재단,"생명보험재단, 6년 간 초등학생 1만5000여명 디지털 교육 지원","삼성생명, 교보생명, 한화생명 등 19개의 생명보험회사들이 협력해 설립한 생명보험재단이 ‘생명숲 꿈이룸 지원사업’을 통해 지난 6년간 전국 지역아동센터 1316곳에서 1만 5272명의 초등학생을 지원하고 있다고 8일 밝혔다. 전국 지역아동센터 내 저소득, 다문화가정 등 교육 취약계층의 초등학생들을...",https://www.sedaily.com/NewsView/2D93XTMOOX,
3782,삼성문화재단,"[수성구 소식] 수성미래교육재단, 지역교육경쟁력 강화사업 추진","수성미래교육재단이 지역 미래인재 양성을 위해 2024년 지역교육경쟁력 강화사업으로 추진하는 '시동' 프로젝트에 지원한 팀이 프레젠테이션 발표를... 기업문화를 개선하는 사업이다. 수성구는 지역 기업을 대상으로 청년친화 조직문화조성, 신입직원의 직장 적응을 지원하는 온보딩 교육 프로그램을 제안해...",http://www.ilyoseoul.co.kr/news/articleView.html?idxno=487584,
3782,삼성문화재단,"[재계는 지금]삼성전자, OLED 모니터 글로벌 판매 1위 外","◆삼성전자, OLED 모니터 판매 1년 만에 글로벌 1위삼성전자는 글로벌 OLED 모니터 시장에서 1년 만에 글로벌 판매 1위를 달성했다고 8일 밝혔다.... ◆LG유플러스, 소아암 환아 대상 학습기회 제공·정서치유 나선다 LG유플러스는 사회적 소외계층의 교육격차를 해소하고자재단법인 한국소아암재단...",https://dealsite.co.kr/articles/122235,
3782,삼성문화재단,“삼성다니는 엄마라 뿌듯…우리 아이 이런 곳에서 뛰어 놀아요” [0.7의 경...,아이들이 굳이 밖으로 나가지 않고 어린이집 안에서도 다양한문화활동을 체험할 수 있도록 내부에 공연장을 만든 것이다. 주차장 없애고 어린이집... 교사 전용 휴게공간을 따로 마련하고 있으며삼성복지재단으로부터 ‘비타민캠프’라는 이름으로 일종의 교사 힐링 프로그램도 제공받고 있다. 김 원장은...,http://news.heraldcorp.com/view.php?ud=20240503050672,
3782,삼성문화재단,"이재용 회장, 호암재단에 3년째 후원",이재용삼성전자 회장이 지난해 호암재단에 개인 자격으로 2억원을 기부한 것으로 나타났다. 2021년부터 3년째 실명 기부를 이어오고 있다. 2일... 한화그룹의 김승연 회장은 세 아들과 함께 보유하고 있던 토지와 코스닥 상장사 주식 등 약 9억6000만원어치의 현물을 한화문화재단에 증여했다.,https://www.kmib.co.kr/article/view.asp?arcid=1714638214&code=11151400&cp=nv,
3782,삼성문화재단,"삼성문화재단, 한남동에 음악 중심 복합문화공간 '사운즈S' 개관","삼성문화재단은 오는 22일 리움미술관 부근에 강연, 녹음 등이 가능한 50석 규모의 '사운즈S'를 개관한다고 15일 밝혔다. 사운즈S의 'S'는 예술가와 청중을 위한 진지한(Sincere) 커뮤니티를 지향하며, 예술가들의 다채로운(Spectrum) 이야기가 공존하고, 세계를 놀라게 하는 뛰어난(Superior) 한국인 예술가들이...",https://www.yna.co.kr/view/AKR20240415070700005?input=1195m,
