company_id,company_name,news_title,news_text,news_url,posted_at
1734,선영인쇄,[부고종합] 조영훈(국제신문인쇄사업국장)씨 부친상 외,"△조원현(창녕조씨 진사공파 전종회장)씨 별세, 조영훈(국제신문인쇄사업국장)씨 부친상, 나영숙(부산 산림교육센터 교육운영국장)씨 시부상, 조미란(양산세무서)·미혜(동상초동학교 교사)씨 조부상 = 4일, 밀양 한솔장례식장 VIP 1호실, 발인 7일 오전 7시, 장지 밀양선영. 010-3562-6297. △권오정(전...",http://www.dt.co.kr/contents.html?article_no=2023020602102119807002&ref=naver,
1734,선영인쇄,[부고] 조영훈(국제신문인쇄사업국장)씨 부친상,"▲ 조원현(창녕조씨 진사공파 전종회장)씨 별세, 조영훈(국제신문인쇄사업국장)씨 부친상, 나영숙(부산 산림교육센터 교육운영국장)씨 시부상, 조미란(양산세무서)·조미혜(동상초동학교 교사)씨 조부상 = 4일, 밀양 한솔장례식장 VIP 1호실, 발인 7일 오전 7시, 장지 밀양선영. ☎ 010-3562-6297 (부산...",https://www.yna.co.kr/view/AKR20230204039000051?input=1195m,
1734,선영인쇄,[인천미디어변천사] 대중일보 사람들 (1),"오오사카마이니치신문에서인쇄기술을 익히고 인천으로 돌아와서 1924년 내리교회 앞에서인쇄소선영사를 설립했다. 대중일보 공무국장으로 창간에 참여했고, 1950년에 인천신보의 부사장 겸 편집인을 역임했다.인쇄소를 운영하던 이종윤이 대중일보에 참가한 것은 해방 직후 혼란기에 인천에서 신속하게...",http://www.incheontoday.com/news/articleView.html?idxno=217354,
1734,선영인쇄,문서화인쇄폰트 크기 [부고] 권세호(한국철도공사 상임감사위원)씨 부친상,"▲ 권기헌씨 별세, 권세호(한국철도공사 상임감사위원)·권봉식(트임성형외과 원장)씨 부친상 = 26일 오후 11시55분, 서울아산병원 장례식장 35호실, 발인 29일 오전 5시, 장지 경북 문경선영. ☎ 02-3010-2000 강지용 빅데이터뉴스 기자",http://www.thebigdata.co.kr/view.php?ud=2023102717391324173e9bb86c69_23,
1734,선영인쇄,[문건汶楗 풍수유람] 29. '동원 참치' 원양어업의 개척자 김재철선영,비파산(琵琶山)의 동남쪽 끝자락에 자리한 김재철 회장의 옛집과선영을 찾아갔다. 김재철 생가. 강진군 군동면 금강리. 그의 생가는 마을에서도 안쪽... 이학수는 5·16때 혁명공약과 포고문을인쇄했던 사람이다. 큰 돈을 벌기위해 고려원양을 설립하고 김재철에게 집요하게 러브콜을 보낸다. 1965년 30세의...,http://www.kado.net/news/articleView.html?idxno=1168684,
1734,선영인쇄,[부고] 조영훈(국제신문인쇄사업국장)씨 부친,"△조원현(창녕 조씨 진사공파 전종회장)씨 4일 별세. 조영훈(국제신문인쇄사업국장)씨 부친, 나영숙(부산 산림교육센터 교육운영국장)씨 시부, 조미란(양산세무서)·미혜(동상초등학교 교사) 씨 조부. 빈소 경남 밀양 한솔장례식장 VIP 1호실. 발인 7일 오전 7시. 장지 밀양선영. 010-3562-6297.",https://www.busan.com/view/busan/view.php?code=2023020614071723581,
1734,선영인쇄,[부고] 정준호(원기획인쇄대표)씨 부친상,"△정문조씨 9일 별세, 준호(원기획인쇄대표)·광호(미림산업 대표)·명호(르노코리아자동차서비스 청도점 대표)·태호((주)칼라원 대표)씨 부친상=발인, 11일 오후 12시 40분 경산 옥산전문장례식장 201호. 발인, 경북 영천 신령선영.",https://www.yeongnam.com/web/view.php?key=20221109010001183,
1734,선영인쇄,경남의 고문헌 [8]청파 이륙이 지은 이야기책 '청파극담',청파집에 수록된 청파극담 경상국립대 고문헌도서관 소장 고성이씨 월당선영과 영월재 청파집인쇄에 사용된 목판 ◇가면이야기 이륙이 경기도 광주에 사는 노인에게 들은 이야기다. 가면을 좋아하는 이웃 사람이 나무로 만든 이상한 가면을 발견하고 이를 얼굴에 썼다. 그런데 그 사람은 병에 걸려 시름시름...,http://www.gnnews.co.kr/news/articleView.html?idxno=527016,
1734,선영인쇄,문서화인쇄폰트 크기 '조순학파' 김종인·유승민 등 각계 인사 조문 행렬,"이날 오전 11시께는 아들, 며느리, 손자 등 유족들이 참관한 가운데 입관식이 치러졌다. 한국 경제학계의 거목인 고인은 전날 새벽 향년 94세를 일기로 별세했다. 빈소는 서울아산병원 장례식장 30호실에 마련됐으며 발인은 25일 오전 7시 20분이다. 장지는 강릉선영이다.",https://www.jeonmae.co.kr/news/articleView.html?idxno=897933,
1734,선영인쇄,[인천미디어변천사] 대중일보와 인천신문의 창간,박문학교 출신인 이종윤은 <오오사카마이니치신문(大阪每日新聞)>에서인쇄기술을 배운 후 인천에 돌아와서 내리교회 앞에서선영사를 운영했다.인쇄소를 구하지 못해 복간이 늦어졌던 <조선일보>나 <동아일보> 보다 인천에서 <대중일보>가 먼저 창간할 수 있었다. <대중일보>는 처음 궁정(宮町)에 사옥을...,http://www.incheontoday.com/news/articleView.html?idxno=216319,
