company_id,company_name,news_title,news_text,news_url,posted_at
12731,윈즈시스템,"SYSTRAN, 미 국방부 트레이드윈즈솔루션 마켓플레이스에서 'Awardable' 등급...","시스트란 by 챕스비전의 제품을 살펴보고자 하는 정부 고객은 트레이드윈즈솔루션 마켓플레이스에서 피치시스템에 액세스하여 정보에 기반한 의사 결정을 내리고 업계와 정부 이해관계자 간의 협업을 촉진할 수 있다. 결론적으로, 트레이드윈즈솔루션 마켓플레이스에서 ' Awardable ' 등급을 획득한...",https://idsn.co.kr/news/view/1065587991005319,
12731,윈즈시스템,"""당한 지 모르고 당했다""…'현대판 트로이목마' SW 공급망 공격 '비상'","개발사시스템에 침투해 악성코드를 SW에 심어놓거나 납품·유통하는 과정, 취약점 패치·유지보수(업데이트) 과정에서 변조하는 형태가 있다. 최근엔 범용으로 공개된SW(오픈소스)에 악성코드를 미리 심어 개발사들이 사용하도록 하는 경우도 있다. 솔라윈즈의 경우엔 SW업데이트를 악용했는데, 해커는...",https://www.newsis.com/view/?id=NISX20240418_0002705146&cID=10406&pID=13100,
12731,윈즈시스템,"""내년 SW공급망 절반 해킹 위험""…정부, 기업 위한 가이드라인 마련",2020년 12월 미국 정부 기관과 전 세계 기업들이 내부시스템에 설치한 솔라윈즈네트워크 모니터링 SW를 통해 대규모 사이버 공격을 받은 사건이 대표적이다. 해커가 변조한 업데이트 파일을 내려받은 1만여 개 기업·기관이 손해를 봤다. 가트너는 내년까지 전 세계 조직의 45%가 SW 공급망 공격을 당할...,https://www.hankyung.com/article/2024051239431,
12731,윈즈시스템,"솔라윈즈플랫폼에서 발견된 초고위험도 취약점,시스템장악 가능케 해","데이터와 파일,시스템에 대한 접근 권한을 관리하고 설정하는 데 사용된다. 약 3년 전, ‘솔라윈즈사태’ 덕분에 주목을 받은 바 있기도 하다. 솔라윈즈사태는 소프트웨어 공급망을 통해 사용자 기업들을 침해한 사건으로, 이제 공급망 공격의 대명사처럼 여겨지는 용어다. 이 때문에...",http://www.boannews.com/media/view.asp?idx=122908&kind=,
12731,윈즈시스템,"솔라윈즈, 솔라윈즈라이트 버전 출시","IT 통합 관리 소프트웨어 업체 솔라윈즈는 기업의 IT를 손쉽게 관리할 수 있도록 네트워크의 신규·변경 시에 네트워크 구성 등을 자동으로 그려주는 NTM(Network Topology Mapper) 등 9종의 IT관리시스템솔라윈즈라이트 버전을 출시했다고 9일 밝혔다. 솔라윈즈솔루션은 점점 복잡, 다양해지는 IT환경을 고객...",https://www.etnews.com/20230509000086,
12731,윈즈시스템,"솔라윈즈, 차세대 빌드시스템선봬",특히 솔라윈즈는 차세대 빌드시스템을 '시큐어 바이 디자인'의 네 가지 핵심 철학인 ▲동적 운영 ▲체계적 빌드 프로덕트 ▲동시다발적 빌드 프로세스 ▲상세 기록과 일치시켰다고 강조했다. 차세대 빌드시스템은 개발 환경의 무결성 강화를 위한 새로운 소프트웨어 개발 방법과 기술 모두 포함한다....,http://www.datanet.co.kr/news/articleView.html?idxno=174657,
12731,윈즈시스템,"솔라윈즈, 차세대 ‘병렬 빌드’시스템발표… 보안 내재화에 총력","모두가 쓰는 인프라, 보안의 열쇠는 ‘협업’ 정리하자면 솔라윈즈의 새로운 빌드시스템은 다음의 4가지 보안 설계 원칙을 기반으로 구축됐다. 1. 동적인 작업 방식: 특정 작업을 완료한 후 자동으로 삭제되는 단기 소프트웨어 빌드 환경을 사용한다. 2. 체계적인 빌드시스템: 소프트웨어는 모두...",https://www.ciokorea.com/news/242784,
12731,윈즈시스템,"솔라윈즈, 신규 소프트웨어 개발시스템공개",차세대 구축시스템은 솔라윈즈를 포함한 여러 테크 기업을 공격했던 SUNBURST 사이버 공격에 대응하여 예상 시기보다 빨리 개발 작업이 이루어졌다. 차세대 구축시스템은 구축 환경의 무결성을 강화하기 위한 새로운 소프트웨어 개발 방법과 기술이 포함된다. 그중 주목되는 기능은 세계...,https://www.codingworldnews.com/news/articleView.html?idxno=10698,
12731,윈즈시스템,BIND DNS·엠엘소프트·솔라윈즈보안취약점 주의…최신 버전 사용해야,◆SolarWinds 제품 보안 업데이트 권고(2월 19일) 솔라윈즈(SolarWinds)는 자사 제품에서 발생하는 취약점을 해결한 보안 업데이트를 발표했다. 영향받는 버전을 사용 중인시스템사용자는 해결 방안에 따라 최신 버전으로 업데이트해야 안전할 수 있다. ARM에서 발생하는 신뢰할 수 없는 데이터의...,https://www.dailysecu.com/news/articleView.html?idxno=153796,
12731,윈즈시스템,"솔라윈즈관리자 도구에서 발견된 초고위험도 취약점, 원격 코드 실행 위험","솔라윈즈는 광범위한 IT 기능을 담당하는 관리 플랫폼을 운영한다. 데이터와 파일,시스템접근 권한을 관리하고 설정하는 등 기업 네트워크에 구축된 민감 정보를 취급하게 된다. 이번에 취약점이 발견된 ARM은 액세스 권한을 관리하는 관리자 도구로서, IT 인프라 절반에 걸쳐 접근권한 관리...",http://www.boannews.com/media/view.asp?idx=126951&kind=,
