company_id,company_name,news_title,news_text,news_url,posted_at
2462,방송문화미디어텍,"월간조선 출신 EBS 부사장, 구성원들 저지에 첫 출근 실패","이날 언론노조 KBS본부와 MBC본부, SBS본부, CBS지부, OBS지부, 아리랑TV지부, 연합뉴스TV지부, MBC플러스지부, EBS미디어지부, KBS방송차량지부. KBS미디어텍지... 김 전 편집장은 월간조선 재직 중이던 2016년 <내가 지구촌 전쟁종식과 세계평화운동에 뛰어든 이유>라는 제목으로 '하늘문화세계평화광복(HWPL)'이란...",https://www.mediatoday.co.kr/news/articleView.html?idxno=317784,
2462,방송문화미디어텍,[인사] 매일방송(MBN) / MBN미디어텍/ 삼성글로벌리서치 등,■매일방송(MBN) △시사제작국장직대 채수환 △디지털국장직대 이상훈 ◇부장 승진 △시사제작국 시사제작1부장 김명준 △시사제작국 시사제작2부장... 김희경 ■MBN미디어텍◇부국장 대우 승진 △기술국 보도기술부장 조선웅 ◇부장 승진 △영상제작국장직대 김종현 △영상제작국 영상편집부장 박상곤...,https://www.mk.co.kr/article/10888603,
2462,방송문화미디어텍,"[인사] 매일방송(MBN), MBN미디어텍, 행정안전부",보도국문화스포츠부장직대 전광열 △보도국 국제부장직대 한성원 △보도국 보도제작부장직대 김동환 △보도국 산업부 재계팀장 차민아 △제작국 제작3부장직대 권오용 △제작국 드라마부장직대 황혁 △디지털콘텐츠부장 겸 디지털뉴스부장 김성철 △심의실 시청자권익부장 석정혁 ◆ MBN미디어텍△기술국...,https://www.businesspost.co.kr/BP?command=article_view&num=334947,
2462,방송문화미디어텍,"G1방송, JTBC미디어텍, MBC충북, 채널A미디어텍, GS리테일 등 신입∙경력 모...","G1방송, JTBC미디어텍, MBC충북, 채널A미디어텍, GS리테일 등이 신입 및 경력 인재를 모집한다. ■ G1방송에서 2023년도 하반기 공개 채용을 한다. 근무... 이외에도 (주)허니팩토리, SBS, TV CHOSUN, (주)문화방송등에서 신입 및 경력 인재를 모집한다. 더 많은 채용공고와 세부 사항은 미디어잡 홈페이지에서...",https://www.foodneconomy.com/news/articleView.html?idxno=350267,
2462,방송문화미디어텍,"MBC미디어텍,문화방송과 기술 협약 체결","방송전문 시스템통합(SI)업체인 MBC미디어텍(대표 문정철)은 22일문화방송과방송시스템 개발과 공급에 관한 기술협약을 체결했다. 이번 기술 협약으로 MBC미디어텍은 디지털방송시스템을 자체 개발한문화방송의방송기술 역량을 활용해방송시스템 개발, 공급, 시설, 유지보수 등 토털 솔루션을...",https://n.news.naver.com/mnews/article/029/0000045835?sid=105,
2462,방송문화미디어텍,"㈜방송문화미디어텍, 6월 27일(월)까지 정규직 모집","㈜방송문화미디어텍에서 정규직 사원을 모집한다. 모집부문은 기획담당이며 지원자격은 대학(2,3년) 졸업자이다. 전형절차는 서류전형, 1차 실무진 면접, 2차 임원면접, 최종합격 순이며 접수는 6월 27일(월)까지 인크루트 홈페이지를 통해 자원 가능하다. <자료제공=인크루트>",http://www.ekn.kr/news/article.html?no=224012,
2462,방송문화미디어텍,새해부터 몰아친방송계 구조조정 '칼바람',JTBC는 지난해 10월 보도부문을 포함해 JTBC와 JTBC미디어텍등방송계열사 인력을 대상으로 대규모 희망퇴직을 시행했다. 2023년 520억원의 적자가... ⓒTBS문화체육관광부(이하 문체부) 산하 공공기관인 아리랑국제방송도 상황이 여의찮다. 지난달 21일 국회문화체육관광위원회는 2024년 정부의...,http://www.pdjournal.com/news/articleView.html?idxno=75640,
2462,방송문화미디어텍,[인사]문화체육관광부 외,▲문화체육관광부◇전보▷장애인문화예술과장 박기남▷문화시설기획과장 최영진▷콘텐츠금융지원과장 진재영▷관광개발과장 오진숙... 이지원◇JTBC미디어텍▷보도제작본부장 손준수▷보도제작팀장 박상훈▷영상제작팀장 박두안▷경영지원팀장 강용택◇SLL<제작부문>▷제작지원팀장 조아라▷IP사업팀장...,https://www.chosun.com/national/obituary-personnel/2024/01/01/Z6CBQKZCINEQPDESKMR4IZY36M/?utm_source=naver&utm_medium=referral&utm_campaign=naver-news,
2462,방송문화미디어텍,MBC미디어텍압수수색·간부 2명 체포,엠비시미디어텍은 <문화방송>이 1991년 텔레비전 중계 등을 위해 전액 출자해 만든 회사다. 검찰은 이에 앞서 공사비를 부풀려 비자금을 조성한 것으로 의심되는 하도급 업체 2곳을 압수수색했다. 이순혁 기자 hyuk@hani.co.kr 공식 SNS 계정: 트위터 www.twitter.com/hanitweet / 미투데이 http://me2day.net...,http://www.hani.co.kr/arti/society/media/427266.html,
2462,방송문화미디어텍,"언론노조 ""방송법 처리 이동관 탄핵"" 총력투쟁","KBS미디어텍KBS방송차량 KBS비즈니스 MBC C&I MBC넷 MBC플러스 SBSi SBS미디어넷 SKY TV SMR) △인쇄협의회(경향신문지부 국민일보지부... 한국출판문화산업진흥원지부, 홈앤쇼핑지부, EBS미디어지부, MBC방송차량서비스지부, MBC아카데미지부, MBC아트지부, MBN지부, SBS방송차량서비스지부) △대구경북협의회...",http://www.mediatoday.co.kr/news/articleView.html?idxno=313661,
