company_id,company_name,news_title,news_text,news_url,posted_at
2516,한빛미디어,시흥 거북섬 유휴 공간에 '뮤지엄' 개관...문화 갈증 해소 (B tv한빛뉴스),미디어아트 기술을 활용한 상설전시관인 '본 다빈치 뮤지엄'이 문을 열었는데요. 전시 시설 같은 문화 시설이 부족했던 시흥 지역에 새로운 문화공간이... B tv 뉴스 조윤주입니다. 영상취재: 이병권 #시흥시 #시화호 #거북섬 #본다빈치뮤지엄 #본다빈치 #시화MTV #인상파 #SK브로드밴드 #한빛방송 #Btv뉴스 #,http://ch1.skbroadband.com/content/view?parent_no=24&content_no=59&p_no=169745,
2516,한빛미디어,[제주소식] 제주아트센터 '태권무한빛시즌3' 공연,제주시는 5월 가정의 달을 맞아 온 가족이 즐길 역동적인 무대 '태권무한빛시즌3-태권예술로 제주를 품다'를 5월 11일 오후 7시 제주아트센터에서... 태권도 공연 전문 배우들과 리틀와이킥 공연단이 함께하는 이번 무대는 전년보다 더욱 강력한 액션과 몰입형미디어아트 등을 더해 풍성한 볼거리를...,https://www.yna.co.kr/view/AKR20240422088000056?input=1195m,
2516,한빛미디어,[뉴공 아카이브]박태웅한빛미디어의장: 360도 회전 휴머노이드 로봇의 등장...,"아래 인터뷰는 2024년 4월 25일자, ""김어준의 겸손은힘들다 뉴스공장"" 방송분입니다. 신속한 정보 제공을 위해 녹취에는 내용 이해에 무리가 없는 범위 내, 약간의 오타가 있을 수 있으니 이 점 양해 부탁드립니다.* 내용 인용 시 [김어준의 겸손은힘들다 뉴스공장] 인터뷰 내용임을 밝혀 주시기 바랍니다. ▶김어준...",http://www.ddanzi.com/807577741,
2516,한빛미디어,안산...민주당 새 인물로 압승 (B tv한빛뉴스),"[김현 / 더불어민주당 안산시을 당선인] ""미디어문제가 매우 심각합니다. MBC, KBS, YTN, 이런 방송사의 무도한 윤석열 정부의 탄압에 대해서 첫 번째로 법과... B tv뉴스 이제문입니다. 영상취재: 김동휘 기자 #제22대국회의원선거 #안산시당선인 #양문석 #김현 #박해철 #SK브로드밴드 #한빛방송 #Btv뉴스 # #총선",http://ch1.skbroadband.com/content/view?parent_no=24&content_no=59&p_no=168853,
2516,한빛미디어,"한빛미디어, '스타트업 서바이벌' 출간","한빛미디어는 스타트업 서바이벌을 출간했다고 14일 밝혔다. 신간은 △창업 5년차까지 많이 겪는 리스크 △스타트업 실전 꿀팁 △회사 운영 방안 △투자유치와 관리 △준비사항 등을 소개한다. 아샤그룹 이은영 대표, 이규원 이사가 공동 집필했다. 이은영 대표는 “이 책을 쓴 이유는 나처럼 사업 초반에 너무...",https://www.etnews.com/20240314000092,
2516,한빛미디어,"코드스테이츠-한빛미디어, IT·SW 인재양성 위해 '맞손'","IT 인재양성 스타트업 코드스테이츠는 23일 출판사한빛미디어와 SW 인재양성을 위한 업무협약을 체결했다고 밝혔다. 협약식은 코드스테이츠 김인기 대표, 김준성 COS, 문숙희 커뮤니티팀 팀장,한빛미디어김태헌 대표, 김수보 디지털콘텐츠개발연구소장 등 양사 주요 관계자들이 참석한 가운데 서울...",https://www.khgames.co.kr/news/articleView.html?idxno=213659,
2516,한빛미디어,대전한빛탑 물빛광장 ’미디어아트 공연장’으로 새단장,"대전관광공사는 엑스포과학공원한빛탑 물빛광장에 음악분수,한빛탑미디어파사드에 이어 레이저와 고보조명을 추가 설치해미디어아트 공연장으로 새롭게 단장했다고 14일 밝혔다. 야간경관 특화 사업으로 추진한 레이저는한빛탑 전망대 아래에서 통합시스템으로 연출되며 여러 모양의 빛을 내뿜으며...",https://www.news1.kr/articles/5320506,
2516,한빛미디어,‘엑스포한빛광장’미디어아트 공연장으로 새롭게 단장,"대전관광공사에 따르면 엑스포과학공원 특화사업 일환으로한빛탑 물빛광장에 음악분수,한빛탑미디어파사드에 이어 레이저와 고보조명을 추가 설치하여미디어아트 공연장으로 새롭게 단장했다고 14일 밝혔다. 이번 야간경관...",http://www.breaknews.com/1015756,
2516,한빛미디어,[뉴공 아카이브]박태웅한빛미디어의장: ‘선거 딥페이크’ 비상..네카오·메...,"박태웅한빛 미디어의장 나오셨습니다. 안녕하십니까.▷박태웅 : 안녕하십니까?▶김어준 : 이거 우리가 2년 전에도 이야기했었는데, 그때도 걱정했는데 지금은 차원이 달라지고 있고.▷박태웅 : 아 지금은 뭐▶김어준 : 상상할 수 없을 정도의▷박태웅 : 상상할 수 없어요.▶김어준 : 이게 되나? 그것도...",http://www.ddanzi.com/799244585,
2516,한빛미디어,"인크루트,한빛미디어와 함께 직무유형별 MBTI 테스트 이벤트 진행","인크루트,한빛미디어와 함께 직무유형별 MBTI 테스트 이벤트 진행/인크루트 HR테크 기업 인크루트는 국내 출판사인한빛미디어(대표 김태헌)와 함께 자사 회원들을 대상으로 '직무유형별 MBTI 테스트' 이벤트를 진행한다고 6일 밝혔다. 이번 이벤트는 지난달 15일에 오픈한 자사 'MBTI 테스트'를 회원들에게...",http://www.metroseoul.co.kr/article/20230406500054,
